solid Mesh
  facet normal -0.0218137 0.999762 0
    outer loop
      vertex -0.0125 0.007 0
      vertex -0.0125 0.007 0.025
      vertex -0.0122601 0.00700523 0
    endloop
  endfacet
  facet normal -0.0218137 0.999762 0
    outer loop
      vertex -0.0125 0.007 0.025
      vertex -0.0122601 0.00700523 0.025
      vertex -0.0122601 0.00700523 0
    endloop
  endfacet
  facet normal -0.0654044 0.997859 0
    outer loop
      vertex -0.0122601 0.00700523 0
      vertex -0.0122601 0.00700523 0.025
      vertex -0.0120206 0.00702093 0
    endloop
  endfacet
  facet normal -0.0654044 0.997859 0
    outer loop
      vertex -0.0122601 0.00700523 0.025
      vertex -0.0120206 0.00702093 0.025
      vertex -0.0120206 0.00702093 0
    endloop
  endfacet
  facet normal -0.108867 0.994056 0
    outer loop
      vertex -0.0120206 0.00702093 0
      vertex -0.0120206 0.00702093 0.025
      vertex -0.0117821 0.00704705 0
    endloop
  endfacet
  facet normal -0.108867 0.994056 0
    outer loop
      vertex -0.0120206 0.00702093 0.025
      vertex -0.0117821 0.00704705 0.025
      vertex -0.0117821 0.00704705 0
    endloop
  endfacet
  facet normal -0.152124 0.988361 0
    outer loop
      vertex -0.0117821 0.00704705 0
      vertex -0.0117821 0.00704705 0.025
      vertex -0.0115449 0.00708356 0
    endloop
  endfacet
  facet normal -0.152124 0.988361 0
    outer loop
      vertex -0.0117821 0.00704705 0.025
      vertex -0.0115449 0.00708356 0.025
      vertex -0.0115449 0.00708356 0
    endloop
  endfacet
  facet normal -0.195089 0.980786 0
    outer loop
      vertex -0.0115449 0.00708356 0
      vertex -0.0115449 0.00708356 0.025
      vertex -0.0113096 0.00713037 0
    endloop
  endfacet
  facet normal -0.195089 0.980786 0
    outer loop
      vertex -0.0115449 0.00708356 0.025
      vertex -0.0113096 0.00713037 0.025
      vertex -0.0113096 0.00713037 0
    endloop
  endfacet
  facet normal -0.237686 0.971342 0
    outer loop
      vertex -0.0113096 0.00713037 0
      vertex -0.0113096 0.00713037 0.025
      vertex -0.0110765 0.00718741 0
    endloop
  endfacet
  facet normal -0.237686 0.971342 0
    outer loop
      vertex -0.0113096 0.00713037 0.025
      vertex -0.0110765 0.00718741 0.025
      vertex -0.0110765 0.00718741 0
    endloop
  endfacet
  facet normal -0.27983 0.96005 0
    outer loop
      vertex -0.0110765 0.00718741 0
      vertex -0.0110765 0.00718741 0.025
      vertex -0.0108461 0.00725456 0
    endloop
  endfacet
  facet normal -0.27983 0.96005 0
    outer loop
      vertex -0.0110765 0.00718741 0.025
      vertex -0.0108461 0.00725456 0.025
      vertex -0.0108461 0.00725456 0
    endloop
  endfacet
  facet normal -0.321439 0.94693 0
    outer loop
      vertex -0.0108461 0.00725456 0
      vertex -0.0108461 0.00725456 0.025
      vertex -0.0106189 0.00733169 0
    endloop
  endfacet
  facet normal -0.321439 0.94693 0
    outer loop
      vertex -0.0108461 0.00725456 0.025
      vertex -0.0106189 0.00733169 0.025
      vertex -0.0106189 0.00733169 0
    endloop
  endfacet
  facet normal -0.362439 0.932008 0
    outer loop
      vertex -0.0106189 0.00733169 0
      vertex -0.0106189 0.00733169 0.025
      vertex -0.0103952 0.00741866 0
    endloop
  endfacet
  facet normal -0.362439 0.932008 0
    outer loop
      vertex -0.0106189 0.00733169 0.025
      vertex -0.0103952 0.00741866 0.025
      vertex -0.0103952 0.00741866 0
    endloop
  endfacet
  facet normal -0.402746 0.915312 0
    outer loop
      vertex -0.0103952 0.00741866 0
      vertex -0.0103952 0.00741866 0.025
      vertex -0.0101756 0.00751531 0
    endloop
  endfacet
  facet normal -0.402746 0.915312 0
    outer loop
      vertex -0.0103952 0.00741866 0.025
      vertex -0.0101756 0.00751531 0.025
      vertex -0.0101756 0.00751531 0
    endloop
  endfacet
  facet normal -0.442289 0.896873 0
    outer loop
      vertex -0.0101756 0.00751531 0
      vertex -0.0101756 0.00751531 0.025
      vertex -0.00996038 0.00762144 0
    endloop
  endfacet
  facet normal -0.442289 0.896873 0
    outer loop
      vertex -0.0101756 0.00751531 0.025
      vertex -0.00996038 0.00762144 0.025
      vertex -0.00996038 0.00762144 0
    endloop
  endfacet
  facet normal -0.480989 0.876726 0
    outer loop
      vertex -0.00996038 0.00762144 0
      vertex -0.00996038 0.00762144 0.025
      vertex -0.00975 0.00773686 0
    endloop
  endfacet
  facet normal -0.480989 0.876726 0
    outer loop
      vertex -0.00996038 0.00762144 0.025
      vertex -0.00975 0.00773686 0.025
      vertex -0.00975 0.00773686 0
    endloop
  endfacet
  facet normal -0.518773 0.854912 0
    outer loop
      vertex -0.00975 0.00773686 0
      vertex -0.00975 0.00773686 0.025
      vertex -0.00954485 0.00786135 0
    endloop
  endfacet
  facet normal -0.518773 0.854912 0
    outer loop
      vertex -0.00975 0.00773686 0.025
      vertex -0.00954485 0.00786135 0.025
      vertex -0.00954485 0.00786135 0
    endloop
  endfacet
  facet normal -0.55557 0.831469 0
    outer loop
      vertex -0.00954485 0.00786135 0
      vertex -0.00954485 0.00786135 0.025
      vertex -0.00934533 0.00799466 0
    endloop
  endfacet
  facet normal -0.55557 0.831469 0
    outer loop
      vertex -0.00954485 0.00786135 0.025
      vertex -0.00934533 0.00799466 0.025
      vertex -0.00934533 0.00799466 0
    endloop
  endfacet
  facet normal -0.591308 0.806445 0
    outer loop
      vertex -0.00934533 0.00799466 0
      vertex -0.00934533 0.00799466 0.025
      vertex -0.00915181 0.00813656 0
    endloop
  endfacet
  facet normal -0.591308 0.806445 0
    outer loop
      vertex -0.00934533 0.00799466 0.025
      vertex -0.00915181 0.00813656 0.025
      vertex -0.00915181 0.00813656 0
    endloop
  endfacet
  facet normal -0.625924 0.779884 0
    outer loop
      vertex -0.00915181 0.00813656 0
      vertex -0.00915181 0.00813656 0.025
      vertex -0.00896467 0.00828676 0
    endloop
  endfacet
  facet normal -0.625924 0.779884 0
    outer loop
      vertex -0.00915181 0.00813656 0.025
      vertex -0.00896467 0.00828676 0.025
      vertex -0.00896467 0.00828676 0
    endloop
  endfacet
  facet normal -0.659346 0.75184 0
    outer loop
      vertex -0.00896467 0.00828676 0
      vertex -0.00896467 0.00828676 0.025
      vertex -0.00878425 0.00844497 0
    endloop
  endfacet
  facet normal -0.659346 0.75184 0
    outer loop
      vertex -0.00896467 0.00828676 0.025
      vertex -0.00878425 0.00844497 0.025
      vertex -0.00878425 0.00844497 0
    endloop
  endfacet
  facet normal -0.691513 0.722364 0
    outer loop
      vertex -0.00878425 0.00844497 0
      vertex -0.00878425 0.00844497 0.025
      vertex -0.00861091 0.00861091 0
    endloop
  endfacet
  facet normal -0.691513 0.722364 0
    outer loop
      vertex -0.00878425 0.00844497 0.025
      vertex -0.00861091 0.00861091 0.025
      vertex -0.00861091 0.00861091 0
    endloop
  endfacet
  facet normal -0.722364 0.691513 0
    outer loop
      vertex -0.00861091 0.00861091 0
      vertex -0.00861091 0.00861091 0.025
      vertex -0.00844497 0.00878425 0
    endloop
  endfacet
  facet normal -0.722364 0.691513 0
    outer loop
      vertex -0.00861091 0.00861091 0.025
      vertex -0.00844497 0.00878425 0.025
      vertex -0.00844497 0.00878425 0
    endloop
  endfacet
  facet normal -0.75184 0.659346 0
    outer loop
      vertex -0.00844497 0.00878425 0
      vertex -0.00844497 0.00878425 0.025
      vertex -0.00828676 0.00896467 0
    endloop
  endfacet
  facet normal -0.75184 0.659346 0
    outer loop
      vertex -0.00844497 0.00878425 0.025
      vertex -0.00828676 0.00896467 0.025
      vertex -0.00828676 0.00896467 0
    endloop
  endfacet
  facet normal -0.779884 0.625924 0
    outer loop
      vertex -0.00828676 0.00896467 0
      vertex -0.00828676 0.00896467 0.025
      vertex -0.00813656 0.00915181 0
    endloop
  endfacet
  facet normal -0.779884 0.625924 0
    outer loop
      vertex -0.00828676 0.00896467 0.025
      vertex -0.00813656 0.00915181 0.025
      vertex -0.00813656 0.00915181 0
    endloop
  endfacet
  facet normal -0.806445 0.591308 0
    outer loop
      vertex -0.00813656 0.00915181 0
      vertex -0.00813656 0.00915181 0.025
      vertex -0.00799466 0.00934533 0
    endloop
  endfacet
  facet normal -0.806445 0.591308 0
    outer loop
      vertex -0.00813656 0.00915181 0.025
      vertex -0.00799466 0.00934533 0.025
      vertex -0.00799466 0.00934533 0
    endloop
  endfacet
  facet normal -0.831469 0.55557 0
    outer loop
      vertex -0.00799466 0.00934533 0
      vertex -0.00799466 0.00934533 0.025
      vertex -0.00786135 0.00954485 0
    endloop
  endfacet
  facet normal -0.831469 0.55557 0
    outer loop
      vertex -0.00799466 0.00934533 0.025
      vertex -0.00786135 0.00954485 0.025
      vertex -0.00786135 0.00954485 0
    endloop
  endfacet
  facet normal -0.854912 0.518773 0
    outer loop
      vertex -0.00786135 0.00954485 0
      vertex -0.00786135 0.00954485 0.025
      vertex -0.00773686 0.00975 0
    endloop
  endfacet
  facet normal -0.854912 0.518773 0
    outer loop
      vertex -0.00786135 0.00954485 0.025
      vertex -0.00773686 0.00975 0.025
      vertex -0.00773686 0.00975 0
    endloop
  endfacet
  facet normal -0.876726 0.480989 0
    outer loop
      vertex -0.00773686 0.00975 0
      vertex -0.00773686 0.00975 0.025
      vertex -0.00762144 0.00996038 0
    endloop
  endfacet
  facet normal -0.876726 0.480989 0
    outer loop
      vertex -0.00773686 0.00975 0.025
      vertex -0.00762144 0.00996038 0.025
      vertex -0.00762144 0.00996038 0
    endloop
  endfacet
  facet normal -0.896873 0.442289 0
    outer loop
      vertex -0.00762144 0.00996038 0
      vertex -0.00762144 0.00996038 0.025
      vertex -0.00751531 0.0101756 0
    endloop
  endfacet
  facet normal -0.896873 0.442289 0
    outer loop
      vertex -0.00762144 0.00996038 0.025
      vertex -0.00751531 0.0101756 0.025
      vertex -0.00751531 0.0101756 0
    endloop
  endfacet
  facet normal -0.915312 0.402746 0
    outer loop
      vertex -0.00751531 0.0101756 0
      vertex -0.00751531 0.0101756 0.025
      vertex -0.00741866 0.0103952 0
    endloop
  endfacet
  facet normal -0.915312 0.402746 0
    outer loop
      vertex -0.00751531 0.0101756 0.025
      vertex -0.00741866 0.0103952 0.025
      vertex -0.00741866 0.0103952 0
    endloop
  endfacet
  facet normal -0.932008 0.362439 0
    outer loop
      vertex -0.00741866 0.0103952 0
      vertex -0.00741866 0.0103952 0.025
      vertex -0.00733169 0.0106189 0
    endloop
  endfacet
  facet normal -0.932008 0.362439 0
    outer loop
      vertex -0.00741866 0.0103952 0.025
      vertex -0.00733169 0.0106189 0.025
      vertex -0.00733169 0.0106189 0
    endloop
  endfacet
  facet normal -0.94693 0.321439 0
    outer loop
      vertex -0.00733169 0.0106189 0
      vertex -0.00733169 0.0106189 0.025
      vertex -0.00725456 0.0108461 0
    endloop
  endfacet
  facet normal -0.94693 0.321439 0
    outer loop
      vertex -0.00733169 0.0106189 0.025
      vertex -0.00725456 0.0108461 0.025
      vertex -0.00725456 0.0108461 0
    endloop
  endfacet
  facet normal -0.96005 0.27983 0
    outer loop
      vertex -0.00725456 0.0108461 0
      vertex -0.00725456 0.0108461 0.025
      vertex -0.00718741 0.0110765 0
    endloop
  endfacet
  facet normal -0.96005 0.27983 0
    outer loop
      vertex -0.00725456 0.0108461 0.025
      vertex -0.00718741 0.0110765 0.025
      vertex -0.00718741 0.0110765 0
    endloop
  endfacet
  facet normal -0.971342 0.237686 0
    outer loop
      vertex -0.00718741 0.0110765 0
      vertex -0.00718741 0.0110765 0.025
      vertex -0.00713037 0.0113096 0
    endloop
  endfacet
  facet normal -0.971342 0.237686 0
    outer loop
      vertex -0.00718741 0.0110765 0.025
      vertex -0.00713037 0.0113096 0.025
      vertex -0.00713037 0.0113096 0
    endloop
  endfacet
  facet normal -0.980786 0.195089 0
    outer loop
      vertex -0.00713037 0.0113096 0
      vertex -0.00713037 0.0113096 0.025
      vertex -0.00708356 0.0115449 0
    endloop
  endfacet
  facet normal -0.980786 0.195089 0
    outer loop
      vertex -0.00713037 0.0113096 0.025
      vertex -0.00708356 0.0115449 0.025
      vertex -0.00708356 0.0115449 0
    endloop
  endfacet
  facet normal -0.988361 0.152124 0
    outer loop
      vertex -0.00708356 0.0115449 0
      vertex -0.00708356 0.0115449 0.025
      vertex -0.00704705 0.0117821 0
    endloop
  endfacet
  facet normal -0.988361 0.152124 0
    outer loop
      vertex -0.00708356 0.0115449 0.025
      vertex -0.00704705 0.0117821 0.025
      vertex -0.00704705 0.0117821 0
    endloop
  endfacet
  facet normal -0.994056 0.108867 0
    outer loop
      vertex -0.00704705 0.0117821 0
      vertex -0.00704705 0.0117821 0.025
      vertex -0.00702093 0.0120206 0
    endloop
  endfacet
  facet normal -0.994056 0.108867 0
    outer loop
      vertex -0.00704705 0.0117821 0.025
      vertex -0.00702093 0.0120206 0.025
      vertex -0.00702093 0.0120206 0
    endloop
  endfacet
  facet normal -0.997859 0.0654044 0
    outer loop
      vertex -0.00702093 0.0120206 0
      vertex -0.00702093 0.0120206 0.025
      vertex -0.00700523 0.0122601 0
    endloop
  endfacet
  facet normal -0.997859 0.0654044 0
    outer loop
      vertex -0.00702093 0.0120206 0.025
      vertex -0.00700523 0.0122601 0.025
      vertex -0.00700523 0.0122601 0
    endloop
  endfacet
  facet normal -0.999762 0.0218137 0
    outer loop
      vertex -0.00700523 0.0122601 0
      vertex -0.00700523 0.0122601 0.025
      vertex -0.007 0.0125 0
    endloop
  endfacet
  facet normal -0.999762 0.0218137 0
    outer loop
      vertex -0.00700523 0.0122601 0.025
      vertex -0.007 0.0125 0.025
      vertex -0.007 0.0125 0
    endloop
  endfacet
  facet normal 0.0218137 -0.999762 0
    outer loop
      vertex 0.0125 -0.007 0
      vertex 0.0125 -0.007 0.025
      vertex 0.0122601 -0.00700523 0
    endloop
  endfacet
  facet normal 0.0218137 -0.999762 0
    outer loop
      vertex 0.0125 -0.007 0.025
      vertex 0.0122601 -0.00700523 0.025
      vertex 0.0122601 -0.00700523 0
    endloop
  endfacet
  facet normal 0.0654044 -0.997859 0
    outer loop
      vertex 0.0122601 -0.00700523 0
      vertex 0.0122601 -0.00700523 0.025
      vertex 0.0120206 -0.00702093 0
    endloop
  endfacet
  facet normal 0.0654044 -0.997859 0
    outer loop
      vertex 0.0122601 -0.00700523 0.025
      vertex 0.0120206 -0.00702093 0.025
      vertex 0.0120206 -0.00702093 0
    endloop
  endfacet
  facet normal 0.108867 -0.994056 0
    outer loop
      vertex 0.0120206 -0.00702093 0
      vertex 0.0120206 -0.00702093 0.025
      vertex 0.0117821 -0.00704705 0
    endloop
  endfacet
  facet normal 0.108867 -0.994056 0
    outer loop
      vertex 0.0120206 -0.00702093 0.025
      vertex 0.0117821 -0.00704705 0.025
      vertex 0.0117821 -0.00704705 0
    endloop
  endfacet
  facet normal 0.152124 -0.988361 0
    outer loop
      vertex 0.0117821 -0.00704705 0
      vertex 0.0117821 -0.00704705 0.025
      vertex 0.0115449 -0.00708356 0
    endloop
  endfacet
  facet normal 0.152124 -0.988361 0
    outer loop
      vertex 0.0117821 -0.00704705 0.025
      vertex 0.0115449 -0.00708356 0.025
      vertex 0.0115449 -0.00708356 0
    endloop
  endfacet
  facet normal 0.195089 -0.980786 0
    outer loop
      vertex 0.0115449 -0.00708356 0
      vertex 0.0115449 -0.00708356 0.025
      vertex 0.0113096 -0.00713037 0
    endloop
  endfacet
  facet normal 0.195089 -0.980786 0
    outer loop
      vertex 0.0115449 -0.00708356 0.025
      vertex 0.0113096 -0.00713037 0.025
      vertex 0.0113096 -0.00713037 0
    endloop
  endfacet
  facet normal 0.237686 -0.971342 0
    outer loop
      vertex 0.0113096 -0.00713037 0
      vertex 0.0113096 -0.00713037 0.025
      vertex 0.0110765 -0.00718741 0
    endloop
  endfacet
  facet normal 0.237686 -0.971342 0
    outer loop
      vertex 0.0113096 -0.00713037 0.025
      vertex 0.0110765 -0.00718741 0.025
      vertex 0.0110765 -0.00718741 0
    endloop
  endfacet
  facet normal 0.27983 -0.96005 0
    outer loop
      vertex 0.0110765 -0.00718741 0
      vertex 0.0110765 -0.00718741 0.025
      vertex 0.0108461 -0.00725456 0
    endloop
  endfacet
  facet normal 0.27983 -0.96005 0
    outer loop
      vertex 0.0110765 -0.00718741 0.025
      vertex 0.0108461 -0.00725456 0.025
      vertex 0.0108461 -0.00725456 0
    endloop
  endfacet
  facet normal 0.321439 -0.94693 0
    outer loop
      vertex 0.0108461 -0.00725456 0
      vertex 0.0108461 -0.00725456 0.025
      vertex 0.0106189 -0.00733169 0
    endloop
  endfacet
  facet normal 0.321439 -0.94693 0
    outer loop
      vertex 0.0108461 -0.00725456 0.025
      vertex 0.0106189 -0.00733169 0.025
      vertex 0.0106189 -0.00733169 0
    endloop
  endfacet
  facet normal 0.362439 -0.932008 0
    outer loop
      vertex 0.0106189 -0.00733169 0
      vertex 0.0106189 -0.00733169 0.025
      vertex 0.0103952 -0.00741866 0
    endloop
  endfacet
  facet normal 0.362439 -0.932008 0
    outer loop
      vertex 0.0106189 -0.00733169 0.025
      vertex 0.0103952 -0.00741866 0.025
      vertex 0.0103952 -0.00741866 0
    endloop
  endfacet
  facet normal 0.402746 -0.915312 0
    outer loop
      vertex 0.0103952 -0.00741866 0
      vertex 0.0103952 -0.00741866 0.025
      vertex 0.0101756 -0.00751531 0
    endloop
  endfacet
  facet normal 0.402746 -0.915312 0
    outer loop
      vertex 0.0103952 -0.00741866 0.025
      vertex 0.0101756 -0.00751531 0.025
      vertex 0.0101756 -0.00751531 0
    endloop
  endfacet
  facet normal 0.442289 -0.896873 0
    outer loop
      vertex 0.0101756 -0.00751531 0
      vertex 0.0101756 -0.00751531 0.025
      vertex 0.00996038 -0.00762144 0
    endloop
  endfacet
  facet normal 0.442289 -0.896873 0
    outer loop
      vertex 0.0101756 -0.00751531 0.025
      vertex 0.00996038 -0.00762144 0.025
      vertex 0.00996038 -0.00762144 0
    endloop
  endfacet
  facet normal 0.480989 -0.876726 0
    outer loop
      vertex 0.00996038 -0.00762144 0
      vertex 0.00996038 -0.00762144 0.025
      vertex 0.00975 -0.00773686 0
    endloop
  endfacet
  facet normal 0.480989 -0.876726 0
    outer loop
      vertex 0.00996038 -0.00762144 0.025
      vertex 0.00975 -0.00773686 0.025
      vertex 0.00975 -0.00773686 0
    endloop
  endfacet
  facet normal 0.518773 -0.854912 0
    outer loop
      vertex 0.00975 -0.00773686 0
      vertex 0.00975 -0.00773686 0.025
      vertex 0.00954485 -0.00786135 0
    endloop
  endfacet
  facet normal 0.518773 -0.854912 0
    outer loop
      vertex 0.00975 -0.00773686 0.025
      vertex 0.00954485 -0.00786135 0.025
      vertex 0.00954485 -0.00786135 0
    endloop
  endfacet
  facet normal 0.55557 -0.831469 0
    outer loop
      vertex 0.00954485 -0.00786135 0
      vertex 0.00954485 -0.00786135 0.025
      vertex 0.00934533 -0.00799466 0
    endloop
  endfacet
  facet normal 0.55557 -0.831469 0
    outer loop
      vertex 0.00954485 -0.00786135 0.025
      vertex 0.00934533 -0.00799466 0.025
      vertex 0.00934533 -0.00799466 0
    endloop
  endfacet
  facet normal 0.591308 -0.806445 0
    outer loop
      vertex 0.00934533 -0.00799466 0
      vertex 0.00934533 -0.00799466 0.025
      vertex 0.00915181 -0.00813656 0
    endloop
  endfacet
  facet normal 0.591308 -0.806445 0
    outer loop
      vertex 0.00934533 -0.00799466 0.025
      vertex 0.00915181 -0.00813656 0.025
      vertex 0.00915181 -0.00813656 0
    endloop
  endfacet
  facet normal 0.625924 -0.779884 0
    outer loop
      vertex 0.00915181 -0.00813656 0
      vertex 0.00915181 -0.00813656 0.025
      vertex 0.00896467 -0.00828676 0
    endloop
  endfacet
  facet normal 0.625924 -0.779884 0
    outer loop
      vertex 0.00915181 -0.00813656 0.025
      vertex 0.00896467 -0.00828676 0.025
      vertex 0.00896467 -0.00828676 0
    endloop
  endfacet
  facet normal 0.659346 -0.75184 0
    outer loop
      vertex 0.00896467 -0.00828676 0
      vertex 0.00896467 -0.00828676 0.025
      vertex 0.00878425 -0.00844497 0
    endloop
  endfacet
  facet normal 0.659346 -0.75184 0
    outer loop
      vertex 0.00896467 -0.00828676 0.025
      vertex 0.00878425 -0.00844497 0.025
      vertex 0.00878425 -0.00844497 0
    endloop
  endfacet
  facet normal 0.691513 -0.722364 0
    outer loop
      vertex 0.00878425 -0.00844497 0
      vertex 0.00878425 -0.00844497 0.025
      vertex 0.00861091 -0.00861091 0
    endloop
  endfacet
  facet normal 0.691513 -0.722364 0
    outer loop
      vertex 0.00878425 -0.00844497 0.025
      vertex 0.00861091 -0.00861091 0.025
      vertex 0.00861091 -0.00861091 0
    endloop
  endfacet
  facet normal 0.722364 -0.691513 0
    outer loop
      vertex 0.00861091 -0.00861091 0
      vertex 0.00861091 -0.00861091 0.025
      vertex 0.00844497 -0.00878425 0
    endloop
  endfacet
  facet normal 0.722364 -0.691513 0
    outer loop
      vertex 0.00861091 -0.00861091 0.025
      vertex 0.00844497 -0.00878425 0.025
      vertex 0.00844497 -0.00878425 0
    endloop
  endfacet
  facet normal 0.75184 -0.659346 0
    outer loop
      vertex 0.00844497 -0.00878425 0
      vertex 0.00844497 -0.00878425 0.025
      vertex 0.00828676 -0.00896467 0
    endloop
  endfacet
  facet normal 0.75184 -0.659346 0
    outer loop
      vertex 0.00844497 -0.00878425 0.025
      vertex 0.00828676 -0.00896467 0.025
      vertex 0.00828676 -0.00896467 0
    endloop
  endfacet
  facet normal 0.779884 -0.625924 0
    outer loop
      vertex 0.00828676 -0.00896467 0
      vertex 0.00828676 -0.00896467 0.025
      vertex 0.00813656 -0.00915181 0
    endloop
  endfacet
  facet normal 0.779884 -0.625924 0
    outer loop
      vertex 0.00828676 -0.00896467 0.025
      vertex 0.00813656 -0.00915181 0.025
      vertex 0.00813656 -0.00915181 0
    endloop
  endfacet
  facet normal 0.806445 -0.591308 0
    outer loop
      vertex 0.00813656 -0.00915181 0
      vertex 0.00813656 -0.00915181 0.025
      vertex 0.00799466 -0.00934533 0
    endloop
  endfacet
  facet normal 0.806445 -0.591308 0
    outer loop
      vertex 0.00813656 -0.00915181 0.025
      vertex 0.00799466 -0.00934533 0.025
      vertex 0.00799466 -0.00934533 0
    endloop
  endfacet
  facet normal 0.831469 -0.55557 0
    outer loop
      vertex 0.00799466 -0.00934533 0
      vertex 0.00799466 -0.00934533 0.025
      vertex 0.00786135 -0.00954485 0
    endloop
  endfacet
  facet normal 0.831469 -0.55557 0
    outer loop
      vertex 0.00799466 -0.00934533 0.025
      vertex 0.00786135 -0.00954485 0.025
      vertex 0.00786135 -0.00954485 0
    endloop
  endfacet
  facet normal 0.854912 -0.518773 0
    outer loop
      vertex 0.00786135 -0.00954485 0
      vertex 0.00786135 -0.00954485 0.025
      vertex 0.00773686 -0.00975 0
    endloop
  endfacet
  facet normal 0.854912 -0.518773 0
    outer loop
      vertex 0.00786135 -0.00954485 0.025
      vertex 0.00773686 -0.00975 0.025
      vertex 0.00773686 -0.00975 0
    endloop
  endfacet
  facet normal 0.876726 -0.480989 0
    outer loop
      vertex 0.00773686 -0.00975 0
      vertex 0.00773686 -0.00975 0.025
      vertex 0.00762144 -0.00996038 0
    endloop
  endfacet
  facet normal 0.876726 -0.480989 0
    outer loop
      vertex 0.00773686 -0.00975 0.025
      vertex 0.00762144 -0.00996038 0.025
      vertex 0.00762144 -0.00996038 0
    endloop
  endfacet
  facet normal 0.896873 -0.442289 0
    outer loop
      vertex 0.00762144 -0.00996038 0
      vertex 0.00762144 -0.00996038 0.025
      vertex 0.00751531 -0.0101756 0
    endloop
  endfacet
  facet normal 0.896873 -0.442289 0
    outer loop
      vertex 0.00762144 -0.00996038 0.025
      vertex 0.00751531 -0.0101756 0.025
      vertex 0.00751531 -0.0101756 0
    endloop
  endfacet
  facet normal 0.915312 -0.402746 0
    outer loop
      vertex 0.00751531 -0.0101756 0
      vertex 0.00751531 -0.0101756 0.025
      vertex 0.00741866 -0.0103952 0
    endloop
  endfacet
  facet normal 0.915312 -0.402746 0
    outer loop
      vertex 0.00751531 -0.0101756 0.025
      vertex 0.00741866 -0.0103952 0.025
      vertex 0.00741866 -0.0103952 0
    endloop
  endfacet
  facet normal 0.932008 -0.362439 0
    outer loop
      vertex 0.00741866 -0.0103952 0
      vertex 0.00741866 -0.0103952 0.025
      vertex 0.00733169 -0.0106189 0
    endloop
  endfacet
  facet normal 0.932008 -0.362439 0
    outer loop
      vertex 0.00741866 -0.0103952 0.025
      vertex 0.00733169 -0.0106189 0.025
      vertex 0.00733169 -0.0106189 0
    endloop
  endfacet
  facet normal 0.94693 -0.321439 0
    outer loop
      vertex 0.00733169 -0.0106189 0
      vertex 0.00733169 -0.0106189 0.025
      vertex 0.00725456 -0.0108461 0
    endloop
  endfacet
  facet normal 0.94693 -0.321439 0
    outer loop
      vertex 0.00733169 -0.0106189 0.025
      vertex 0.00725456 -0.0108461 0.025
      vertex 0.00725456 -0.0108461 0
    endloop
  endfacet
  facet normal 0.96005 -0.27983 0
    outer loop
      vertex 0.00725456 -0.0108461 0
      vertex 0.00725456 -0.0108461 0.025
      vertex 0.00718741 -0.0110765 0
    endloop
  endfacet
  facet normal 0.96005 -0.27983 0
    outer loop
      vertex 0.00725456 -0.0108461 0.025
      vertex 0.00718741 -0.0110765 0.025
      vertex 0.00718741 -0.0110765 0
    endloop
  endfacet
  facet normal 0.971342 -0.237686 0
    outer loop
      vertex 0.00718741 -0.0110765 0
      vertex 0.00718741 -0.0110765 0.025
      vertex 0.00713037 -0.0113096 0
    endloop
  endfacet
  facet normal 0.971342 -0.237686 0
    outer loop
      vertex 0.00718741 -0.0110765 0.025
      vertex 0.00713037 -0.0113096 0.025
      vertex 0.00713037 -0.0113096 0
    endloop
  endfacet
  facet normal 0.980786 -0.195089 0
    outer loop
      vertex 0.00713037 -0.0113096 0
      vertex 0.00713037 -0.0113096 0.025
      vertex 0.00708356 -0.0115449 0
    endloop
  endfacet
  facet normal 0.980786 -0.195089 0
    outer loop
      vertex 0.00713037 -0.0113096 0.025
      vertex 0.00708356 -0.0115449 0.025
      vertex 0.00708356 -0.0115449 0
    endloop
  endfacet
  facet normal 0.988361 -0.152124 0
    outer loop
      vertex 0.00708356 -0.0115449 0
      vertex 0.00708356 -0.0115449 0.025
      vertex 0.00704705 -0.0117821 0
    endloop
  endfacet
  facet normal 0.988361 -0.152124 0
    outer loop
      vertex 0.00708356 -0.0115449 0.025
      vertex 0.00704705 -0.0117821 0.025
      vertex 0.00704705 -0.0117821 0
    endloop
  endfacet
  facet normal 0.994056 -0.108867 0
    outer loop
      vertex 0.00704705 -0.0117821 0
      vertex 0.00704705 -0.0117821 0.025
      vertex 0.00702093 -0.0120206 0
    endloop
  endfacet
  facet normal 0.994056 -0.108867 0
    outer loop
      vertex 0.00704705 -0.0117821 0.025
      vertex 0.00702093 -0.0120206 0.025
      vertex 0.00702093 -0.0120206 0
    endloop
  endfacet
  facet normal 0.997859 -0.0654044 0
    outer loop
      vertex 0.00702093 -0.0120206 0
      vertex 0.00702093 -0.0120206 0.025
      vertex 0.00700523 -0.0122601 0
    endloop
  endfacet
  facet normal 0.997859 -0.0654044 0
    outer loop
      vertex 0.00702093 -0.0120206 0.025
      vertex 0.00700523 -0.0122601 0.025
      vertex 0.00700523 -0.0122601 0
    endloop
  endfacet
  facet normal 0.999762 -0.0218137 0
    outer loop
      vertex 0.00700523 -0.0122601 0
      vertex 0.00700523 -0.0122601 0.025
      vertex 0.007 -0.0125 0
    endloop
  endfacet
  facet normal 0.999762 -0.0218137 0
    outer loop
      vertex 0.00700523 -0.0122601 0.025
      vertex 0.007 -0.0125 0.025
      vertex 0.007 -0.0125 0
    endloop
  endfacet
  facet normal -0.999762 -0.0218137 0
    outer loop
      vertex -0.007 -0.0125 0
      vertex -0.007 -0.0125 0.025
      vertex -0.00700523 -0.0122601 0
    endloop
  endfacet
  facet normal -0.999762 -0.0218137 0
    outer loop
      vertex -0.007 -0.0125 0.025
      vertex -0.00700523 -0.0122601 0.025
      vertex -0.00700523 -0.0122601 0
    endloop
  endfacet
  facet normal -0.997859 -0.0654044 0
    outer loop
      vertex -0.00700523 -0.0122601 0
      vertex -0.00700523 -0.0122601 0.025
      vertex -0.00702093 -0.0120206 0
    endloop
  endfacet
  facet normal -0.997859 -0.0654044 0
    outer loop
      vertex -0.00700523 -0.0122601 0.025
      vertex -0.00702093 -0.0120206 0.025
      vertex -0.00702093 -0.0120206 0
    endloop
  endfacet
  facet normal -0.994056 -0.108867 0
    outer loop
      vertex -0.00702093 -0.0120206 0
      vertex -0.00702093 -0.0120206 0.025
      vertex -0.00704705 -0.0117821 0
    endloop
  endfacet
  facet normal -0.994056 -0.108867 0
    outer loop
      vertex -0.00702093 -0.0120206 0.025
      vertex -0.00704705 -0.0117821 0.025
      vertex -0.00704705 -0.0117821 0
    endloop
  endfacet
  facet normal -0.988361 -0.152124 0
    outer loop
      vertex -0.00704705 -0.0117821 0
      vertex -0.00704705 -0.0117821 0.025
      vertex -0.00708356 -0.0115449 0
    endloop
  endfacet
  facet normal -0.988361 -0.152124 0
    outer loop
      vertex -0.00704705 -0.0117821 0.025
      vertex -0.00708356 -0.0115449 0.025
      vertex -0.00708356 -0.0115449 0
    endloop
  endfacet
  facet normal -0.980786 -0.195089 0
    outer loop
      vertex -0.00708356 -0.0115449 0
      vertex -0.00708356 -0.0115449 0.025
      vertex -0.00713037 -0.0113096 0
    endloop
  endfacet
  facet normal -0.980786 -0.195089 0
    outer loop
      vertex -0.00708356 -0.0115449 0.025
      vertex -0.00713037 -0.0113096 0.025
      vertex -0.00713037 -0.0113096 0
    endloop
  endfacet
  facet normal -0.971342 -0.237686 0
    outer loop
      vertex -0.00713037 -0.0113096 0
      vertex -0.00713037 -0.0113096 0.025
      vertex -0.00718741 -0.0110765 0
    endloop
  endfacet
  facet normal -0.971342 -0.237686 0
    outer loop
      vertex -0.00713037 -0.0113096 0.025
      vertex -0.00718741 -0.0110765 0.025
      vertex -0.00718741 -0.0110765 0
    endloop
  endfacet
  facet normal -0.96005 -0.27983 0
    outer loop
      vertex -0.00718741 -0.0110765 0
      vertex -0.00718741 -0.0110765 0.025
      vertex -0.00725456 -0.0108461 0
    endloop
  endfacet
  facet normal -0.96005 -0.27983 0
    outer loop
      vertex -0.00718741 -0.0110765 0.025
      vertex -0.00725456 -0.0108461 0.025
      vertex -0.00725456 -0.0108461 0
    endloop
  endfacet
  facet normal -0.94693 -0.321439 0
    outer loop
      vertex -0.00725456 -0.0108461 0
      vertex -0.00725456 -0.0108461 0.025
      vertex -0.00733169 -0.0106189 0
    endloop
  endfacet
  facet normal -0.94693 -0.321439 0
    outer loop
      vertex -0.00725456 -0.0108461 0.025
      vertex -0.00733169 -0.0106189 0.025
      vertex -0.00733169 -0.0106189 0
    endloop
  endfacet
  facet normal -0.932008 -0.362439 0
    outer loop
      vertex -0.00733169 -0.0106189 0
      vertex -0.00733169 -0.0106189 0.025
      vertex -0.00741866 -0.0103952 0
    endloop
  endfacet
  facet normal -0.932008 -0.362439 0
    outer loop
      vertex -0.00733169 -0.0106189 0.025
      vertex -0.00741866 -0.0103952 0.025
      vertex -0.00741866 -0.0103952 0
    endloop
  endfacet
  facet normal -0.915312 -0.402746 0
    outer loop
      vertex -0.00741866 -0.0103952 0
      vertex -0.00741866 -0.0103952 0.025
      vertex -0.00751531 -0.0101756 0
    endloop
  endfacet
  facet normal -0.915312 -0.402746 0
    outer loop
      vertex -0.00741866 -0.0103952 0.025
      vertex -0.00751531 -0.0101756 0.025
      vertex -0.00751531 -0.0101756 0
    endloop
  endfacet
  facet normal -0.896873 -0.442289 0
    outer loop
      vertex -0.00751531 -0.0101756 0
      vertex -0.00751531 -0.0101756 0.025
      vertex -0.00762144 -0.00996038 0
    endloop
  endfacet
  facet normal -0.896873 -0.442289 0
    outer loop
      vertex -0.00751531 -0.0101756 0.025
      vertex -0.00762144 -0.00996038 0.025
      vertex -0.00762144 -0.00996038 0
    endloop
  endfacet
  facet normal -0.876726 -0.480989 0
    outer loop
      vertex -0.00762144 -0.00996038 0
      vertex -0.00762144 -0.00996038 0.025
      vertex -0.00773686 -0.00975 0
    endloop
  endfacet
  facet normal -0.876726 -0.480989 0
    outer loop
      vertex -0.00762144 -0.00996038 0.025
      vertex -0.00773686 -0.00975 0.025
      vertex -0.00773686 -0.00975 0
    endloop
  endfacet
  facet normal -0.854912 -0.518773 0
    outer loop
      vertex -0.00773686 -0.00975 0
      vertex -0.00773686 -0.00975 0.025
      vertex -0.00786135 -0.00954485 0
    endloop
  endfacet
  facet normal -0.854912 -0.518773 0
    outer loop
      vertex -0.00773686 -0.00975 0.025
      vertex -0.00786135 -0.00954485 0.025
      vertex -0.00786135 -0.00954485 0
    endloop
  endfacet
  facet normal -0.831469 -0.55557 0
    outer loop
      vertex -0.00786135 -0.00954485 0
      vertex -0.00786135 -0.00954485 0.025
      vertex -0.00799466 -0.00934533 0
    endloop
  endfacet
  facet normal -0.831469 -0.55557 0
    outer loop
      vertex -0.00786135 -0.00954485 0.025
      vertex -0.00799466 -0.00934533 0.025
      vertex -0.00799466 -0.00934533 0
    endloop
  endfacet
  facet normal -0.806445 -0.591308 0
    outer loop
      vertex -0.00799466 -0.00934533 0
      vertex -0.00799466 -0.00934533 0.025
      vertex -0.00813656 -0.00915181 0
    endloop
  endfacet
  facet normal -0.806445 -0.591308 0
    outer loop
      vertex -0.00799466 -0.00934533 0.025
      vertex -0.00813656 -0.00915181 0.025
      vertex -0.00813656 -0.00915181 0
    endloop
  endfacet
  facet normal -0.779884 -0.625924 0
    outer loop
      vertex -0.00813656 -0.00915181 0
      vertex -0.00813656 -0.00915181 0.025
      vertex -0.00828676 -0.00896467 0
    endloop
  endfacet
  facet normal -0.779884 -0.625924 0
    outer loop
      vertex -0.00813656 -0.00915181 0.025
      vertex -0.00828676 -0.00896467 0.025
      vertex -0.00828676 -0.00896467 0
    endloop
  endfacet
  facet normal -0.75184 -0.659346 0
    outer loop
      vertex -0.00828676 -0.00896467 0
      vertex -0.00828676 -0.00896467 0.025
      vertex -0.00844497 -0.00878425 0
    endloop
  endfacet
  facet normal -0.75184 -0.659346 0
    outer loop
      vertex -0.00828676 -0.00896467 0.025
      vertex -0.00844497 -0.00878425 0.025
      vertex -0.00844497 -0.00878425 0
    endloop
  endfacet
  facet normal -0.722364 -0.691513 0
    outer loop
      vertex -0.00844497 -0.00878425 0
      vertex -0.00844497 -0.00878425 0.025
      vertex -0.00861091 -0.00861091 0
    endloop
  endfacet
  facet normal -0.722364 -0.691513 0
    outer loop
      vertex -0.00844497 -0.00878425 0.025
      vertex -0.00861091 -0.00861091 0.025
      vertex -0.00861091 -0.00861091 0
    endloop
  endfacet
  facet normal -0.691513 -0.722364 0
    outer loop
      vertex -0.00861091 -0.00861091 0
      vertex -0.00861091 -0.00861091 0.025
      vertex -0.00878425 -0.00844497 0
    endloop
  endfacet
  facet normal -0.691513 -0.722364 0
    outer loop
      vertex -0.00861091 -0.00861091 0.025
      vertex -0.00878425 -0.00844497 0.025
      vertex -0.00878425 -0.00844497 0
    endloop
  endfacet
  facet normal -0.659346 -0.75184 0
    outer loop
      vertex -0.00878425 -0.00844497 0
      vertex -0.00878425 -0.00844497 0.025
      vertex -0.00896467 -0.00828676 0
    endloop
  endfacet
  facet normal -0.659346 -0.75184 0
    outer loop
      vertex -0.00878425 -0.00844497 0.025
      vertex -0.00896467 -0.00828676 0.025
      vertex -0.00896467 -0.00828676 0
    endloop
  endfacet
  facet normal -0.625924 -0.779884 0
    outer loop
      vertex -0.00896467 -0.00828676 0
      vertex -0.00896467 -0.00828676 0.025
      vertex -0.00915181 -0.00813656 0
    endloop
  endfacet
  facet normal -0.625924 -0.779884 0
    outer loop
      vertex -0.00896467 -0.00828676 0.025
      vertex -0.00915181 -0.00813656 0.025
      vertex -0.00915181 -0.00813656 0
    endloop
  endfacet
  facet normal -0.591308 -0.806445 0
    outer loop
      vertex -0.00915181 -0.00813656 0
      vertex -0.00915181 -0.00813656 0.025
      vertex -0.00934533 -0.00799466 0
    endloop
  endfacet
  facet normal -0.591308 -0.806445 0
    outer loop
      vertex -0.00915181 -0.00813656 0.025
      vertex -0.00934533 -0.00799466 0.025
      vertex -0.00934533 -0.00799466 0
    endloop
  endfacet
  facet normal -0.55557 -0.831469 0
    outer loop
      vertex -0.00934533 -0.00799466 0
      vertex -0.00934533 -0.00799466 0.025
      vertex -0.00954485 -0.00786135 0
    endloop
  endfacet
  facet normal -0.55557 -0.831469 0
    outer loop
      vertex -0.00934533 -0.00799466 0.025
      vertex -0.00954485 -0.00786135 0.025
      vertex -0.00954485 -0.00786135 0
    endloop
  endfacet
  facet normal -0.518773 -0.854912 0
    outer loop
      vertex -0.00954485 -0.00786135 0
      vertex -0.00954485 -0.00786135 0.025
      vertex -0.00975 -0.00773686 0
    endloop
  endfacet
  facet normal -0.518773 -0.854912 0
    outer loop
      vertex -0.00954485 -0.00786135 0.025
      vertex -0.00975 -0.00773686 0.025
      vertex -0.00975 -0.00773686 0
    endloop
  endfacet
  facet normal -0.480989 -0.876726 0
    outer loop
      vertex -0.00975 -0.00773686 0
      vertex -0.00975 -0.00773686 0.025
      vertex -0.00996038 -0.00762144 0
    endloop
  endfacet
  facet normal -0.480989 -0.876726 0
    outer loop
      vertex -0.00975 -0.00773686 0.025
      vertex -0.00996038 -0.00762144 0.025
      vertex -0.00996038 -0.00762144 0
    endloop
  endfacet
  facet normal -0.442289 -0.896873 0
    outer loop
      vertex -0.00996038 -0.00762144 0
      vertex -0.00996038 -0.00762144 0.025
      vertex -0.0101756 -0.00751531 0
    endloop
  endfacet
  facet normal -0.442289 -0.896873 0
    outer loop
      vertex -0.00996038 -0.00762144 0.025
      vertex -0.0101756 -0.00751531 0.025
      vertex -0.0101756 -0.00751531 0
    endloop
  endfacet
  facet normal -0.402746 -0.915312 0
    outer loop
      vertex -0.0101756 -0.00751531 0
      vertex -0.0101756 -0.00751531 0.025
      vertex -0.0103952 -0.00741866 0
    endloop
  endfacet
  facet normal -0.402746 -0.915312 0
    outer loop
      vertex -0.0101756 -0.00751531 0.025
      vertex -0.0103952 -0.00741866 0.025
      vertex -0.0103952 -0.00741866 0
    endloop
  endfacet
  facet normal -0.362439 -0.932008 0
    outer loop
      vertex -0.0103952 -0.00741866 0
      vertex -0.0103952 -0.00741866 0.025
      vertex -0.0106189 -0.00733169 0
    endloop
  endfacet
  facet normal -0.362439 -0.932008 0
    outer loop
      vertex -0.0103952 -0.00741866 0.025
      vertex -0.0106189 -0.00733169 0.025
      vertex -0.0106189 -0.00733169 0
    endloop
  endfacet
  facet normal -0.321439 -0.94693 0
    outer loop
      vertex -0.0106189 -0.00733169 0
      vertex -0.0106189 -0.00733169 0.025
      vertex -0.0108461 -0.00725456 0
    endloop
  endfacet
  facet normal -0.321439 -0.94693 0
    outer loop
      vertex -0.0106189 -0.00733169 0.025
      vertex -0.0108461 -0.00725456 0.025
      vertex -0.0108461 -0.00725456 0
    endloop
  endfacet
  facet normal -0.27983 -0.96005 0
    outer loop
      vertex -0.0108461 -0.00725456 0
      vertex -0.0108461 -0.00725456 0.025
      vertex -0.0110765 -0.00718741 0
    endloop
  endfacet
  facet normal -0.27983 -0.96005 0
    outer loop
      vertex -0.0108461 -0.00725456 0.025
      vertex -0.0110765 -0.00718741 0.025
      vertex -0.0110765 -0.00718741 0
    endloop
  endfacet
  facet normal -0.237686 -0.971342 0
    outer loop
      vertex -0.0110765 -0.00718741 0
      vertex -0.0110765 -0.00718741 0.025
      vertex -0.0113096 -0.00713037 0
    endloop
  endfacet
  facet normal -0.237686 -0.971342 0
    outer loop
      vertex -0.0110765 -0.00718741 0.025
      vertex -0.0113096 -0.00713037 0.025
      vertex -0.0113096 -0.00713037 0
    endloop
  endfacet
  facet normal -0.195089 -0.980786 0
    outer loop
      vertex -0.0113096 -0.00713037 0
      vertex -0.0113096 -0.00713037 0.025
      vertex -0.0115449 -0.00708356 0
    endloop
  endfacet
  facet normal -0.195089 -0.980786 0
    outer loop
      vertex -0.0113096 -0.00713037 0.025
      vertex -0.0115449 -0.00708356 0.025
      vertex -0.0115449 -0.00708356 0
    endloop
  endfacet
  facet normal -0.152124 -0.988361 0
    outer loop
      vertex -0.0115449 -0.00708356 0
      vertex -0.0115449 -0.00708356 0.025
      vertex -0.0117821 -0.00704705 0
    endloop
  endfacet
  facet normal -0.152124 -0.988361 0
    outer loop
      vertex -0.0115449 -0.00708356 0.025
      vertex -0.0117821 -0.00704705 0.025
      vertex -0.0117821 -0.00704705 0
    endloop
  endfacet
  facet normal -0.108867 -0.994056 0
    outer loop
      vertex -0.0117821 -0.00704705 0
      vertex -0.0117821 -0.00704705 0.025
      vertex -0.0120206 -0.00702093 0
    endloop
  endfacet
  facet normal -0.108867 -0.994056 0
    outer loop
      vertex -0.0117821 -0.00704705 0.025
      vertex -0.0120206 -0.00702093 0.025
      vertex -0.0120206 -0.00702093 0
    endloop
  endfacet
  facet normal -0.0654044 -0.997859 0
    outer loop
      vertex -0.0120206 -0.00702093 0
      vertex -0.0120206 -0.00702093 0.025
      vertex -0.0122601 -0.00700523 0
    endloop
  endfacet
  facet normal -0.0654044 -0.997859 0
    outer loop
      vertex -0.0120206 -0.00702093 0.025
      vertex -0.0122601 -0.00700523 0.025
      vertex -0.0122601 -0.00700523 0
    endloop
  endfacet
  facet normal -0.0218137 -0.999762 0
    outer loop
      vertex -0.0122601 -0.00700523 0
      vertex -0.0122601 -0.00700523 0.025
      vertex -0.0125 -0.007 0
    endloop
  endfacet
  facet normal -0.0218137 -0.999762 0
    outer loop
      vertex -0.0122601 -0.00700523 0.025
      vertex -0.0125 -0.007 0.025
      vertex -0.0125 -0.007 0
    endloop
  endfacet
  facet normal 0.999762 0.0218137 0
    outer loop
      vertex 0.007 0.0125 0
      vertex 0.007 0.0125 0.025
      vertex 0.00700523 0.0122601 0
    endloop
  endfacet
  facet normal 0.999762 0.0218137 0
    outer loop
      vertex 0.007 0.0125 0.025
      vertex 0.00700523 0.0122601 0.025
      vertex 0.00700523 0.0122601 0
    endloop
  endfacet
  facet normal 0.997859 0.0654044 0
    outer loop
      vertex 0.00700523 0.0122601 0
      vertex 0.00700523 0.0122601 0.025
      vertex 0.00702093 0.0120206 0
    endloop
  endfacet
  facet normal 0.997859 0.0654044 0
    outer loop
      vertex 0.00700523 0.0122601 0.025
      vertex 0.00702093 0.0120206 0.025
      vertex 0.00702093 0.0120206 0
    endloop
  endfacet
  facet normal 0.994056 0.108867 0
    outer loop
      vertex 0.00702093 0.0120206 0
      vertex 0.00702093 0.0120206 0.025
      vertex 0.00704705 0.0117821 0
    endloop
  endfacet
  facet normal 0.994056 0.108867 0
    outer loop
      vertex 0.00702093 0.0120206 0.025
      vertex 0.00704705 0.0117821 0.025
      vertex 0.00704705 0.0117821 0
    endloop
  endfacet
  facet normal 0.988361 0.152124 0
    outer loop
      vertex 0.00704705 0.0117821 0
      vertex 0.00704705 0.0117821 0.025
      vertex 0.00708356 0.0115449 0
    endloop
  endfacet
  facet normal 0.988361 0.152124 0
    outer loop
      vertex 0.00704705 0.0117821 0.025
      vertex 0.00708356 0.0115449 0.025
      vertex 0.00708356 0.0115449 0
    endloop
  endfacet
  facet normal 0.980786 0.195089 0
    outer loop
      vertex 0.00708356 0.0115449 0
      vertex 0.00708356 0.0115449 0.025
      vertex 0.00713037 0.0113096 0
    endloop
  endfacet
  facet normal 0.980786 0.195089 0
    outer loop
      vertex 0.00708356 0.0115449 0.025
      vertex 0.00713037 0.0113096 0.025
      vertex 0.00713037 0.0113096 0
    endloop
  endfacet
  facet normal 0.971342 0.237686 0
    outer loop
      vertex 0.00713037 0.0113096 0
      vertex 0.00713037 0.0113096 0.025
      vertex 0.00718741 0.0110765 0
    endloop
  endfacet
  facet normal 0.971342 0.237686 0
    outer loop
      vertex 0.00713037 0.0113096 0.025
      vertex 0.00718741 0.0110765 0.025
      vertex 0.00718741 0.0110765 0
    endloop
  endfacet
  facet normal 0.96005 0.27983 0
    outer loop
      vertex 0.00718741 0.0110765 0
      vertex 0.00718741 0.0110765 0.025
      vertex 0.00725456 0.0108461 0
    endloop
  endfacet
  facet normal 0.96005 0.27983 0
    outer loop
      vertex 0.00718741 0.0110765 0.025
      vertex 0.00725456 0.0108461 0.025
      vertex 0.00725456 0.0108461 0
    endloop
  endfacet
  facet normal 0.94693 0.321439 0
    outer loop
      vertex 0.00725456 0.0108461 0
      vertex 0.00725456 0.0108461 0.025
      vertex 0.00733169 0.0106189 0
    endloop
  endfacet
  facet normal 0.94693 0.321439 0
    outer loop
      vertex 0.00725456 0.0108461 0.025
      vertex 0.00733169 0.0106189 0.025
      vertex 0.00733169 0.0106189 0
    endloop
  endfacet
  facet normal 0.932008 0.362439 0
    outer loop
      vertex 0.00733169 0.0106189 0
      vertex 0.00733169 0.0106189 0.025
      vertex 0.00741866 0.0103952 0
    endloop
  endfacet
  facet normal 0.932008 0.362439 0
    outer loop
      vertex 0.00733169 0.0106189 0.025
      vertex 0.00741866 0.0103952 0.025
      vertex 0.00741866 0.0103952 0
    endloop
  endfacet
  facet normal 0.915312 0.402746 0
    outer loop
      vertex 0.00741866 0.0103952 0
      vertex 0.00741866 0.0103952 0.025
      vertex 0.00751531 0.0101756 0
    endloop
  endfacet
  facet normal 0.915312 0.402746 0
    outer loop
      vertex 0.00741866 0.0103952 0.025
      vertex 0.00751531 0.0101756 0.025
      vertex 0.00751531 0.0101756 0
    endloop
  endfacet
  facet normal 0.896873 0.442289 0
    outer loop
      vertex 0.00751531 0.0101756 0
      vertex 0.00751531 0.0101756 0.025
      vertex 0.00762144 0.00996038 0
    endloop
  endfacet
  facet normal 0.896873 0.442289 0
    outer loop
      vertex 0.00751531 0.0101756 0.025
      vertex 0.00762144 0.00996038 0.025
      vertex 0.00762144 0.00996038 0
    endloop
  endfacet
  facet normal 0.876726 0.480989 0
    outer loop
      vertex 0.00762144 0.00996038 0
      vertex 0.00762144 0.00996038 0.025
      vertex 0.00773686 0.00975 0
    endloop
  endfacet
  facet normal 0.876726 0.480989 0
    outer loop
      vertex 0.00762144 0.00996038 0.025
      vertex 0.00773686 0.00975 0.025
      vertex 0.00773686 0.00975 0
    endloop
  endfacet
  facet normal 0.854912 0.518773 0
    outer loop
      vertex 0.00773686 0.00975 0
      vertex 0.00773686 0.00975 0.025
      vertex 0.00786135 0.00954485 0
    endloop
  endfacet
  facet normal 0.854912 0.518773 0
    outer loop
      vertex 0.00773686 0.00975 0.025
      vertex 0.00786135 0.00954485 0.025
      vertex 0.00786135 0.00954485 0
    endloop
  endfacet
  facet normal 0.831469 0.55557 0
    outer loop
      vertex 0.00786135 0.00954485 0
      vertex 0.00786135 0.00954485 0.025
      vertex 0.00799466 0.00934533 0
    endloop
  endfacet
  facet normal 0.831469 0.55557 0
    outer loop
      vertex 0.00786135 0.00954485 0.025
      vertex 0.00799466 0.00934533 0.025
      vertex 0.00799466 0.00934533 0
    endloop
  endfacet
  facet normal 0.806445 0.591308 0
    outer loop
      vertex 0.00799466 0.00934533 0
      vertex 0.00799466 0.00934533 0.025
      vertex 0.00813656 0.00915181 0
    endloop
  endfacet
  facet normal 0.806445 0.591308 0
    outer loop
      vertex 0.00799466 0.00934533 0.025
      vertex 0.00813656 0.00915181 0.025
      vertex 0.00813656 0.00915181 0
    endloop
  endfacet
  facet normal 0.779884 0.625924 0
    outer loop
      vertex 0.00813656 0.00915181 0
      vertex 0.00813656 0.00915181 0.025
      vertex 0.00828676 0.00896467 0
    endloop
  endfacet
  facet normal 0.779884 0.625924 0
    outer loop
      vertex 0.00813656 0.00915181 0.025
      vertex 0.00828676 0.00896467 0.025
      vertex 0.00828676 0.00896467 0
    endloop
  endfacet
  facet normal 0.75184 0.659346 0
    outer loop
      vertex 0.00828676 0.00896467 0
      vertex 0.00828676 0.00896467 0.025
      vertex 0.00844497 0.00878425 0
    endloop
  endfacet
  facet normal 0.75184 0.659346 0
    outer loop
      vertex 0.00828676 0.00896467 0.025
      vertex 0.00844497 0.00878425 0.025
      vertex 0.00844497 0.00878425 0
    endloop
  endfacet
  facet normal 0.722364 0.691513 0
    outer loop
      vertex 0.00844497 0.00878425 0
      vertex 0.00844497 0.00878425 0.025
      vertex 0.00861091 0.00861091 0
    endloop
  endfacet
  facet normal 0.722364 0.691513 0
    outer loop
      vertex 0.00844497 0.00878425 0.025
      vertex 0.00861091 0.00861091 0.025
      vertex 0.00861091 0.00861091 0
    endloop
  endfacet
  facet normal 0.691513 0.722364 0
    outer loop
      vertex 0.00861091 0.00861091 0
      vertex 0.00861091 0.00861091 0.025
      vertex 0.00878425 0.00844497 0
    endloop
  endfacet
  facet normal 0.691513 0.722364 0
    outer loop
      vertex 0.00861091 0.00861091 0.025
      vertex 0.00878425 0.00844497 0.025
      vertex 0.00878425 0.00844497 0
    endloop
  endfacet
  facet normal 0.659346 0.75184 0
    outer loop
      vertex 0.00878425 0.00844497 0
      vertex 0.00878425 0.00844497 0.025
      vertex 0.00896467 0.00828676 0
    endloop
  endfacet
  facet normal 0.659346 0.75184 0
    outer loop
      vertex 0.00878425 0.00844497 0.025
      vertex 0.00896467 0.00828676 0.025
      vertex 0.00896467 0.00828676 0
    endloop
  endfacet
  facet normal 0.625924 0.779884 0
    outer loop
      vertex 0.00896467 0.00828676 0
      vertex 0.00896467 0.00828676 0.025
      vertex 0.00915181 0.00813656 0
    endloop
  endfacet
  facet normal 0.625924 0.779884 0
    outer loop
      vertex 0.00896467 0.00828676 0.025
      vertex 0.00915181 0.00813656 0.025
      vertex 0.00915181 0.00813656 0
    endloop
  endfacet
  facet normal 0.591308 0.806445 0
    outer loop
      vertex 0.00915181 0.00813656 0
      vertex 0.00915181 0.00813656 0.025
      vertex 0.00934533 0.00799466 0
    endloop
  endfacet
  facet normal 0.591308 0.806445 0
    outer loop
      vertex 0.00915181 0.00813656 0.025
      vertex 0.00934533 0.00799466 0.025
      vertex 0.00934533 0.00799466 0
    endloop
  endfacet
  facet normal 0.55557 0.831469 0
    outer loop
      vertex 0.00934533 0.00799466 0
      vertex 0.00934533 0.00799466 0.025
      vertex 0.00954485 0.00786135 0
    endloop
  endfacet
  facet normal 0.55557 0.831469 0
    outer loop
      vertex 0.00934533 0.00799466 0.025
      vertex 0.00954485 0.00786135 0.025
      vertex 0.00954485 0.00786135 0
    endloop
  endfacet
  facet normal 0.518773 0.854912 0
    outer loop
      vertex 0.00954485 0.00786135 0
      vertex 0.00954485 0.00786135 0.025
      vertex 0.00975 0.00773686 0
    endloop
  endfacet
  facet normal 0.518773 0.854912 0
    outer loop
      vertex 0.00954485 0.00786135 0.025
      vertex 0.00975 0.00773686 0.025
      vertex 0.00975 0.00773686 0
    endloop
  endfacet
  facet normal 0.480989 0.876726 0
    outer loop
      vertex 0.00975 0.00773686 0
      vertex 0.00975 0.00773686 0.025
      vertex 0.00996038 0.00762144 0
    endloop
  endfacet
  facet normal 0.480989 0.876726 0
    outer loop
      vertex 0.00975 0.00773686 0.025
      vertex 0.00996038 0.00762144 0.025
      vertex 0.00996038 0.00762144 0
    endloop
  endfacet
  facet normal 0.442289 0.896873 0
    outer loop
      vertex 0.00996038 0.00762144 0
      vertex 0.00996038 0.00762144 0.025
      vertex 0.0101756 0.00751531 0
    endloop
  endfacet
  facet normal 0.442289 0.896873 0
    outer loop
      vertex 0.00996038 0.00762144 0.025
      vertex 0.0101756 0.00751531 0.025
      vertex 0.0101756 0.00751531 0
    endloop
  endfacet
  facet normal 0.402746 0.915312 0
    outer loop
      vertex 0.0101756 0.00751531 0
      vertex 0.0101756 0.00751531 0.025
      vertex 0.0103952 0.00741866 0
    endloop
  endfacet
  facet normal 0.402746 0.915312 0
    outer loop
      vertex 0.0101756 0.00751531 0.025
      vertex 0.0103952 0.00741866 0.025
      vertex 0.0103952 0.00741866 0
    endloop
  endfacet
  facet normal 0.362439 0.932008 0
    outer loop
      vertex 0.0103952 0.00741866 0
      vertex 0.0103952 0.00741866 0.025
      vertex 0.0106189 0.00733169 0
    endloop
  endfacet
  facet normal 0.362439 0.932008 0
    outer loop
      vertex 0.0103952 0.00741866 0.025
      vertex 0.0106189 0.00733169 0.025
      vertex 0.0106189 0.00733169 0
    endloop
  endfacet
  facet normal 0.321439 0.94693 0
    outer loop
      vertex 0.0106189 0.00733169 0
      vertex 0.0106189 0.00733169 0.025
      vertex 0.0108461 0.00725456 0
    endloop
  endfacet
  facet normal 0.321439 0.94693 0
    outer loop
      vertex 0.0106189 0.00733169 0.025
      vertex 0.0108461 0.00725456 0.025
      vertex 0.0108461 0.00725456 0
    endloop
  endfacet
  facet normal 0.27983 0.96005 0
    outer loop
      vertex 0.0108461 0.00725456 0
      vertex 0.0108461 0.00725456 0.025
      vertex 0.0110765 0.00718741 0
    endloop
  endfacet
  facet normal 0.27983 0.96005 0
    outer loop
      vertex 0.0108461 0.00725456 0.025
      vertex 0.0110765 0.00718741 0.025
      vertex 0.0110765 0.00718741 0
    endloop
  endfacet
  facet normal 0.237686 0.971342 0
    outer loop
      vertex 0.0110765 0.00718741 0
      vertex 0.0110765 0.00718741 0.025
      vertex 0.0113096 0.00713037 0
    endloop
  endfacet
  facet normal 0.237686 0.971342 0
    outer loop
      vertex 0.0110765 0.00718741 0.025
      vertex 0.0113096 0.00713037 0.025
      vertex 0.0113096 0.00713037 0
    endloop
  endfacet
  facet normal 0.195089 0.980786 0
    outer loop
      vertex 0.0113096 0.00713037 0
      vertex 0.0113096 0.00713037 0.025
      vertex 0.0115449 0.00708356 0
    endloop
  endfacet
  facet normal 0.195089 0.980786 0
    outer loop
      vertex 0.0113096 0.00713037 0.025
      vertex 0.0115449 0.00708356 0.025
      vertex 0.0115449 0.00708356 0
    endloop
  endfacet
  facet normal 0.152124 0.988361 0
    outer loop
      vertex 0.0115449 0.00708356 0
      vertex 0.0115449 0.00708356 0.025
      vertex 0.0117821 0.00704705 0
    endloop
  endfacet
  facet normal 0.152124 0.988361 0
    outer loop
      vertex 0.0115449 0.00708356 0.025
      vertex 0.0117821 0.00704705 0.025
      vertex 0.0117821 0.00704705 0
    endloop
  endfacet
  facet normal 0.108867 0.994056 0
    outer loop
      vertex 0.0117821 0.00704705 0
      vertex 0.0117821 0.00704705 0.025
      vertex 0.0120206 0.00702093 0
    endloop
  endfacet
  facet normal 0.108867 0.994056 0
    outer loop
      vertex 0.0117821 0.00704705 0.025
      vertex 0.0120206 0.00702093 0.025
      vertex 0.0120206 0.00702093 0
    endloop
  endfacet
  facet normal 0.0654044 0.997859 0
    outer loop
      vertex 0.0120206 0.00702093 0
      vertex 0.0120206 0.00702093 0.025
      vertex 0.0122601 0.00700523 0
    endloop
  endfacet
  facet normal 0.0654044 0.997859 0
    outer loop
      vertex 0.0120206 0.00702093 0.025
      vertex 0.0122601 0.00700523 0.025
      vertex 0.0122601 0.00700523 0
    endloop
  endfacet
  facet normal 0.0218137 0.999762 0
    outer loop
      vertex 0.0122601 0.00700523 0
      vertex 0.0122601 0.00700523 0.025
      vertex 0.0125 0.007 0
    endloop
  endfacet
  facet normal 0.0218137 0.999762 0
    outer loop
      vertex 0.0122601 0.00700523 0.025
      vertex 0.0125 0.007 0.025
      vertex 0.0125 0.007 0
    endloop
  endfacet
  facet normal -0.999762 -0.0218119 0
    outer loop
      vertex 0.0158 0.0125 -0.003
      vertex 0.0158 0.0125 0
      vertex 0.0157969 0.0126439 -0.003
    endloop
  endfacet
  facet normal -0.999762 -0.0218119 0
    outer loop
      vertex 0.0158 0.0125 0
      vertex 0.0157969 0.0126439 0
      vertex 0.0157969 0.0126439 -0.003
    endloop
  endfacet
  facet normal -0.997859 -0.0653963 0
    outer loop
      vertex 0.0157969 0.0126439 -0.003
      vertex 0.0157969 0.0126439 0
      vertex 0.0157874 0.0127876 -0.003
    endloop
  endfacet
  facet normal -0.997859 -0.0653963 0
    outer loop
      vertex 0.0157969 0.0126439 0
      vertex 0.0157874 0.0127876 0
      vertex 0.0157874 0.0127876 -0.003
    endloop
  endfacet
  facet normal -0.994055 -0.108877 0
    outer loop
      vertex 0.0157874 0.0127876 -0.003
      vertex 0.0157874 0.0127876 0
      vertex 0.0157718 0.0129307 -0.003
    endloop
  endfacet
  facet normal -0.994055 -0.108877 0
    outer loop
      vertex 0.0157874 0.0127876 0
      vertex 0.0157718 0.0129307 0
      vertex 0.0157718 0.0129307 -0.003
    endloop
  endfacet
  facet normal -0.988363 -0.152114 0
    outer loop
      vertex 0.0157718 0.0129307 -0.003
      vertex 0.0157718 0.0129307 0
      vertex 0.0157499 0.013073 -0.003
    endloop
  endfacet
  facet normal -0.988363 -0.152114 0
    outer loop
      vertex 0.0157718 0.0129307 0
      vertex 0.0157499 0.013073 0
      vertex 0.0157499 0.013073 -0.003
    endloop
  endfacet
  facet normal -0.980785 -0.19509 0
    outer loop
      vertex 0.0157499 0.013073 -0.003
      vertex 0.0157499 0.013073 0
      vertex 0.0157218 0.0132143 -0.003
    endloop
  endfacet
  facet normal -0.980785 -0.19509 0
    outer loop
      vertex 0.0157499 0.013073 0
      vertex 0.0157218 0.0132143 0
      vertex 0.0157218 0.0132143 -0.003
    endloop
  endfacet
  facet normal -0.971341 -0.237691 0
    outer loop
      vertex 0.0157218 0.0132143 -0.003
      vertex 0.0157218 0.0132143 0
      vertex 0.0156876 0.0133541 -0.003
    endloop
  endfacet
  facet normal -0.971341 -0.237691 0
    outer loop
      vertex 0.0157218 0.0132143 0
      vertex 0.0156876 0.0133541 0
      vertex 0.0156876 0.0133541 -0.003
    endloop
  endfacet
  facet normal -0.96005 -0.279828 0
    outer loop
      vertex 0.0156876 0.0133541 -0.003
      vertex 0.0156876 0.0133541 0
      vertex 0.0156473 0.0134923 -0.003
    endloop
  endfacet
  facet normal -0.96005 -0.279828 0
    outer loop
      vertex 0.0156876 0.0133541 0
      vertex 0.0156473 0.0134923 0
      vertex 0.0156473 0.0134923 -0.003
    endloop
  endfacet
  facet normal -0.94693 -0.321439 0
    outer loop
      vertex 0.0156473 0.0134923 -0.003
      vertex 0.0156473 0.0134923 0
      vertex 0.015601 0.0136287 -0.003
    endloop
  endfacet
  facet normal -0.94693 -0.321439 0
    outer loop
      vertex 0.0156473 0.0134923 0
      vertex 0.015601 0.0136287 0
      vertex 0.015601 0.0136287 -0.003
    endloop
  endfacet
  facet normal -0.932008 -0.362437 0
    outer loop
      vertex 0.015601 0.0136287 -0.003
      vertex 0.015601 0.0136287 0
      vertex 0.0155488 0.0137629 -0.003
    endloop
  endfacet
  facet normal -0.932008 -0.362437 0
    outer loop
      vertex 0.015601 0.0136287 0
      vertex 0.0155488 0.0137629 0
      vertex 0.0155488 0.0137629 -0.003
    endloop
  endfacet
  facet normal -0.915311 -0.402748 0
    outer loop
      vertex 0.0155488 0.0137629 -0.003
      vertex 0.0155488 0.0137629 0
      vertex 0.0154908 0.0138946 -0.003
    endloop
  endfacet
  facet normal -0.915311 -0.402748 0
    outer loop
      vertex 0.0155488 0.0137629 0
      vertex 0.0154908 0.0138946 0
      vertex 0.0154908 0.0138946 -0.003
    endloop
  endfacet
  facet normal -0.896873 -0.442288 0
    outer loop
      vertex 0.0154908 0.0138946 -0.003
      vertex 0.0154908 0.0138946 0
      vertex 0.0154271 0.0140238 -0.003
    endloop
  endfacet
  facet normal -0.896873 -0.442288 0
    outer loop
      vertex 0.0154908 0.0138946 0
      vertex 0.0154271 0.0140238 0
      vertex 0.0154271 0.0140238 -0.003
    endloop
  endfacet
  facet normal -0.876726 -0.48099 0
    outer loop
      vertex 0.0154271 0.0140238 -0.003
      vertex 0.0154271 0.0140238 0
      vertex 0.0153579 0.01415 -0.003
    endloop
  endfacet
  facet normal -0.876726 -0.48099 0
    outer loop
      vertex 0.0154271 0.0140238 0
      vertex 0.0153579 0.01415 0
      vertex 0.0153579 0.01415 -0.003
    endloop
  endfacet
  facet normal -0.854911 -0.518775 0
    outer loop
      vertex 0.0153579 0.01415 -0.003
      vertex 0.0153579 0.01415 0
      vertex 0.0152832 0.0142731 -0.003
    endloop
  endfacet
  facet normal -0.854911 -0.518775 0
    outer loop
      vertex 0.0153579 0.01415 0
      vertex 0.0152832 0.0142731 0
      vertex 0.0152832 0.0142731 -0.003
    endloop
  endfacet
  facet normal -0.831473 -0.555566 0
    outer loop
      vertex 0.0152832 0.0142731 -0.003
      vertex 0.0152832 0.0142731 0
      vertex 0.0152032 0.0143928 -0.003
    endloop
  endfacet
  facet normal -0.831473 -0.555566 0
    outer loop
      vertex 0.0152832 0.0142731 0
      vertex 0.0152032 0.0143928 0
      vertex 0.0152032 0.0143928 -0.003
    endloop
  endfacet
  facet normal -0.806442 -0.591313 0
    outer loop
      vertex 0.0152032 0.0143928 -0.003
      vertex 0.0152032 0.0143928 0
      vertex 0.0151181 0.0145089 -0.003
    endloop
  endfacet
  facet normal -0.806442 -0.591313 0
    outer loop
      vertex 0.0152032 0.0143928 0
      vertex 0.0151181 0.0145089 0
      vertex 0.0151181 0.0145089 -0.003
    endloop
  endfacet
  facet normal -0.779885 -0.625922 0
    outer loop
      vertex 0.0151181 0.0145089 -0.003
      vertex 0.0151181 0.0145089 0
      vertex 0.0150279 0.0146212 -0.003
    endloop
  endfacet
  facet normal -0.779885 -0.625922 0
    outer loop
      vertex 0.0151181 0.0145089 0
      vertex 0.0150279 0.0146212 0
      vertex 0.0150279 0.0146212 -0.003
    endloop
  endfacet
  facet normal -0.751839 -0.659346 0
    outer loop
      vertex 0.0150279 0.0146212 -0.003
      vertex 0.0150279 0.0146212 0
      vertex 0.014933 0.0147294 -0.003
    endloop
  endfacet
  facet normal -0.751839 -0.659346 0
    outer loop
      vertex 0.0150279 0.0146212 0
      vertex 0.014933 0.0147294 0
      vertex 0.014933 0.0147294 -0.003
    endloop
  endfacet
  facet normal -0.722363 -0.691514 0
    outer loop
      vertex 0.014933 0.0147294 -0.003
      vertex 0.014933 0.0147294 0
      vertex 0.0148335 0.0148335 -0.003
    endloop
  endfacet
  facet normal -0.722363 -0.691514 0
    outer loop
      vertex 0.014933 0.0147294 0
      vertex 0.0148335 0.0148335 0
      vertex 0.0148335 0.0148335 -0.003
    endloop
  endfacet
  facet normal -0.691514 -0.722363 0
    outer loop
      vertex 0.0148335 0.0148335 -0.003
      vertex 0.0148335 0.0148335 0
      vertex 0.0147294 0.014933 -0.003
    endloop
  endfacet
  facet normal -0.691514 -0.722363 0
    outer loop
      vertex 0.0148335 0.0148335 0
      vertex 0.0147294 0.014933 0
      vertex 0.0147294 0.014933 -0.003
    endloop
  endfacet
  facet normal -0.659346 -0.751839 0
    outer loop
      vertex 0.0147294 0.014933 -0.003
      vertex 0.0147294 0.014933 0
      vertex 0.0146212 0.0150279 -0.003
    endloop
  endfacet
  facet normal -0.659346 -0.751839 0
    outer loop
      vertex 0.0147294 0.014933 0
      vertex 0.0146212 0.0150279 0
      vertex 0.0146212 0.0150279 -0.003
    endloop
  endfacet
  facet normal -0.625922 -0.779885 0
    outer loop
      vertex 0.0146212 0.0150279 -0.003
      vertex 0.0146212 0.0150279 0
      vertex 0.0145089 0.0151181 -0.003
    endloop
  endfacet
  facet normal -0.625922 -0.779885 0
    outer loop
      vertex 0.0146212 0.0150279 0
      vertex 0.0145089 0.0151181 0
      vertex 0.0145089 0.0151181 -0.003
    endloop
  endfacet
  facet normal -0.591313 -0.806442 0
    outer loop
      vertex 0.0145089 0.0151181 -0.003
      vertex 0.0145089 0.0151181 0
      vertex 0.0143928 0.0152032 -0.003
    endloop
  endfacet
  facet normal -0.591313 -0.806442 0
    outer loop
      vertex 0.0145089 0.0151181 0
      vertex 0.0143928 0.0152032 0
      vertex 0.0143928 0.0152032 -0.003
    endloop
  endfacet
  facet normal -0.555566 -0.831473 0
    outer loop
      vertex 0.0143928 0.0152032 -0.003
      vertex 0.0143928 0.0152032 0
      vertex 0.0142731 0.0152832 -0.003
    endloop
  endfacet
  facet normal -0.555566 -0.831473 0
    outer loop
      vertex 0.0143928 0.0152032 0
      vertex 0.0142731 0.0152832 0
      vertex 0.0142731 0.0152832 -0.003
    endloop
  endfacet
  facet normal -0.518775 -0.854911 0
    outer loop
      vertex 0.0142731 0.0152832 -0.003
      vertex 0.0142731 0.0152832 0
      vertex 0.01415 0.0153579 -0.003
    endloop
  endfacet
  facet normal -0.518775 -0.854911 0
    outer loop
      vertex 0.0142731 0.0152832 0
      vertex 0.01415 0.0153579 0
      vertex 0.01415 0.0153579 -0.003
    endloop
  endfacet
  facet normal -0.48099 -0.876726 0
    outer loop
      vertex 0.01415 0.0153579 -0.003
      vertex 0.01415 0.0153579 0
      vertex 0.0140238 0.0154271 -0.003
    endloop
  endfacet
  facet normal -0.48099 -0.876726 0
    outer loop
      vertex 0.01415 0.0153579 0
      vertex 0.0140238 0.0154271 0
      vertex 0.0140238 0.0154271 -0.003
    endloop
  endfacet
  facet normal -0.442288 -0.896873 0
    outer loop
      vertex 0.0140238 0.0154271 -0.003
      vertex 0.0140238 0.0154271 0
      vertex 0.0138946 0.0154908 -0.003
    endloop
  endfacet
  facet normal -0.442288 -0.896873 0
    outer loop
      vertex 0.0140238 0.0154271 0
      vertex 0.0138946 0.0154908 0
      vertex 0.0138946 0.0154908 -0.003
    endloop
  endfacet
  facet normal -0.402748 -0.915311 0
    outer loop
      vertex 0.0138946 0.0154908 -0.003
      vertex 0.0138946 0.0154908 0
      vertex 0.0137629 0.0155488 -0.003
    endloop
  endfacet
  facet normal -0.402748 -0.915311 0
    outer loop
      vertex 0.0138946 0.0154908 0
      vertex 0.0137629 0.0155488 0
      vertex 0.0137629 0.0155488 -0.003
    endloop
  endfacet
  facet normal -0.362437 -0.932008 0
    outer loop
      vertex 0.0137629 0.0155488 -0.003
      vertex 0.0137629 0.0155488 0
      vertex 0.0136287 0.015601 -0.003
    endloop
  endfacet
  facet normal -0.362437 -0.932008 0
    outer loop
      vertex 0.0137629 0.0155488 0
      vertex 0.0136287 0.015601 0
      vertex 0.0136287 0.015601 -0.003
    endloop
  endfacet
  facet normal -0.321439 -0.94693 0
    outer loop
      vertex 0.0136287 0.015601 -0.003
      vertex 0.0136287 0.015601 0
      vertex 0.0134923 0.0156473 -0.003
    endloop
  endfacet
  facet normal -0.321439 -0.94693 0
    outer loop
      vertex 0.0136287 0.015601 0
      vertex 0.0134923 0.0156473 0
      vertex 0.0134923 0.0156473 -0.003
    endloop
  endfacet
  facet normal -0.279828 -0.96005 0
    outer loop
      vertex 0.0134923 0.0156473 -0.003
      vertex 0.0134923 0.0156473 0
      vertex 0.0133541 0.0156876 -0.003
    endloop
  endfacet
  facet normal -0.279828 -0.96005 0
    outer loop
      vertex 0.0134923 0.0156473 0
      vertex 0.0133541 0.0156876 0
      vertex 0.0133541 0.0156876 -0.003
    endloop
  endfacet
  facet normal -0.237691 -0.971341 0
    outer loop
      vertex 0.0133541 0.0156876 -0.003
      vertex 0.0133541 0.0156876 0
      vertex 0.0132143 0.0157218 -0.003
    endloop
  endfacet
  facet normal -0.237691 -0.971341 0
    outer loop
      vertex 0.0133541 0.0156876 0
      vertex 0.0132143 0.0157218 0
      vertex 0.0132143 0.0157218 -0.003
    endloop
  endfacet
  facet normal -0.19509 -0.980785 0
    outer loop
      vertex 0.0132143 0.0157218 -0.003
      vertex 0.0132143 0.0157218 0
      vertex 0.013073 0.0157499 -0.003
    endloop
  endfacet
  facet normal -0.19509 -0.980785 0
    outer loop
      vertex 0.0132143 0.0157218 0
      vertex 0.013073 0.0157499 0
      vertex 0.013073 0.0157499 -0.003
    endloop
  endfacet
  facet normal -0.152114 -0.988363 0
    outer loop
      vertex 0.013073 0.0157499 -0.003
      vertex 0.013073 0.0157499 0
      vertex 0.0129307 0.0157718 -0.003
    endloop
  endfacet
  facet normal -0.152114 -0.988363 0
    outer loop
      vertex 0.013073 0.0157499 0
      vertex 0.0129307 0.0157718 0
      vertex 0.0129307 0.0157718 -0.003
    endloop
  endfacet
  facet normal -0.108877 -0.994055 0
    outer loop
      vertex 0.0129307 0.0157718 -0.003
      vertex 0.0129307 0.0157718 0
      vertex 0.0127876 0.0157874 -0.003
    endloop
  endfacet
  facet normal -0.108877 -0.994055 0
    outer loop
      vertex 0.0129307 0.0157718 0
      vertex 0.0127876 0.0157874 0
      vertex 0.0127876 0.0157874 -0.003
    endloop
  endfacet
  facet normal -0.0653963 -0.997859 0
    outer loop
      vertex 0.0127876 0.0157874 -0.003
      vertex 0.0127876 0.0157874 0
      vertex 0.0126439 0.0157969 -0.003
    endloop
  endfacet
  facet normal -0.0653963 -0.997859 0
    outer loop
      vertex 0.0127876 0.0157874 0
      vertex 0.0126439 0.0157969 0
      vertex 0.0126439 0.0157969 -0.003
    endloop
  endfacet
  facet normal -0.0218119 -0.999762 0
    outer loop
      vertex 0.0126439 0.0157969 -0.003
      vertex 0.0126439 0.0157969 0
      vertex 0.0125 0.0158 -0.003
    endloop
  endfacet
  facet normal -0.0218119 -0.999762 0
    outer loop
      vertex 0.0126439 0.0157969 0
      vertex 0.0125 0.0158 0
      vertex 0.0125 0.0158 -0.003
    endloop
  endfacet
  facet normal 0.0218117 -0.999762 0
    outer loop
      vertex 0.0125 0.0158 -0.003
      vertex 0.0125 0.0158 0
      vertex 0.0123561 0.0157969 -0.003
    endloop
  endfacet
  facet normal 0.0218117 -0.999762 0
    outer loop
      vertex 0.0125 0.0158 0
      vertex 0.0123561 0.0157969 0
      vertex 0.0123561 0.0157969 -0.003
    endloop
  endfacet
  facet normal 0.0653967 -0.997859 0
    outer loop
      vertex 0.0123561 0.0157969 -0.003
      vertex 0.0123561 0.0157969 0
      vertex 0.0122124 0.0157874 -0.003
    endloop
  endfacet
  facet normal 0.0653967 -0.997859 0
    outer loop
      vertex 0.0123561 0.0157969 0
      vertex 0.0122124 0.0157874 0
      vertex 0.0122124 0.0157874 -0.003
    endloop
  endfacet
  facet normal 0.108877 -0.994055 0
    outer loop
      vertex 0.0122124 0.0157874 -0.003
      vertex 0.0122124 0.0157874 0
      vertex 0.0120693 0.0157718 -0.003
    endloop
  endfacet
  facet normal 0.108877 -0.994055 0
    outer loop
      vertex 0.0122124 0.0157874 0
      vertex 0.0120693 0.0157718 0
      vertex 0.0120693 0.0157718 -0.003
    endloop
  endfacet
  facet normal 0.152114 -0.988363 0
    outer loop
      vertex 0.0120693 0.0157718 -0.003
      vertex 0.0120693 0.0157718 0
      vertex 0.011927 0.0157499 -0.003
    endloop
  endfacet
  facet normal 0.152114 -0.988363 0
    outer loop
      vertex 0.0120693 0.0157718 0
      vertex 0.011927 0.0157499 0
      vertex 0.011927 0.0157499 -0.003
    endloop
  endfacet
  facet normal 0.19509 -0.980785 0
    outer loop
      vertex 0.011927 0.0157499 -0.003
      vertex 0.011927 0.0157499 0
      vertex 0.0117857 0.0157218 -0.003
    endloop
  endfacet
  facet normal 0.19509 -0.980785 0
    outer loop
      vertex 0.011927 0.0157499 0
      vertex 0.0117857 0.0157218 0
      vertex 0.0117857 0.0157218 -0.003
    endloop
  endfacet
  facet normal 0.237691 -0.971341 0
    outer loop
      vertex 0.0117857 0.0157218 -0.003
      vertex 0.0117857 0.0157218 0
      vertex 0.0116459 0.0156876 -0.003
    endloop
  endfacet
  facet normal 0.237691 -0.971341 0
    outer loop
      vertex 0.0117857 0.0157218 0
      vertex 0.0116459 0.0156876 0
      vertex 0.0116459 0.0156876 -0.003
    endloop
  endfacet
  facet normal 0.279828 -0.96005 0
    outer loop
      vertex 0.0116459 0.0156876 -0.003
      vertex 0.0116459 0.0156876 0
      vertex 0.0115077 0.0156473 -0.003
    endloop
  endfacet
  facet normal 0.279828 -0.96005 0
    outer loop
      vertex 0.0116459 0.0156876 0
      vertex 0.0115077 0.0156473 0
      vertex 0.0115077 0.0156473 -0.003
    endloop
  endfacet
  facet normal 0.321437 -0.946931 0
    outer loop
      vertex 0.0115077 0.0156473 -0.003
      vertex 0.0115077 0.0156473 0
      vertex 0.0113713 0.015601 -0.003
    endloop
  endfacet
  facet normal 0.321437 -0.946931 0
    outer loop
      vertex 0.0115077 0.0156473 0
      vertex 0.0113713 0.015601 0
      vertex 0.0113713 0.015601 -0.003
    endloop
  endfacet
  facet normal 0.362437 -0.932008 0
    outer loop
      vertex 0.0113713 0.015601 -0.003
      vertex 0.0113713 0.015601 0
      vertex 0.0112371 0.0155488 -0.003
    endloop
  endfacet
  facet normal 0.362437 -0.932008 0
    outer loop
      vertex 0.0113713 0.015601 0
      vertex 0.0112371 0.0155488 0
      vertex 0.0112371 0.0155488 -0.003
    endloop
  endfacet
  facet normal 0.402748 -0.915311 0
    outer loop
      vertex 0.0112371 0.0155488 -0.003
      vertex 0.0112371 0.0155488 0
      vertex 0.0111054 0.0154908 -0.003
    endloop
  endfacet
  facet normal 0.402748 -0.915311 0
    outer loop
      vertex 0.0112371 0.0155488 0
      vertex 0.0111054 0.0154908 0
      vertex 0.0111054 0.0154908 -0.003
    endloop
  endfacet
  facet normal 0.442291 -0.896872 0
    outer loop
      vertex 0.0111054 0.0154908 -0.003
      vertex 0.0111054 0.0154908 0
      vertex 0.0109762 0.0154271 -0.003
    endloop
  endfacet
  facet normal 0.442291 -0.896872 0
    outer loop
      vertex 0.0111054 0.0154908 0
      vertex 0.0109762 0.0154271 0
      vertex 0.0109762 0.0154271 -0.003
    endloop
  endfacet
  facet normal 0.48099 -0.876726 0
    outer loop
      vertex 0.0109762 0.0154271 -0.003
      vertex 0.0109762 0.0154271 0
      vertex 0.01085 0.0153579 -0.003
    endloop
  endfacet
  facet normal 0.48099 -0.876726 0
    outer loop
      vertex 0.0109762 0.0154271 0
      vertex 0.01085 0.0153579 0
      vertex 0.01085 0.0153579 -0.003
    endloop
  endfacet
  facet normal 0.518772 -0.854913 0
    outer loop
      vertex 0.01085 0.0153579 -0.003
      vertex 0.01085 0.0153579 0
      vertex 0.0107269 0.0152832 -0.003
    endloop
  endfacet
  facet normal 0.518772 -0.854913 0
    outer loop
      vertex 0.01085 0.0153579 0
      vertex 0.0107269 0.0152832 0
      vertex 0.0107269 0.0152832 -0.003
    endloop
  endfacet
  facet normal 0.555569 -0.831471 0
    outer loop
      vertex 0.0107269 0.0152832 -0.003
      vertex 0.0107269 0.0152832 0
      vertex 0.0106072 0.0152032 -0.003
    endloop
  endfacet
  facet normal 0.555569 -0.831471 0
    outer loop
      vertex 0.0107269 0.0152832 0
      vertex 0.0106072 0.0152032 0
      vertex 0.0106072 0.0152032 -0.003
    endloop
  endfacet
  facet normal 0.59131 -0.806445 0
    outer loop
      vertex 0.0106072 0.0152032 -0.003
      vertex 0.0106072 0.0152032 0
      vertex 0.0104911 0.0151181 -0.003
    endloop
  endfacet
  facet normal 0.59131 -0.806445 0
    outer loop
      vertex 0.0106072 0.0152032 0
      vertex 0.0104911 0.0151181 0
      vertex 0.0104911 0.0151181 -0.003
    endloop
  endfacet
  facet normal 0.625926 -0.779883 0
    outer loop
      vertex 0.0104911 0.0151181 -0.003
      vertex 0.0104911 0.0151181 0
      vertex 0.0103788 0.0150279 -0.003
    endloop
  endfacet
  facet normal 0.625926 -0.779883 0
    outer loop
      vertex 0.0104911 0.0151181 0
      vertex 0.0103788 0.0150279 0
      vertex 0.0103788 0.0150279 -0.003
    endloop
  endfacet
  facet normal 0.659346 -0.751839 0
    outer loop
      vertex 0.0103788 0.0150279 -0.003
      vertex 0.0103788 0.0150279 0
      vertex 0.0102706 0.014933 -0.003
    endloop
  endfacet
  facet normal 0.659346 -0.751839 0
    outer loop
      vertex 0.0103788 0.0150279 0
      vertex 0.0102706 0.014933 0
      vertex 0.0102706 0.014933 -0.003
    endloop
  endfacet
  facet normal 0.691511 -0.722366 0
    outer loop
      vertex 0.0102706 0.014933 -0.003
      vertex 0.0102706 0.014933 0
      vertex 0.0101665 0.0148335 -0.003
    endloop
  endfacet
  facet normal 0.691511 -0.722366 0
    outer loop
      vertex 0.0102706 0.014933 0
      vertex 0.0101665 0.0148335 0
      vertex 0.0101665 0.0148335 -0.003
    endloop
  endfacet
  facet normal 0.722366 -0.691511 0
    outer loop
      vertex 0.0101665 0.0148335 -0.003
      vertex 0.0101665 0.0148335 0
      vertex 0.010067 0.0147294 -0.003
    endloop
  endfacet
  facet normal 0.722366 -0.691511 0
    outer loop
      vertex 0.0101665 0.0148335 0
      vertex 0.010067 0.0147294 0
      vertex 0.010067 0.0147294 -0.003
    endloop
  endfacet
  facet normal 0.751839 -0.659346 0
    outer loop
      vertex 0.010067 0.0147294 -0.003
      vertex 0.010067 0.0147294 0
      vertex 0.00997205 0.0146212 -0.003
    endloop
  endfacet
  facet normal 0.751839 -0.659346 0
    outer loop
      vertex 0.010067 0.0147294 0
      vertex 0.00997205 0.0146212 0
      vertex 0.00997205 0.0146212 -0.003
    endloop
  endfacet
  facet normal 0.779885 -0.625922 0
    outer loop
      vertex 0.00997205 0.0146212 -0.003
      vertex 0.00997205 0.0146212 0
      vertex 0.00988193 0.0145089 -0.003
    endloop
  endfacet
  facet normal 0.779885 -0.625922 0
    outer loop
      vertex 0.00997205 0.0146212 0
      vertex 0.00988193 0.0145089 0
      vertex 0.00988193 0.0145089 -0.003
    endloop
  endfacet
  facet normal 0.806442 -0.591313 0
    outer loop
      vertex 0.00988193 0.0145089 -0.003
      vertex 0.00988193 0.0145089 0
      vertex 0.0097968 0.0143928 -0.003
    endloop
  endfacet
  facet normal 0.806442 -0.591313 0
    outer loop
      vertex 0.00988193 0.0145089 0
      vertex 0.0097968 0.0143928 0
      vertex 0.0097968 0.0143928 -0.003
    endloop
  endfacet
  facet normal 0.83147 -0.55557 0
    outer loop
      vertex 0.0097968 0.0143928 -0.003
      vertex 0.0097968 0.0143928 0
      vertex 0.00971681 0.0142731 -0.003
    endloop
  endfacet
  facet normal 0.83147 -0.55557 0
    outer loop
      vertex 0.0097968 0.0143928 0
      vertex 0.00971681 0.0142731 0
      vertex 0.00971681 0.0142731 -0.003
    endloop
  endfacet
  facet normal 0.854911 -0.518775 0
    outer loop
      vertex 0.00971681 0.0142731 -0.003
      vertex 0.00971681 0.0142731 0
      vertex 0.00964212 0.01415 -0.003
    endloop
  endfacet
  facet normal 0.854911 -0.518775 0
    outer loop
      vertex 0.00971681 0.0142731 0
      vertex 0.00964212 0.01415 0
      vertex 0.00964212 0.01415 -0.003
    endloop
  endfacet
  facet normal 0.876729 -0.480985 0
    outer loop
      vertex 0.00964212 0.01415 -0.003
      vertex 0.00964212 0.01415 0
      vertex 0.00957286 0.0140238 -0.003
    endloop
  endfacet
  facet normal 0.876729 -0.480985 0
    outer loop
      vertex 0.00964212 0.01415 0
      vertex 0.00957286 0.0140238 0
      vertex 0.00957286 0.0140238 -0.003
    endloop
  endfacet
  facet normal 0.896873 -0.442288 0
    outer loop
      vertex 0.00957286 0.0140238 -0.003
      vertex 0.00957286 0.0140238 0
      vertex 0.00950918 0.0138946 -0.003
    endloop
  endfacet
  facet normal 0.896873 -0.442288 0
    outer loop
      vertex 0.00957286 0.0140238 0
      vertex 0.00950918 0.0138946 0
      vertex 0.00950918 0.0138946 -0.003
    endloop
  endfacet
  facet normal 0.915311 -0.402748 0
    outer loop
      vertex 0.00950918 0.0138946 -0.003
      vertex 0.00950918 0.0138946 0
      vertex 0.0094512 0.0137629 -0.003
    endloop
  endfacet
  facet normal 0.915311 -0.402748 0
    outer loop
      vertex 0.00950918 0.0138946 0
      vertex 0.0094512 0.0137629 0
      vertex 0.0094512 0.0137629 -0.003
    endloop
  endfacet
  facet normal 0.932008 -0.362437 0
    outer loop
      vertex 0.0094512 0.0137629 -0.003
      vertex 0.0094512 0.0137629 0
      vertex 0.00939901 0.0136287 -0.003
    endloop
  endfacet
  facet normal 0.932008 -0.362437 0
    outer loop
      vertex 0.0094512 0.0137629 0
      vertex 0.00939901 0.0136287 0
      vertex 0.00939901 0.0136287 -0.003
    endloop
  endfacet
  facet normal 0.94693 -0.321439 0
    outer loop
      vertex 0.00939901 0.0136287 -0.003
      vertex 0.00939901 0.0136287 0
      vertex 0.00935273 0.0134923 -0.003
    endloop
  endfacet
  facet normal 0.94693 -0.321439 0
    outer loop
      vertex 0.00939901 0.0136287 0
      vertex 0.00935273 0.0134923 0
      vertex 0.00935273 0.0134923 -0.003
    endloop
  endfacet
  facet normal 0.960048 -0.279834 0
    outer loop
      vertex 0.00935273 0.0134923 -0.003
      vertex 0.00935273 0.0134923 0
      vertex 0.00931244 0.0133541 -0.003
    endloop
  endfacet
  facet normal 0.960048 -0.279834 0
    outer loop
      vertex 0.00935273 0.0134923 0
      vertex 0.00931244 0.0133541 0
      vertex 0.00931244 0.0133541 -0.003
    endloop
  endfacet
  facet normal 0.971342 -0.237685 0
    outer loop
      vertex 0.00931244 0.0133541 -0.003
      vertex 0.00931244 0.0133541 0
      vertex 0.00927822 0.0132143 -0.003
    endloop
  endfacet
  facet normal 0.971342 -0.237685 0
    outer loop
      vertex 0.00931244 0.0133541 0
      vertex 0.00927822 0.0132143 0
      vertex 0.00927822 0.0132143 -0.003
    endloop
  endfacet
  facet normal 0.980785 -0.19509 0
    outer loop
      vertex 0.00927822 0.0132143 -0.003
      vertex 0.00927822 0.0132143 0
      vertex 0.00925013 0.013073 -0.003
    endloop
  endfacet
  facet normal 0.980785 -0.19509 0
    outer loop
      vertex 0.00927822 0.0132143 0
      vertex 0.00925013 0.013073 0
      vertex 0.00925013 0.013073 -0.003
    endloop
  endfacet
  facet normal 0.988362 -0.15212 0
    outer loop
      vertex 0.00925013 0.013073 -0.003
      vertex 0.00925013 0.013073 0
      vertex 0.00922823 0.0129307 -0.003
    endloop
  endfacet
  facet normal 0.988362 -0.15212 0
    outer loop
      vertex 0.00925013 0.013073 0
      vertex 0.00922823 0.0129307 0
      vertex 0.00922823 0.0129307 -0.003
    endloop
  endfacet
  facet normal 0.994056 -0.108871 0
    outer loop
      vertex 0.00922823 0.0129307 -0.003
      vertex 0.00922823 0.0129307 0
      vertex 0.00921256 0.0127876 -0.003
    endloop
  endfacet
  facet normal 0.994056 -0.108871 0
    outer loop
      vertex 0.00922823 0.0129307 0
      vertex 0.00921256 0.0127876 0
      vertex 0.00921256 0.0127876 -0.003
    endloop
  endfacet
  facet normal 0.997859 -0.0654027 0
    outer loop
      vertex 0.00921256 0.0127876 -0.003
      vertex 0.00921256 0.0127876 0
      vertex 0.00920314 0.0126439 -0.003
    endloop
  endfacet
  facet normal 0.997859 -0.0654027 0
    outer loop
      vertex 0.00921256 0.0127876 0
      vertex 0.00920314 0.0126439 0
      vertex 0.00920314 0.0126439 -0.003
    endloop
  endfacet
  facet normal 0.999762 -0.0218119 0
    outer loop
      vertex 0.00920314 0.0126439 -0.003
      vertex 0.00920314 0.0126439 0
      vertex 0.0092 0.0125 -0.003
    endloop
  endfacet
  facet normal 0.999762 -0.0218119 0
    outer loop
      vertex 0.00920314 0.0126439 0
      vertex 0.0092 0.0125 0
      vertex 0.0092 0.0125 -0.003
    endloop
  endfacet
  facet normal 0.999762 0.0218117 0
    outer loop
      vertex 0.0092 0.0125 -0.003
      vertex 0.0092 0.0125 0
      vertex 0.00920314 0.0123561 -0.003
    endloop
  endfacet
  facet normal 0.999762 0.0218117 0
    outer loop
      vertex 0.0092 0.0125 0
      vertex 0.00920314 0.0123561 0
      vertex 0.00920314 0.0123561 -0.003
    endloop
  endfacet
  facet normal 0.997859 0.0654032 0
    outer loop
      vertex 0.00920314 0.0123561 -0.003
      vertex 0.00920314 0.0123561 0
      vertex 0.00921256 0.0122124 -0.003
    endloop
  endfacet
  facet normal 0.997859 0.0654032 0
    outer loop
      vertex 0.00920314 0.0123561 0
      vertex 0.00921256 0.0122124 0
      vertex 0.00921256 0.0122124 -0.003
    endloop
  endfacet
  facet normal 0.994056 0.108871 0
    outer loop
      vertex 0.00921256 0.0122124 -0.003
      vertex 0.00921256 0.0122124 0
      vertex 0.00922823 0.0120693 -0.003
    endloop
  endfacet
  facet normal 0.994056 0.108871 0
    outer loop
      vertex 0.00921256 0.0122124 0
      vertex 0.00922823 0.0120693 0
      vertex 0.00922823 0.0120693 -0.003
    endloop
  endfacet
  facet normal 0.988362 0.15212 0
    outer loop
      vertex 0.00922823 0.0120693 -0.003
      vertex 0.00922823 0.0120693 0
      vertex 0.00925013 0.011927 -0.003
    endloop
  endfacet
  facet normal 0.988362 0.15212 0
    outer loop
      vertex 0.00922823 0.0120693 0
      vertex 0.00925013 0.011927 0
      vertex 0.00925013 0.011927 -0.003
    endloop
  endfacet
  facet normal 0.980785 0.19509 0
    outer loop
      vertex 0.00925013 0.011927 -0.003
      vertex 0.00925013 0.011927 0
      vertex 0.00927822 0.0117857 -0.003
    endloop
  endfacet
  facet normal 0.980785 0.19509 0
    outer loop
      vertex 0.00925013 0.011927 0
      vertex 0.00927822 0.0117857 0
      vertex 0.00927822 0.0117857 -0.003
    endloop
  endfacet
  facet normal 0.971342 0.237685 0
    outer loop
      vertex 0.00927822 0.0117857 -0.003
      vertex 0.00927822 0.0117857 0
      vertex 0.00931244 0.0116459 -0.003
    endloop
  endfacet
  facet normal 0.971342 0.237685 0
    outer loop
      vertex 0.00927822 0.0117857 0
      vertex 0.00931244 0.0116459 0
      vertex 0.00931244 0.0116459 -0.003
    endloop
  endfacet
  facet normal 0.960048 0.279834 0
    outer loop
      vertex 0.00931244 0.0116459 -0.003
      vertex 0.00931244 0.0116459 0
      vertex 0.00935273 0.0115077 -0.003
    endloop
  endfacet
  facet normal 0.960048 0.279834 0
    outer loop
      vertex 0.00931244 0.0116459 0
      vertex 0.00935273 0.0115077 0
      vertex 0.00935273 0.0115077 -0.003
    endloop
  endfacet
  facet normal 0.946931 0.321437 0
    outer loop
      vertex 0.00935273 0.0115077 -0.003
      vertex 0.00935273 0.0115077 0
      vertex 0.00939901 0.0113713 -0.003
    endloop
  endfacet
  facet normal 0.946931 0.321437 0
    outer loop
      vertex 0.00935273 0.0115077 0
      vertex 0.00939901 0.0113713 0
      vertex 0.00939901 0.0113713 -0.003
    endloop
  endfacet
  facet normal 0.932008 0.362437 0
    outer loop
      vertex 0.00939901 0.0113713 -0.003
      vertex 0.00939901 0.0113713 0
      vertex 0.0094512 0.0112371 -0.003
    endloop
  endfacet
  facet normal 0.932008 0.362437 0
    outer loop
      vertex 0.00939901 0.0113713 0
      vertex 0.0094512 0.0112371 0
      vertex 0.0094512 0.0112371 -0.003
    endloop
  endfacet
  facet normal 0.915311 0.402748 0
    outer loop
      vertex 0.0094512 0.0112371 -0.003
      vertex 0.0094512 0.0112371 0
      vertex 0.00950918 0.0111054 -0.003
    endloop
  endfacet
  facet normal 0.915311 0.402748 0
    outer loop
      vertex 0.0094512 0.0112371 0
      vertex 0.00950918 0.0111054 0
      vertex 0.00950918 0.0111054 -0.003
    endloop
  endfacet
  facet normal 0.896872 0.442291 0
    outer loop
      vertex 0.00950918 0.0111054 -0.003
      vertex 0.00950918 0.0111054 0
      vertex 0.00957286 0.0109762 -0.003
    endloop
  endfacet
  facet normal 0.896872 0.442291 0
    outer loop
      vertex 0.00950918 0.0111054 0
      vertex 0.00957286 0.0109762 0
      vertex 0.00957286 0.0109762 -0.003
    endloop
  endfacet
  facet normal 0.876729 0.480985 0
    outer loop
      vertex 0.00957286 0.0109762 -0.003
      vertex 0.00957286 0.0109762 0
      vertex 0.00964212 0.01085 -0.003
    endloop
  endfacet
  facet normal 0.876729 0.480985 0
    outer loop
      vertex 0.00957286 0.0109762 0
      vertex 0.00964212 0.01085 0
      vertex 0.00964212 0.01085 -0.003
    endloop
  endfacet
  facet normal 0.854913 0.518772 0
    outer loop
      vertex 0.00964212 0.01085 -0.003
      vertex 0.00964212 0.01085 0
      vertex 0.00971681 0.0107269 -0.003
    endloop
  endfacet
  facet normal 0.854913 0.518772 0
    outer loop
      vertex 0.00964212 0.01085 0
      vertex 0.00971681 0.0107269 0
      vertex 0.00971681 0.0107269 -0.003
    endloop
  endfacet
  facet normal 0.831468 0.555573 0
    outer loop
      vertex 0.00971681 0.0107269 -0.003
      vertex 0.00971681 0.0107269 0
      vertex 0.0097968 0.0106072 -0.003
    endloop
  endfacet
  facet normal 0.831468 0.555573 0
    outer loop
      vertex 0.00971681 0.0107269 0
      vertex 0.0097968 0.0106072 0
      vertex 0.0097968 0.0106072 -0.003
    endloop
  endfacet
  facet normal 0.806445 0.59131 0
    outer loop
      vertex 0.0097968 0.0106072 -0.003
      vertex 0.0097968 0.0106072 0
      vertex 0.00988193 0.0104911 -0.003
    endloop
  endfacet
  facet normal 0.806445 0.59131 0
    outer loop
      vertex 0.0097968 0.0106072 0
      vertex 0.00988193 0.0104911 0
      vertex 0.00988193 0.0104911 -0.003
    endloop
  endfacet
  facet normal 0.779883 0.625926 0
    outer loop
      vertex 0.00988193 0.0104911 -0.003
      vertex 0.00988193 0.0104911 0
      vertex 0.00997205 0.0103788 -0.003
    endloop
  endfacet
  facet normal 0.779883 0.625926 0
    outer loop
      vertex 0.00988193 0.0104911 0
      vertex 0.00997205 0.0103788 0
      vertex 0.00997205 0.0103788 -0.003
    endloop
  endfacet
  facet normal 0.751839 0.659346 0
    outer loop
      vertex 0.00997205 0.0103788 -0.003
      vertex 0.00997205 0.0103788 0
      vertex 0.010067 0.0102706 -0.003
    endloop
  endfacet
  facet normal 0.751839 0.659346 0
    outer loop
      vertex 0.00997205 0.0103788 0
      vertex 0.010067 0.0102706 0
      vertex 0.010067 0.0102706 -0.003
    endloop
  endfacet
  facet normal 0.722369 0.691508 0
    outer loop
      vertex 0.010067 0.0102706 -0.003
      vertex 0.010067 0.0102706 0
      vertex 0.0101665 0.0101665 -0.003
    endloop
  endfacet
  facet normal 0.722369 0.691508 0
    outer loop
      vertex 0.010067 0.0102706 0
      vertex 0.0101665 0.0101665 0
      vertex 0.0101665 0.0101665 -0.003
    endloop
  endfacet
  facet normal 0.691508 0.722369 0
    outer loop
      vertex 0.0101665 0.0101665 -0.003
      vertex 0.0101665 0.0101665 0
      vertex 0.0102706 0.010067 -0.003
    endloop
  endfacet
  facet normal 0.691508 0.722369 0
    outer loop
      vertex 0.0101665 0.0101665 0
      vertex 0.0102706 0.010067 0
      vertex 0.0102706 0.010067 -0.003
    endloop
  endfacet
  facet normal 0.659346 0.751839 0
    outer loop
      vertex 0.0102706 0.010067 -0.003
      vertex 0.0102706 0.010067 0
      vertex 0.0103788 0.00997205 -0.003
    endloop
  endfacet
  facet normal 0.659346 0.751839 0
    outer loop
      vertex 0.0102706 0.010067 0
      vertex 0.0103788 0.00997205 0
      vertex 0.0103788 0.00997205 -0.003
    endloop
  endfacet
  facet normal 0.625926 0.779883 0
    outer loop
      vertex 0.0103788 0.00997205 -0.003
      vertex 0.0103788 0.00997205 0
      vertex 0.0104911 0.00988193 -0.003
    endloop
  endfacet
  facet normal 0.625926 0.779883 0
    outer loop
      vertex 0.0103788 0.00997205 0
      vertex 0.0104911 0.00988193 0
      vertex 0.0104911 0.00988193 -0.003
    endloop
  endfacet
  facet normal 0.59131 0.806445 0
    outer loop
      vertex 0.0104911 0.00988193 -0.003
      vertex 0.0104911 0.00988193 0
      vertex 0.0106072 0.0097968 -0.003
    endloop
  endfacet
  facet normal 0.59131 0.806445 0
    outer loop
      vertex 0.0104911 0.00988193 0
      vertex 0.0106072 0.0097968 0
      vertex 0.0106072 0.0097968 -0.003
    endloop
  endfacet
  facet normal 0.555573 0.831468 0
    outer loop
      vertex 0.0106072 0.0097968 -0.003
      vertex 0.0106072 0.0097968 0
      vertex 0.0107269 0.00971681 -0.003
    endloop
  endfacet
  facet normal 0.555573 0.831468 0
    outer loop
      vertex 0.0106072 0.0097968 0
      vertex 0.0107269 0.00971681 0
      vertex 0.0107269 0.00971681 -0.003
    endloop
  endfacet
  facet normal 0.518772 0.854913 0
    outer loop
      vertex 0.0107269 0.00971681 -0.003
      vertex 0.0107269 0.00971681 0
      vertex 0.01085 0.00964212 -0.003
    endloop
  endfacet
  facet normal 0.518772 0.854913 0
    outer loop
      vertex 0.0107269 0.00971681 0
      vertex 0.01085 0.00964212 0
      vertex 0.01085 0.00964212 -0.003
    endloop
  endfacet
  facet normal 0.480985 0.876729 0
    outer loop
      vertex 0.01085 0.00964212 -0.003
      vertex 0.01085 0.00964212 0
      vertex 0.0109762 0.00957286 -0.003
    endloop
  endfacet
  facet normal 0.480985 0.876729 0
    outer loop
      vertex 0.01085 0.00964212 0
      vertex 0.0109762 0.00957286 0
      vertex 0.0109762 0.00957286 -0.003
    endloop
  endfacet
  facet normal 0.442291 0.896872 0
    outer loop
      vertex 0.0109762 0.00957286 -0.003
      vertex 0.0109762 0.00957286 0
      vertex 0.0111054 0.00950918 -0.003
    endloop
  endfacet
  facet normal 0.442291 0.896872 0
    outer loop
      vertex 0.0109762 0.00957286 0
      vertex 0.0111054 0.00950918 0
      vertex 0.0111054 0.00950918 -0.003
    endloop
  endfacet
  facet normal 0.402748 0.915311 0
    outer loop
      vertex 0.0111054 0.00950918 -0.003
      vertex 0.0111054 0.00950918 0
      vertex 0.0112371 0.0094512 -0.003
    endloop
  endfacet
  facet normal 0.402748 0.915311 0
    outer loop
      vertex 0.0111054 0.00950918 0
      vertex 0.0112371 0.0094512 0
      vertex 0.0112371 0.0094512 -0.003
    endloop
  endfacet
  facet normal 0.362437 0.932008 0
    outer loop
      vertex 0.0112371 0.0094512 -0.003
      vertex 0.0112371 0.0094512 0
      vertex 0.0113713 0.00939901 -0.003
    endloop
  endfacet
  facet normal 0.362437 0.932008 0
    outer loop
      vertex 0.0112371 0.0094512 0
      vertex 0.0113713 0.00939901 0
      vertex 0.0113713 0.00939901 -0.003
    endloop
  endfacet
  facet normal 0.321437 0.946931 0
    outer loop
      vertex 0.0113713 0.00939901 -0.003
      vertex 0.0113713 0.00939901 0
      vertex 0.0115077 0.00935273 -0.003
    endloop
  endfacet
  facet normal 0.321437 0.946931 0
    outer loop
      vertex 0.0113713 0.00939901 0
      vertex 0.0115077 0.00935273 0
      vertex 0.0115077 0.00935273 -0.003
    endloop
  endfacet
  facet normal 0.279834 0.960048 0
    outer loop
      vertex 0.0115077 0.00935273 -0.003
      vertex 0.0115077 0.00935273 0
      vertex 0.0116459 0.00931244 -0.003
    endloop
  endfacet
  facet normal 0.279834 0.960048 0
    outer loop
      vertex 0.0115077 0.00935273 0
      vertex 0.0116459 0.00931244 0
      vertex 0.0116459 0.00931244 -0.003
    endloop
  endfacet
  facet normal 0.237685 0.971342 0
    outer loop
      vertex 0.0116459 0.00931244 -0.003
      vertex 0.0116459 0.00931244 0
      vertex 0.0117857 0.00927822 -0.003
    endloop
  endfacet
  facet normal 0.237685 0.971342 0
    outer loop
      vertex 0.0116459 0.00931244 0
      vertex 0.0117857 0.00927822 0
      vertex 0.0117857 0.00927822 -0.003
    endloop
  endfacet
  facet normal 0.19509 0.980785 0
    outer loop
      vertex 0.0117857 0.00927822 -0.003
      vertex 0.0117857 0.00927822 0
      vertex 0.011927 0.00925013 -0.003
    endloop
  endfacet
  facet normal 0.19509 0.980785 0
    outer loop
      vertex 0.0117857 0.00927822 0
      vertex 0.011927 0.00925013 0
      vertex 0.011927 0.00925013 -0.003
    endloop
  endfacet
  facet normal 0.15212 0.988362 0
    outer loop
      vertex 0.011927 0.00925013 -0.003
      vertex 0.011927 0.00925013 0
      vertex 0.0120693 0.00922823 -0.003
    endloop
  endfacet
  facet normal 0.15212 0.988362 0
    outer loop
      vertex 0.011927 0.00925013 0
      vertex 0.0120693 0.00922823 0
      vertex 0.0120693 0.00922823 -0.003
    endloop
  endfacet
  facet normal 0.108871 0.994056 0
    outer loop
      vertex 0.0120693 0.00922823 -0.003
      vertex 0.0120693 0.00922823 0
      vertex 0.0122124 0.00921256 -0.003
    endloop
  endfacet
  facet normal 0.108871 0.994056 0
    outer loop
      vertex 0.0120693 0.00922823 0
      vertex 0.0122124 0.00921256 0
      vertex 0.0122124 0.00921256 -0.003
    endloop
  endfacet
  facet normal 0.0654032 0.997859 0
    outer loop
      vertex 0.0122124 0.00921256 -0.003
      vertex 0.0122124 0.00921256 0
      vertex 0.0123561 0.00920314 -0.003
    endloop
  endfacet
  facet normal 0.0654032 0.997859 0
    outer loop
      vertex 0.0122124 0.00921256 0
      vertex 0.0123561 0.00920314 0
      vertex 0.0123561 0.00920314 -0.003
    endloop
  endfacet
  facet normal 0.0218117 0.999762 0
    outer loop
      vertex 0.0123561 0.00920314 -0.003
      vertex 0.0123561 0.00920314 0
      vertex 0.0125 0.0092 -0.003
    endloop
  endfacet
  facet normal 0.0218117 0.999762 0
    outer loop
      vertex 0.0123561 0.00920314 0
      vertex 0.0125 0.0092 0
      vertex 0.0125 0.0092 -0.003
    endloop
  endfacet
  facet normal -0.0218119 0.999762 0
    outer loop
      vertex 0.0125 0.0092 -0.003
      vertex 0.0125 0.0092 0
      vertex 0.0126439 0.00920314 -0.003
    endloop
  endfacet
  facet normal -0.0218119 0.999762 0
    outer loop
      vertex 0.0125 0.0092 0
      vertex 0.0126439 0.00920314 0
      vertex 0.0126439 0.00920314 -0.003
    endloop
  endfacet
  facet normal -0.0654027 0.997859 0
    outer loop
      vertex 0.0126439 0.00920314 -0.003
      vertex 0.0126439 0.00920314 0
      vertex 0.0127876 0.00921256 -0.003
    endloop
  endfacet
  facet normal -0.0654027 0.997859 0
    outer loop
      vertex 0.0126439 0.00920314 0
      vertex 0.0127876 0.00921256 0
      vertex 0.0127876 0.00921256 -0.003
    endloop
  endfacet
  facet normal -0.108871 0.994056 0
    outer loop
      vertex 0.0127876 0.00921256 -0.003
      vertex 0.0127876 0.00921256 0
      vertex 0.0129307 0.00922823 -0.003
    endloop
  endfacet
  facet normal -0.108871 0.994056 0
    outer loop
      vertex 0.0127876 0.00921256 0
      vertex 0.0129307 0.00922823 0
      vertex 0.0129307 0.00922823 -0.003
    endloop
  endfacet
  facet normal -0.15212 0.988362 0
    outer loop
      vertex 0.0129307 0.00922823 -0.003
      vertex 0.0129307 0.00922823 0
      vertex 0.013073 0.00925013 -0.003
    endloop
  endfacet
  facet normal -0.15212 0.988362 0
    outer loop
      vertex 0.0129307 0.00922823 0
      vertex 0.013073 0.00925013 0
      vertex 0.013073 0.00925013 -0.003
    endloop
  endfacet
  facet normal -0.19509 0.980785 0
    outer loop
      vertex 0.013073 0.00925013 -0.003
      vertex 0.013073 0.00925013 0
      vertex 0.0132143 0.00927822 -0.003
    endloop
  endfacet
  facet normal -0.19509 0.980785 0
    outer loop
      vertex 0.013073 0.00925013 0
      vertex 0.0132143 0.00927822 0
      vertex 0.0132143 0.00927822 -0.003
    endloop
  endfacet
  facet normal -0.237685 0.971342 0
    outer loop
      vertex 0.0132143 0.00927822 -0.003
      vertex 0.0132143 0.00927822 0
      vertex 0.0133541 0.00931244 -0.003
    endloop
  endfacet
  facet normal -0.237685 0.971342 0
    outer loop
      vertex 0.0132143 0.00927822 0
      vertex 0.0133541 0.00931244 0
      vertex 0.0133541 0.00931244 -0.003
    endloop
  endfacet
  facet normal -0.279834 0.960048 0
    outer loop
      vertex 0.0133541 0.00931244 -0.003
      vertex 0.0133541 0.00931244 0
      vertex 0.0134923 0.00935273 -0.003
    endloop
  endfacet
  facet normal -0.279834 0.960048 0
    outer loop
      vertex 0.0133541 0.00931244 0
      vertex 0.0134923 0.00935273 0
      vertex 0.0134923 0.00935273 -0.003
    endloop
  endfacet
  facet normal -0.321439 0.94693 0
    outer loop
      vertex 0.0134923 0.00935273 -0.003
      vertex 0.0134923 0.00935273 0
      vertex 0.0136287 0.00939901 -0.003
    endloop
  endfacet
  facet normal -0.321439 0.94693 0
    outer loop
      vertex 0.0134923 0.00935273 0
      vertex 0.0136287 0.00939901 0
      vertex 0.0136287 0.00939901 -0.003
    endloop
  endfacet
  facet normal -0.362437 0.932008 0
    outer loop
      vertex 0.0136287 0.00939901 -0.003
      vertex 0.0136287 0.00939901 0
      vertex 0.0137629 0.0094512 -0.003
    endloop
  endfacet
  facet normal -0.362437 0.932008 0
    outer loop
      vertex 0.0136287 0.00939901 0
      vertex 0.0137629 0.0094512 0
      vertex 0.0137629 0.0094512 -0.003
    endloop
  endfacet
  facet normal -0.402748 0.915311 0
    outer loop
      vertex 0.0137629 0.0094512 -0.003
      vertex 0.0137629 0.0094512 0
      vertex 0.0138946 0.00950918 -0.003
    endloop
  endfacet
  facet normal -0.402748 0.915311 0
    outer loop
      vertex 0.0137629 0.0094512 0
      vertex 0.0138946 0.00950918 0
      vertex 0.0138946 0.00950918 -0.003
    endloop
  endfacet
  facet normal -0.442288 0.896873 0
    outer loop
      vertex 0.0138946 0.00950918 -0.003
      vertex 0.0138946 0.00950918 0
      vertex 0.0140238 0.00957286 -0.003
    endloop
  endfacet
  facet normal -0.442288 0.896873 0
    outer loop
      vertex 0.0138946 0.00950918 0
      vertex 0.0140238 0.00957286 0
      vertex 0.0140238 0.00957286 -0.003
    endloop
  endfacet
  facet normal -0.480985 0.876729 0
    outer loop
      vertex 0.0140238 0.00957286 -0.003
      vertex 0.0140238 0.00957286 0
      vertex 0.01415 0.00964212 -0.003
    endloop
  endfacet
  facet normal -0.480985 0.876729 0
    outer loop
      vertex 0.0140238 0.00957286 0
      vertex 0.01415 0.00964212 0
      vertex 0.01415 0.00964212 -0.003
    endloop
  endfacet
  facet normal -0.518775 0.854911 0
    outer loop
      vertex 0.01415 0.00964212 -0.003
      vertex 0.01415 0.00964212 0
      vertex 0.0142731 0.00971681 -0.003
    endloop
  endfacet
  facet normal -0.518775 0.854911 0
    outer loop
      vertex 0.01415 0.00964212 0
      vertex 0.0142731 0.00971681 0
      vertex 0.0142731 0.00971681 -0.003
    endloop
  endfacet
  facet normal -0.55557 0.83147 0
    outer loop
      vertex 0.0142731 0.00971681 -0.003
      vertex 0.0142731 0.00971681 0
      vertex 0.0143928 0.0097968 -0.003
    endloop
  endfacet
  facet normal -0.55557 0.83147 0
    outer loop
      vertex 0.0142731 0.00971681 0
      vertex 0.0143928 0.0097968 0
      vertex 0.0143928 0.0097968 -0.003
    endloop
  endfacet
  facet normal -0.591313 0.806442 0
    outer loop
      vertex 0.0143928 0.0097968 -0.003
      vertex 0.0143928 0.0097968 0
      vertex 0.0145089 0.00988193 -0.003
    endloop
  endfacet
  facet normal -0.591313 0.806442 0
    outer loop
      vertex 0.0143928 0.0097968 0
      vertex 0.0145089 0.00988193 0
      vertex 0.0145089 0.00988193 -0.003
    endloop
  endfacet
  facet normal -0.625922 0.779885 0
    outer loop
      vertex 0.0145089 0.00988193 -0.003
      vertex 0.0145089 0.00988193 0
      vertex 0.0146212 0.00997205 -0.003
    endloop
  endfacet
  facet normal -0.625922 0.779885 0
    outer loop
      vertex 0.0145089 0.00988193 0
      vertex 0.0146212 0.00997205 0
      vertex 0.0146212 0.00997205 -0.003
    endloop
  endfacet
  facet normal -0.659346 0.751839 0
    outer loop
      vertex 0.0146212 0.00997205 -0.003
      vertex 0.0146212 0.00997205 0
      vertex 0.0147294 0.010067 -0.003
    endloop
  endfacet
  facet normal -0.659346 0.751839 0
    outer loop
      vertex 0.0146212 0.00997205 0
      vertex 0.0147294 0.010067 0
      vertex 0.0147294 0.010067 -0.003
    endloop
  endfacet
  facet normal -0.691511 0.722366 0
    outer loop
      vertex 0.0147294 0.010067 -0.003
      vertex 0.0147294 0.010067 0
      vertex 0.0148335 0.0101665 -0.003
    endloop
  endfacet
  facet normal -0.691511 0.722366 0
    outer loop
      vertex 0.0147294 0.010067 0
      vertex 0.0148335 0.0101665 0
      vertex 0.0148335 0.0101665 -0.003
    endloop
  endfacet
  facet normal -0.722366 0.691511 0
    outer loop
      vertex 0.0148335 0.0101665 -0.003
      vertex 0.0148335 0.0101665 0
      vertex 0.014933 0.0102706 -0.003
    endloop
  endfacet
  facet normal -0.722366 0.691511 0
    outer loop
      vertex 0.0148335 0.0101665 0
      vertex 0.014933 0.0102706 0
      vertex 0.014933 0.0102706 -0.003
    endloop
  endfacet
  facet normal -0.751839 0.659346 0
    outer loop
      vertex 0.014933 0.0102706 -0.003
      vertex 0.014933 0.0102706 0
      vertex 0.0150279 0.0103788 -0.003
    endloop
  endfacet
  facet normal -0.751839 0.659346 0
    outer loop
      vertex 0.014933 0.0102706 0
      vertex 0.0150279 0.0103788 0
      vertex 0.0150279 0.0103788 -0.003
    endloop
  endfacet
  facet normal -0.779883 0.625926 0
    outer loop
      vertex 0.0150279 0.0103788 -0.003
      vertex 0.0150279 0.0103788 0
      vertex 0.0151181 0.0104911 -0.003
    endloop
  endfacet
  facet normal -0.779883 0.625926 0
    outer loop
      vertex 0.0150279 0.0103788 0
      vertex 0.0151181 0.0104911 0
      vertex 0.0151181 0.0104911 -0.003
    endloop
  endfacet
  facet normal -0.806445 0.59131 0
    outer loop
      vertex 0.0151181 0.0104911 -0.003
      vertex 0.0151181 0.0104911 0
      vertex 0.0152032 0.0106072 -0.003
    endloop
  endfacet
  facet normal -0.806445 0.59131 0
    outer loop
      vertex 0.0151181 0.0104911 0
      vertex 0.0152032 0.0106072 0
      vertex 0.0152032 0.0106072 -0.003
    endloop
  endfacet
  facet normal -0.831471 0.555569 0
    outer loop
      vertex 0.0152032 0.0106072 -0.003
      vertex 0.0152032 0.0106072 0
      vertex 0.0152832 0.0107269 -0.003
    endloop
  endfacet
  facet normal -0.831471 0.555569 0
    outer loop
      vertex 0.0152032 0.0106072 0
      vertex 0.0152832 0.0107269 0
      vertex 0.0152832 0.0107269 -0.003
    endloop
  endfacet
  facet normal -0.854913 0.518772 0
    outer loop
      vertex 0.0152832 0.0107269 -0.003
      vertex 0.0152832 0.0107269 0
      vertex 0.0153579 0.01085 -0.003
    endloop
  endfacet
  facet normal -0.854913 0.518772 0
    outer loop
      vertex 0.0152832 0.0107269 0
      vertex 0.0153579 0.01085 0
      vertex 0.0153579 0.01085 -0.003
    endloop
  endfacet
  facet normal -0.876726 0.48099 0
    outer loop
      vertex 0.0153579 0.01085 -0.003
      vertex 0.0153579 0.01085 0
      vertex 0.0154271 0.0109762 -0.003
    endloop
  endfacet
  facet normal -0.876726 0.48099 0
    outer loop
      vertex 0.0153579 0.01085 0
      vertex 0.0154271 0.0109762 0
      vertex 0.0154271 0.0109762 -0.003
    endloop
  endfacet
  facet normal -0.896872 0.442291 0
    outer loop
      vertex 0.0154271 0.0109762 -0.003
      vertex 0.0154271 0.0109762 0
      vertex 0.0154908 0.0111054 -0.003
    endloop
  endfacet
  facet normal -0.896872 0.442291 0
    outer loop
      vertex 0.0154271 0.0109762 0
      vertex 0.0154908 0.0111054 0
      vertex 0.0154908 0.0111054 -0.003
    endloop
  endfacet
  facet normal -0.915311 0.402748 0
    outer loop
      vertex 0.0154908 0.0111054 -0.003
      vertex 0.0154908 0.0111054 0
      vertex 0.0155488 0.0112371 -0.003
    endloop
  endfacet
  facet normal -0.915311 0.402748 0
    outer loop
      vertex 0.0154908 0.0111054 0
      vertex 0.0155488 0.0112371 0
      vertex 0.0155488 0.0112371 -0.003
    endloop
  endfacet
  facet normal -0.932008 0.362437 0
    outer loop
      vertex 0.0155488 0.0112371 -0.003
      vertex 0.0155488 0.0112371 0
      vertex 0.015601 0.0113713 -0.003
    endloop
  endfacet
  facet normal -0.932008 0.362437 0
    outer loop
      vertex 0.0155488 0.0112371 0
      vertex 0.015601 0.0113713 0
      vertex 0.015601 0.0113713 -0.003
    endloop
  endfacet
  facet normal -0.946931 0.321437 0
    outer loop
      vertex 0.015601 0.0113713 -0.003
      vertex 0.015601 0.0113713 0
      vertex 0.0156473 0.0115077 -0.003
    endloop
  endfacet
  facet normal -0.946931 0.321437 0
    outer loop
      vertex 0.015601 0.0113713 0
      vertex 0.0156473 0.0115077 0
      vertex 0.0156473 0.0115077 -0.003
    endloop
  endfacet
  facet normal -0.96005 0.279828 0
    outer loop
      vertex 0.0156473 0.0115077 -0.003
      vertex 0.0156473 0.0115077 0
      vertex 0.0156876 0.0116459 -0.003
    endloop
  endfacet
  facet normal -0.96005 0.279828 0
    outer loop
      vertex 0.0156473 0.0115077 0
      vertex 0.0156876 0.0116459 0
      vertex 0.0156876 0.0116459 -0.003
    endloop
  endfacet
  facet normal -0.971341 0.237691 0
    outer loop
      vertex 0.0156876 0.0116459 -0.003
      vertex 0.0156876 0.0116459 0
      vertex 0.0157218 0.0117857 -0.003
    endloop
  endfacet
  facet normal -0.971341 0.237691 0
    outer loop
      vertex 0.0156876 0.0116459 0
      vertex 0.0157218 0.0117857 0
      vertex 0.0157218 0.0117857 -0.003
    endloop
  endfacet
  facet normal -0.980785 0.19509 0
    outer loop
      vertex 0.0157218 0.0117857 -0.003
      vertex 0.0157218 0.0117857 0
      vertex 0.0157499 0.011927 -0.003
    endloop
  endfacet
  facet normal -0.980785 0.19509 0
    outer loop
      vertex 0.0157218 0.0117857 0
      vertex 0.0157499 0.011927 0
      vertex 0.0157499 0.011927 -0.003
    endloop
  endfacet
  facet normal -0.988363 0.152114 0
    outer loop
      vertex 0.0157499 0.011927 -0.003
      vertex 0.0157499 0.011927 0
      vertex 0.0157718 0.0120693 -0.003
    endloop
  endfacet
  facet normal -0.988363 0.152114 0
    outer loop
      vertex 0.0157499 0.011927 0
      vertex 0.0157718 0.0120693 0
      vertex 0.0157718 0.0120693 -0.003
    endloop
  endfacet
  facet normal -0.994055 0.108877 0
    outer loop
      vertex 0.0157718 0.0120693 -0.003
      vertex 0.0157718 0.0120693 0
      vertex 0.0157874 0.0122124 -0.003
    endloop
  endfacet
  facet normal -0.994055 0.108877 0
    outer loop
      vertex 0.0157718 0.0120693 0
      vertex 0.0157874 0.0122124 0
      vertex 0.0157874 0.0122124 -0.003
    endloop
  endfacet
  facet normal -0.997859 0.0653967 0
    outer loop
      vertex 0.0157874 0.0122124 -0.003
      vertex 0.0157874 0.0122124 0
      vertex 0.0157969 0.0123561 -0.003
    endloop
  endfacet
  facet normal -0.997859 0.0653967 0
    outer loop
      vertex 0.0157874 0.0122124 0
      vertex 0.0157969 0.0123561 0
      vertex 0.0157969 0.0123561 -0.003
    endloop
  endfacet
  facet normal -0.999762 0.0218117 0
    outer loop
      vertex 0.0157969 0.0123561 -0.003
      vertex 0.0157969 0.0123561 0
      vertex 0.0158 0.0125 -0.003
    endloop
  endfacet
  facet normal -0.999762 0.0218117 0
    outer loop
      vertex 0.0157969 0.0123561 0
      vertex 0.0158 0.0125 0
      vertex 0.0158 0.0125 -0.003
    endloop
  endfacet
  facet normal -0.999762 -0.0218117 0
    outer loop
      vertex -0.0092 -0.0125 -0.003
      vertex -0.0092 -0.0125 0
      vertex -0.00920314 -0.0123561 -0.003
    endloop
  endfacet
  facet normal -0.999762 -0.0218117 0
    outer loop
      vertex -0.0092 -0.0125 0
      vertex -0.00920314 -0.0123561 0
      vertex -0.00920314 -0.0123561 -0.003
    endloop
  endfacet
  facet normal -0.997859 -0.0654032 0
    outer loop
      vertex -0.00920314 -0.0123561 -0.003
      vertex -0.00920314 -0.0123561 0
      vertex -0.00921256 -0.0122124 -0.003
    endloop
  endfacet
  facet normal -0.997859 -0.0654032 0
    outer loop
      vertex -0.00920314 -0.0123561 0
      vertex -0.00921256 -0.0122124 0
      vertex -0.00921256 -0.0122124 -0.003
    endloop
  endfacet
  facet normal -0.994056 -0.108871 0
    outer loop
      vertex -0.00921256 -0.0122124 -0.003
      vertex -0.00921256 -0.0122124 0
      vertex -0.00922823 -0.0120693 -0.003
    endloop
  endfacet
  facet normal -0.994056 -0.108871 0
    outer loop
      vertex -0.00921256 -0.0122124 0
      vertex -0.00922823 -0.0120693 0
      vertex -0.00922823 -0.0120693 -0.003
    endloop
  endfacet
  facet normal -0.988362 -0.15212 0
    outer loop
      vertex -0.00922823 -0.0120693 -0.003
      vertex -0.00922823 -0.0120693 0
      vertex -0.00925013 -0.011927 -0.003
    endloop
  endfacet
  facet normal -0.988362 -0.15212 0
    outer loop
      vertex -0.00922823 -0.0120693 0
      vertex -0.00925013 -0.011927 0
      vertex -0.00925013 -0.011927 -0.003
    endloop
  endfacet
  facet normal -0.980785 -0.19509 0
    outer loop
      vertex -0.00925013 -0.011927 -0.003
      vertex -0.00925013 -0.011927 0
      vertex -0.00927822 -0.0117857 -0.003
    endloop
  endfacet
  facet normal -0.980785 -0.19509 0
    outer loop
      vertex -0.00925013 -0.011927 0
      vertex -0.00927822 -0.0117857 0
      vertex -0.00927822 -0.0117857 -0.003
    endloop
  endfacet
  facet normal -0.971342 -0.237685 0
    outer loop
      vertex -0.00927822 -0.0117857 -0.003
      vertex -0.00927822 -0.0117857 0
      vertex -0.00931244 -0.0116459 -0.003
    endloop
  endfacet
  facet normal -0.971342 -0.237685 0
    outer loop
      vertex -0.00927822 -0.0117857 0
      vertex -0.00931244 -0.0116459 0
      vertex -0.00931244 -0.0116459 -0.003
    endloop
  endfacet
  facet normal -0.960048 -0.279834 0
    outer loop
      vertex -0.00931244 -0.0116459 -0.003
      vertex -0.00931244 -0.0116459 0
      vertex -0.00935273 -0.0115077 -0.003
    endloop
  endfacet
  facet normal -0.960048 -0.279834 0
    outer loop
      vertex -0.00931244 -0.0116459 0
      vertex -0.00935273 -0.0115077 0
      vertex -0.00935273 -0.0115077 -0.003
    endloop
  endfacet
  facet normal -0.946931 -0.321437 0
    outer loop
      vertex -0.00935273 -0.0115077 -0.003
      vertex -0.00935273 -0.0115077 0
      vertex -0.00939901 -0.0113713 -0.003
    endloop
  endfacet
  facet normal -0.946931 -0.321437 0
    outer loop
      vertex -0.00935273 -0.0115077 0
      vertex -0.00939901 -0.0113713 0
      vertex -0.00939901 -0.0113713 -0.003
    endloop
  endfacet
  facet normal -0.932008 -0.362437 0
    outer loop
      vertex -0.00939901 -0.0113713 -0.003
      vertex -0.00939901 -0.0113713 0
      vertex -0.0094512 -0.0112371 -0.003
    endloop
  endfacet
  facet normal -0.932008 -0.362437 0
    outer loop
      vertex -0.00939901 -0.0113713 0
      vertex -0.0094512 -0.0112371 0
      vertex -0.0094512 -0.0112371 -0.003
    endloop
  endfacet
  facet normal -0.915311 -0.402748 0
    outer loop
      vertex -0.0094512 -0.0112371 -0.003
      vertex -0.0094512 -0.0112371 0
      vertex -0.00950918 -0.0111054 -0.003
    endloop
  endfacet
  facet normal -0.915311 -0.402748 0
    outer loop
      vertex -0.0094512 -0.0112371 0
      vertex -0.00950918 -0.0111054 0
      vertex -0.00950918 -0.0111054 -0.003
    endloop
  endfacet
  facet normal -0.896872 -0.442291 0
    outer loop
      vertex -0.00950918 -0.0111054 -0.003
      vertex -0.00950918 -0.0111054 0
      vertex -0.00957286 -0.0109762 -0.003
    endloop
  endfacet
  facet normal -0.896872 -0.442291 0
    outer loop
      vertex -0.00950918 -0.0111054 0
      vertex -0.00957286 -0.0109762 0
      vertex -0.00957286 -0.0109762 -0.003
    endloop
  endfacet
  facet normal -0.876729 -0.480985 0
    outer loop
      vertex -0.00957286 -0.0109762 -0.003
      vertex -0.00957286 -0.0109762 0
      vertex -0.00964212 -0.01085 -0.003
    endloop
  endfacet
  facet normal -0.876729 -0.480985 0
    outer loop
      vertex -0.00957286 -0.0109762 0
      vertex -0.00964212 -0.01085 0
      vertex -0.00964212 -0.01085 -0.003
    endloop
  endfacet
  facet normal -0.854913 -0.518772 0
    outer loop
      vertex -0.00964212 -0.01085 -0.003
      vertex -0.00964212 -0.01085 0
      vertex -0.00971681 -0.0107269 -0.003
    endloop
  endfacet
  facet normal -0.854913 -0.518772 0
    outer loop
      vertex -0.00964212 -0.01085 0
      vertex -0.00971681 -0.0107269 0
      vertex -0.00971681 -0.0107269 -0.003
    endloop
  endfacet
  facet normal -0.831468 -0.555573 0
    outer loop
      vertex -0.00971681 -0.0107269 -0.003
      vertex -0.00971681 -0.0107269 0
      vertex -0.0097968 -0.0106072 -0.003
    endloop
  endfacet
  facet normal -0.831468 -0.555573 0
    outer loop
      vertex -0.00971681 -0.0107269 0
      vertex -0.0097968 -0.0106072 0
      vertex -0.0097968 -0.0106072 -0.003
    endloop
  endfacet
  facet normal -0.806445 -0.59131 0
    outer loop
      vertex -0.0097968 -0.0106072 -0.003
      vertex -0.0097968 -0.0106072 0
      vertex -0.00988193 -0.0104911 -0.003
    endloop
  endfacet
  facet normal -0.806445 -0.59131 0
    outer loop
      vertex -0.0097968 -0.0106072 0
      vertex -0.00988193 -0.0104911 0
      vertex -0.00988193 -0.0104911 -0.003
    endloop
  endfacet
  facet normal -0.779883 -0.625926 0
    outer loop
      vertex -0.00988193 -0.0104911 -0.003
      vertex -0.00988193 -0.0104911 0
      vertex -0.00997205 -0.0103788 -0.003
    endloop
  endfacet
  facet normal -0.779883 -0.625926 0
    outer loop
      vertex -0.00988193 -0.0104911 0
      vertex -0.00997205 -0.0103788 0
      vertex -0.00997205 -0.0103788 -0.003
    endloop
  endfacet
  facet normal -0.751839 -0.659346 0
    outer loop
      vertex -0.00997205 -0.0103788 -0.003
      vertex -0.00997205 -0.0103788 0
      vertex -0.010067 -0.0102706 -0.003
    endloop
  endfacet
  facet normal -0.751839 -0.659346 0
    outer loop
      vertex -0.00997205 -0.0103788 0
      vertex -0.010067 -0.0102706 0
      vertex -0.010067 -0.0102706 -0.003
    endloop
  endfacet
  facet normal -0.722369 -0.691508 0
    outer loop
      vertex -0.010067 -0.0102706 -0.003
      vertex -0.010067 -0.0102706 0
      vertex -0.0101665 -0.0101665 -0.003
    endloop
  endfacet
  facet normal -0.722369 -0.691508 0
    outer loop
      vertex -0.010067 -0.0102706 0
      vertex -0.0101665 -0.0101665 0
      vertex -0.0101665 -0.0101665 -0.003
    endloop
  endfacet
  facet normal -0.691508 -0.722369 0
    outer loop
      vertex -0.0101665 -0.0101665 -0.003
      vertex -0.0101665 -0.0101665 0
      vertex -0.0102706 -0.010067 -0.003
    endloop
  endfacet
  facet normal -0.691508 -0.722369 0
    outer loop
      vertex -0.0101665 -0.0101665 0
      vertex -0.0102706 -0.010067 0
      vertex -0.0102706 -0.010067 -0.003
    endloop
  endfacet
  facet normal -0.659346 -0.751839 0
    outer loop
      vertex -0.0102706 -0.010067 -0.003
      vertex -0.0102706 -0.010067 0
      vertex -0.0103788 -0.00997205 -0.003
    endloop
  endfacet
  facet normal -0.659346 -0.751839 0
    outer loop
      vertex -0.0102706 -0.010067 0
      vertex -0.0103788 -0.00997205 0
      vertex -0.0103788 -0.00997205 -0.003
    endloop
  endfacet
  facet normal -0.625926 -0.779883 0
    outer loop
      vertex -0.0103788 -0.00997205 -0.003
      vertex -0.0103788 -0.00997205 0
      vertex -0.0104911 -0.00988193 -0.003
    endloop
  endfacet
  facet normal -0.625926 -0.779883 0
    outer loop
      vertex -0.0103788 -0.00997205 0
      vertex -0.0104911 -0.00988193 0
      vertex -0.0104911 -0.00988193 -0.003
    endloop
  endfacet
  facet normal -0.59131 -0.806445 0
    outer loop
      vertex -0.0104911 -0.00988193 -0.003
      vertex -0.0104911 -0.00988193 0
      vertex -0.0106072 -0.0097968 -0.003
    endloop
  endfacet
  facet normal -0.59131 -0.806445 0
    outer loop
      vertex -0.0104911 -0.00988193 0
      vertex -0.0106072 -0.0097968 0
      vertex -0.0106072 -0.0097968 -0.003
    endloop
  endfacet
  facet normal -0.555573 -0.831468 0
    outer loop
      vertex -0.0106072 -0.0097968 -0.003
      vertex -0.0106072 -0.0097968 0
      vertex -0.0107269 -0.00971681 -0.003
    endloop
  endfacet
  facet normal -0.555573 -0.831468 0
    outer loop
      vertex -0.0106072 -0.0097968 0
      vertex -0.0107269 -0.00971681 0
      vertex -0.0107269 -0.00971681 -0.003
    endloop
  endfacet
  facet normal -0.518772 -0.854913 0
    outer loop
      vertex -0.0107269 -0.00971681 -0.003
      vertex -0.0107269 -0.00971681 0
      vertex -0.01085 -0.00964212 -0.003
    endloop
  endfacet
  facet normal -0.518772 -0.854913 0
    outer loop
      vertex -0.0107269 -0.00971681 0
      vertex -0.01085 -0.00964212 0
      vertex -0.01085 -0.00964212 -0.003
    endloop
  endfacet
  facet normal -0.480985 -0.876729 0
    outer loop
      vertex -0.01085 -0.00964212 -0.003
      vertex -0.01085 -0.00964212 0
      vertex -0.0109762 -0.00957286 -0.003
    endloop
  endfacet
  facet normal -0.480985 -0.876729 0
    outer loop
      vertex -0.01085 -0.00964212 0
      vertex -0.0109762 -0.00957286 0
      vertex -0.0109762 -0.00957286 -0.003
    endloop
  endfacet
  facet normal -0.442291 -0.896872 0
    outer loop
      vertex -0.0109762 -0.00957286 -0.003
      vertex -0.0109762 -0.00957286 0
      vertex -0.0111054 -0.00950918 -0.003
    endloop
  endfacet
  facet normal -0.442291 -0.896872 0
    outer loop
      vertex -0.0109762 -0.00957286 0
      vertex -0.0111054 -0.00950918 0
      vertex -0.0111054 -0.00950918 -0.003
    endloop
  endfacet
  facet normal -0.402748 -0.915311 0
    outer loop
      vertex -0.0111054 -0.00950918 -0.003
      vertex -0.0111054 -0.00950918 0
      vertex -0.0112371 -0.0094512 -0.003
    endloop
  endfacet
  facet normal -0.402748 -0.915311 0
    outer loop
      vertex -0.0111054 -0.00950918 0
      vertex -0.0112371 -0.0094512 0
      vertex -0.0112371 -0.0094512 -0.003
    endloop
  endfacet
  facet normal -0.362437 -0.932008 0
    outer loop
      vertex -0.0112371 -0.0094512 -0.003
      vertex -0.0112371 -0.0094512 0
      vertex -0.0113713 -0.00939901 -0.003
    endloop
  endfacet
  facet normal -0.362437 -0.932008 0
    outer loop
      vertex -0.0112371 -0.0094512 0
      vertex -0.0113713 -0.00939901 0
      vertex -0.0113713 -0.00939901 -0.003
    endloop
  endfacet
  facet normal -0.321437 -0.946931 0
    outer loop
      vertex -0.0113713 -0.00939901 -0.003
      vertex -0.0113713 -0.00939901 0
      vertex -0.0115077 -0.00935273 -0.003
    endloop
  endfacet
  facet normal -0.321437 -0.946931 0
    outer loop
      vertex -0.0113713 -0.00939901 0
      vertex -0.0115077 -0.00935273 0
      vertex -0.0115077 -0.00935273 -0.003
    endloop
  endfacet
  facet normal -0.279834 -0.960048 0
    outer loop
      vertex -0.0115077 -0.00935273 -0.003
      vertex -0.0115077 -0.00935273 0
      vertex -0.0116459 -0.00931244 -0.003
    endloop
  endfacet
  facet normal -0.279834 -0.960048 0
    outer loop
      vertex -0.0115077 -0.00935273 0
      vertex -0.0116459 -0.00931244 0
      vertex -0.0116459 -0.00931244 -0.003
    endloop
  endfacet
  facet normal -0.237685 -0.971342 0
    outer loop
      vertex -0.0116459 -0.00931244 -0.003
      vertex -0.0116459 -0.00931244 0
      vertex -0.0117857 -0.00927822 -0.003
    endloop
  endfacet
  facet normal -0.237685 -0.971342 0
    outer loop
      vertex -0.0116459 -0.00931244 0
      vertex -0.0117857 -0.00927822 0
      vertex -0.0117857 -0.00927822 -0.003
    endloop
  endfacet
  facet normal -0.19509 -0.980785 0
    outer loop
      vertex -0.0117857 -0.00927822 -0.003
      vertex -0.0117857 -0.00927822 0
      vertex -0.011927 -0.00925013 -0.003
    endloop
  endfacet
  facet normal -0.19509 -0.980785 0
    outer loop
      vertex -0.0117857 -0.00927822 0
      vertex -0.011927 -0.00925013 0
      vertex -0.011927 -0.00925013 -0.003
    endloop
  endfacet
  facet normal -0.15212 -0.988362 0
    outer loop
      vertex -0.011927 -0.00925013 -0.003
      vertex -0.011927 -0.00925013 0
      vertex -0.0120693 -0.00922823 -0.003
    endloop
  endfacet
  facet normal -0.15212 -0.988362 0
    outer loop
      vertex -0.011927 -0.00925013 0
      vertex -0.0120693 -0.00922823 0
      vertex -0.0120693 -0.00922823 -0.003
    endloop
  endfacet
  facet normal -0.108871 -0.994056 0
    outer loop
      vertex -0.0120693 -0.00922823 -0.003
      vertex -0.0120693 -0.00922823 0
      vertex -0.0122124 -0.00921256 -0.003
    endloop
  endfacet
  facet normal -0.108871 -0.994056 0
    outer loop
      vertex -0.0120693 -0.00922823 0
      vertex -0.0122124 -0.00921256 0
      vertex -0.0122124 -0.00921256 -0.003
    endloop
  endfacet
  facet normal -0.0654032 -0.997859 0
    outer loop
      vertex -0.0122124 -0.00921256 -0.003
      vertex -0.0122124 -0.00921256 0
      vertex -0.0123561 -0.00920314 -0.003
    endloop
  endfacet
  facet normal -0.0654032 -0.997859 0
    outer loop
      vertex -0.0122124 -0.00921256 0
      vertex -0.0123561 -0.00920314 0
      vertex -0.0123561 -0.00920314 -0.003
    endloop
  endfacet
  facet normal -0.0218117 -0.999762 0
    outer loop
      vertex -0.0123561 -0.00920314 -0.003
      vertex -0.0123561 -0.00920314 0
      vertex -0.0125 -0.0092 -0.003
    endloop
  endfacet
  facet normal -0.0218117 -0.999762 0
    outer loop
      vertex -0.0123561 -0.00920314 0
      vertex -0.0125 -0.0092 0
      vertex -0.0125 -0.0092 -0.003
    endloop
  endfacet
  facet normal 0.0218119 -0.999762 0
    outer loop
      vertex -0.0125 -0.0092 -0.003
      vertex -0.0125 -0.0092 0
      vertex -0.0126439 -0.00920314 -0.003
    endloop
  endfacet
  facet normal 0.0218119 -0.999762 0
    outer loop
      vertex -0.0125 -0.0092 0
      vertex -0.0126439 -0.00920314 0
      vertex -0.0126439 -0.00920314 -0.003
    endloop
  endfacet
  facet normal 0.0654027 -0.997859 0
    outer loop
      vertex -0.0126439 -0.00920314 -0.003
      vertex -0.0126439 -0.00920314 0
      vertex -0.0127876 -0.00921256 -0.003
    endloop
  endfacet
  facet normal 0.0654027 -0.997859 0
    outer loop
      vertex -0.0126439 -0.00920314 0
      vertex -0.0127876 -0.00921256 0
      vertex -0.0127876 -0.00921256 -0.003
    endloop
  endfacet
  facet normal 0.108871 -0.994056 0
    outer loop
      vertex -0.0127876 -0.00921256 -0.003
      vertex -0.0127876 -0.00921256 0
      vertex -0.0129307 -0.00922823 -0.003
    endloop
  endfacet
  facet normal 0.108871 -0.994056 0
    outer loop
      vertex -0.0127876 -0.00921256 0
      vertex -0.0129307 -0.00922823 0
      vertex -0.0129307 -0.00922823 -0.003
    endloop
  endfacet
  facet normal 0.15212 -0.988362 0
    outer loop
      vertex -0.0129307 -0.00922823 -0.003
      vertex -0.0129307 -0.00922823 0
      vertex -0.013073 -0.00925013 -0.003
    endloop
  endfacet
  facet normal 0.15212 -0.988362 0
    outer loop
      vertex -0.0129307 -0.00922823 0
      vertex -0.013073 -0.00925013 0
      vertex -0.013073 -0.00925013 -0.003
    endloop
  endfacet
  facet normal 0.19509 -0.980785 0
    outer loop
      vertex -0.013073 -0.00925013 -0.003
      vertex -0.013073 -0.00925013 0
      vertex -0.0132143 -0.00927822 -0.003
    endloop
  endfacet
  facet normal 0.19509 -0.980785 0
    outer loop
      vertex -0.013073 -0.00925013 0
      vertex -0.0132143 -0.00927822 0
      vertex -0.0132143 -0.00927822 -0.003
    endloop
  endfacet
  facet normal 0.237685 -0.971342 0
    outer loop
      vertex -0.0132143 -0.00927822 -0.003
      vertex -0.0132143 -0.00927822 0
      vertex -0.0133541 -0.00931244 -0.003
    endloop
  endfacet
  facet normal 0.237685 -0.971342 0
    outer loop
      vertex -0.0132143 -0.00927822 0
      vertex -0.0133541 -0.00931244 0
      vertex -0.0133541 -0.00931244 -0.003
    endloop
  endfacet
  facet normal 0.279834 -0.960048 0
    outer loop
      vertex -0.0133541 -0.00931244 -0.003
      vertex -0.0133541 -0.00931244 0
      vertex -0.0134923 -0.00935273 -0.003
    endloop
  endfacet
  facet normal 0.279834 -0.960048 0
    outer loop
      vertex -0.0133541 -0.00931244 0
      vertex -0.0134923 -0.00935273 0
      vertex -0.0134923 -0.00935273 -0.003
    endloop
  endfacet
  facet normal 0.321439 -0.94693 0
    outer loop
      vertex -0.0134923 -0.00935273 -0.003
      vertex -0.0134923 -0.00935273 0
      vertex -0.0136287 -0.00939901 -0.003
    endloop
  endfacet
  facet normal 0.321439 -0.94693 0
    outer loop
      vertex -0.0134923 -0.00935273 0
      vertex -0.0136287 -0.00939901 0
      vertex -0.0136287 -0.00939901 -0.003
    endloop
  endfacet
  facet normal 0.362437 -0.932008 0
    outer loop
      vertex -0.0136287 -0.00939901 -0.003
      vertex -0.0136287 -0.00939901 0
      vertex -0.0137629 -0.0094512 -0.003
    endloop
  endfacet
  facet normal 0.362437 -0.932008 0
    outer loop
      vertex -0.0136287 -0.00939901 0
      vertex -0.0137629 -0.0094512 0
      vertex -0.0137629 -0.0094512 -0.003
    endloop
  endfacet
  facet normal 0.402748 -0.915311 0
    outer loop
      vertex -0.0137629 -0.0094512 -0.003
      vertex -0.0137629 -0.0094512 0
      vertex -0.0138946 -0.00950918 -0.003
    endloop
  endfacet
  facet normal 0.402748 -0.915311 0
    outer loop
      vertex -0.0137629 -0.0094512 0
      vertex -0.0138946 -0.00950918 0
      vertex -0.0138946 -0.00950918 -0.003
    endloop
  endfacet
  facet normal 0.442288 -0.896873 0
    outer loop
      vertex -0.0138946 -0.00950918 -0.003
      vertex -0.0138946 -0.00950918 0
      vertex -0.0140238 -0.00957286 -0.003
    endloop
  endfacet
  facet normal 0.442288 -0.896873 0
    outer loop
      vertex -0.0138946 -0.00950918 0
      vertex -0.0140238 -0.00957286 0
      vertex -0.0140238 -0.00957286 -0.003
    endloop
  endfacet
  facet normal 0.480985 -0.876729 0
    outer loop
      vertex -0.0140238 -0.00957286 -0.003
      vertex -0.0140238 -0.00957286 0
      vertex -0.01415 -0.00964212 -0.003
    endloop
  endfacet
  facet normal 0.480985 -0.876729 0
    outer loop
      vertex -0.0140238 -0.00957286 0
      vertex -0.01415 -0.00964212 0
      vertex -0.01415 -0.00964212 -0.003
    endloop
  endfacet
  facet normal 0.518775 -0.854911 0
    outer loop
      vertex -0.01415 -0.00964212 -0.003
      vertex -0.01415 -0.00964212 0
      vertex -0.0142731 -0.00971681 -0.003
    endloop
  endfacet
  facet normal 0.518775 -0.854911 0
    outer loop
      vertex -0.01415 -0.00964212 0
      vertex -0.0142731 -0.00971681 0
      vertex -0.0142731 -0.00971681 -0.003
    endloop
  endfacet
  facet normal 0.55557 -0.83147 0
    outer loop
      vertex -0.0142731 -0.00971681 -0.003
      vertex -0.0142731 -0.00971681 0
      vertex -0.0143928 -0.0097968 -0.003
    endloop
  endfacet
  facet normal 0.55557 -0.83147 0
    outer loop
      vertex -0.0142731 -0.00971681 0
      vertex -0.0143928 -0.0097968 0
      vertex -0.0143928 -0.0097968 -0.003
    endloop
  endfacet
  facet normal 0.591313 -0.806442 0
    outer loop
      vertex -0.0143928 -0.0097968 -0.003
      vertex -0.0143928 -0.0097968 0
      vertex -0.0145089 -0.00988193 -0.003
    endloop
  endfacet
  facet normal 0.591313 -0.806442 0
    outer loop
      vertex -0.0143928 -0.0097968 0
      vertex -0.0145089 -0.00988193 0
      vertex -0.0145089 -0.00988193 -0.003
    endloop
  endfacet
  facet normal 0.625922 -0.779885 0
    outer loop
      vertex -0.0145089 -0.00988193 -0.003
      vertex -0.0145089 -0.00988193 0
      vertex -0.0146212 -0.00997205 -0.003
    endloop
  endfacet
  facet normal 0.625922 -0.779885 0
    outer loop
      vertex -0.0145089 -0.00988193 0
      vertex -0.0146212 -0.00997205 0
      vertex -0.0146212 -0.00997205 -0.003
    endloop
  endfacet
  facet normal 0.659346 -0.751839 0
    outer loop
      vertex -0.0146212 -0.00997205 -0.003
      vertex -0.0146212 -0.00997205 0
      vertex -0.0147294 -0.010067 -0.003
    endloop
  endfacet
  facet normal 0.659346 -0.751839 0
    outer loop
      vertex -0.0146212 -0.00997205 0
      vertex -0.0147294 -0.010067 0
      vertex -0.0147294 -0.010067 -0.003
    endloop
  endfacet
  facet normal 0.691511 -0.722366 0
    outer loop
      vertex -0.0147294 -0.010067 -0.003
      vertex -0.0147294 -0.010067 0
      vertex -0.0148335 -0.0101665 -0.003
    endloop
  endfacet
  facet normal 0.691511 -0.722366 0
    outer loop
      vertex -0.0147294 -0.010067 0
      vertex -0.0148335 -0.0101665 0
      vertex -0.0148335 -0.0101665 -0.003
    endloop
  endfacet
  facet normal 0.722366 -0.691511 0
    outer loop
      vertex -0.0148335 -0.0101665 -0.003
      vertex -0.0148335 -0.0101665 0
      vertex -0.014933 -0.0102706 -0.003
    endloop
  endfacet
  facet normal 0.722366 -0.691511 0
    outer loop
      vertex -0.0148335 -0.0101665 0
      vertex -0.014933 -0.0102706 0
      vertex -0.014933 -0.0102706 -0.003
    endloop
  endfacet
  facet normal 0.751839 -0.659346 0
    outer loop
      vertex -0.014933 -0.0102706 -0.003
      vertex -0.014933 -0.0102706 0
      vertex -0.0150279 -0.0103788 -0.003
    endloop
  endfacet
  facet normal 0.751839 -0.659346 0
    outer loop
      vertex -0.014933 -0.0102706 0
      vertex -0.0150279 -0.0103788 0
      vertex -0.0150279 -0.0103788 -0.003
    endloop
  endfacet
  facet normal 0.779883 -0.625926 0
    outer loop
      vertex -0.0150279 -0.0103788 -0.003
      vertex -0.0150279 -0.0103788 0
      vertex -0.0151181 -0.0104911 -0.003
    endloop
  endfacet
  facet normal 0.779883 -0.625926 0
    outer loop
      vertex -0.0150279 -0.0103788 0
      vertex -0.0151181 -0.0104911 0
      vertex -0.0151181 -0.0104911 -0.003
    endloop
  endfacet
  facet normal 0.806445 -0.59131 0
    outer loop
      vertex -0.0151181 -0.0104911 -0.003
      vertex -0.0151181 -0.0104911 0
      vertex -0.0152032 -0.0106072 -0.003
    endloop
  endfacet
  facet normal 0.806445 -0.59131 0
    outer loop
      vertex -0.0151181 -0.0104911 0
      vertex -0.0152032 -0.0106072 0
      vertex -0.0152032 -0.0106072 -0.003
    endloop
  endfacet
  facet normal 0.831471 -0.555569 0
    outer loop
      vertex -0.0152032 -0.0106072 -0.003
      vertex -0.0152032 -0.0106072 0
      vertex -0.0152832 -0.0107269 -0.003
    endloop
  endfacet
  facet normal 0.831471 -0.555569 0
    outer loop
      vertex -0.0152032 -0.0106072 0
      vertex -0.0152832 -0.0107269 0
      vertex -0.0152832 -0.0107269 -0.003
    endloop
  endfacet
  facet normal 0.854913 -0.518772 0
    outer loop
      vertex -0.0152832 -0.0107269 -0.003
      vertex -0.0152832 -0.0107269 0
      vertex -0.0153579 -0.01085 -0.003
    endloop
  endfacet
  facet normal 0.854913 -0.518772 0
    outer loop
      vertex -0.0152832 -0.0107269 0
      vertex -0.0153579 -0.01085 0
      vertex -0.0153579 -0.01085 -0.003
    endloop
  endfacet
  facet normal 0.876726 -0.48099 0
    outer loop
      vertex -0.0153579 -0.01085 -0.003
      vertex -0.0153579 -0.01085 0
      vertex -0.0154271 -0.0109762 -0.003
    endloop
  endfacet
  facet normal 0.876726 -0.48099 0
    outer loop
      vertex -0.0153579 -0.01085 0
      vertex -0.0154271 -0.0109762 0
      vertex -0.0154271 -0.0109762 -0.003
    endloop
  endfacet
  facet normal 0.896872 -0.442291 0
    outer loop
      vertex -0.0154271 -0.0109762 -0.003
      vertex -0.0154271 -0.0109762 0
      vertex -0.0154908 -0.0111054 -0.003
    endloop
  endfacet
  facet normal 0.896872 -0.442291 0
    outer loop
      vertex -0.0154271 -0.0109762 0
      vertex -0.0154908 -0.0111054 0
      vertex -0.0154908 -0.0111054 -0.003
    endloop
  endfacet
  facet normal 0.915311 -0.402748 0
    outer loop
      vertex -0.0154908 -0.0111054 -0.003
      vertex -0.0154908 -0.0111054 0
      vertex -0.0155488 -0.0112371 -0.003
    endloop
  endfacet
  facet normal 0.915311 -0.402748 0
    outer loop
      vertex -0.0154908 -0.0111054 0
      vertex -0.0155488 -0.0112371 0
      vertex -0.0155488 -0.0112371 -0.003
    endloop
  endfacet
  facet normal 0.932008 -0.362437 0
    outer loop
      vertex -0.0155488 -0.0112371 -0.003
      vertex -0.0155488 -0.0112371 0
      vertex -0.015601 -0.0113713 -0.003
    endloop
  endfacet
  facet normal 0.932008 -0.362437 0
    outer loop
      vertex -0.0155488 -0.0112371 0
      vertex -0.015601 -0.0113713 0
      vertex -0.015601 -0.0113713 -0.003
    endloop
  endfacet
  facet normal 0.946931 -0.321437 0
    outer loop
      vertex -0.015601 -0.0113713 -0.003
      vertex -0.015601 -0.0113713 0
      vertex -0.0156473 -0.0115077 -0.003
    endloop
  endfacet
  facet normal 0.946931 -0.321437 0
    outer loop
      vertex -0.015601 -0.0113713 0
      vertex -0.0156473 -0.0115077 0
      vertex -0.0156473 -0.0115077 -0.003
    endloop
  endfacet
  facet normal 0.96005 -0.279828 0
    outer loop
      vertex -0.0156473 -0.0115077 -0.003
      vertex -0.0156473 -0.0115077 0
      vertex -0.0156876 -0.0116459 -0.003
    endloop
  endfacet
  facet normal 0.96005 -0.279828 0
    outer loop
      vertex -0.0156473 -0.0115077 0
      vertex -0.0156876 -0.0116459 0
      vertex -0.0156876 -0.0116459 -0.003
    endloop
  endfacet
  facet normal 0.971341 -0.237691 0
    outer loop
      vertex -0.0156876 -0.0116459 -0.003
      vertex -0.0156876 -0.0116459 0
      vertex -0.0157218 -0.0117857 -0.003
    endloop
  endfacet
  facet normal 0.971341 -0.237691 0
    outer loop
      vertex -0.0156876 -0.0116459 0
      vertex -0.0157218 -0.0117857 0
      vertex -0.0157218 -0.0117857 -0.003
    endloop
  endfacet
  facet normal 0.980785 -0.19509 0
    outer loop
      vertex -0.0157218 -0.0117857 -0.003
      vertex -0.0157218 -0.0117857 0
      vertex -0.0157499 -0.011927 -0.003
    endloop
  endfacet
  facet normal 0.980785 -0.19509 0
    outer loop
      vertex -0.0157218 -0.0117857 0
      vertex -0.0157499 -0.011927 0
      vertex -0.0157499 -0.011927 -0.003
    endloop
  endfacet
  facet normal 0.988363 -0.152114 0
    outer loop
      vertex -0.0157499 -0.011927 -0.003
      vertex -0.0157499 -0.011927 0
      vertex -0.0157718 -0.0120693 -0.003
    endloop
  endfacet
  facet normal 0.988363 -0.152114 0
    outer loop
      vertex -0.0157499 -0.011927 0
      vertex -0.0157718 -0.0120693 0
      vertex -0.0157718 -0.0120693 -0.003
    endloop
  endfacet
  facet normal 0.994055 -0.108877 0
    outer loop
      vertex -0.0157718 -0.0120693 -0.003
      vertex -0.0157718 -0.0120693 0
      vertex -0.0157874 -0.0122124 -0.003
    endloop
  endfacet
  facet normal 0.994055 -0.108877 0
    outer loop
      vertex -0.0157718 -0.0120693 0
      vertex -0.0157874 -0.0122124 0
      vertex -0.0157874 -0.0122124 -0.003
    endloop
  endfacet
  facet normal 0.997859 -0.0653967 0
    outer loop
      vertex -0.0157874 -0.0122124 -0.003
      vertex -0.0157874 -0.0122124 0
      vertex -0.0157969 -0.0123561 -0.003
    endloop
  endfacet
  facet normal 0.997859 -0.0653967 0
    outer loop
      vertex -0.0157874 -0.0122124 0
      vertex -0.0157969 -0.0123561 0
      vertex -0.0157969 -0.0123561 -0.003
    endloop
  endfacet
  facet normal 0.999762 -0.0218117 0
    outer loop
      vertex -0.0157969 -0.0123561 -0.003
      vertex -0.0157969 -0.0123561 0
      vertex -0.0158 -0.0125 -0.003
    endloop
  endfacet
  facet normal 0.999762 -0.0218117 0
    outer loop
      vertex -0.0157969 -0.0123561 0
      vertex -0.0158 -0.0125 0
      vertex -0.0158 -0.0125 -0.003
    endloop
  endfacet
  facet normal 0.999762 0.0218119 0
    outer loop
      vertex -0.0158 -0.0125 -0.003
      vertex -0.0158 -0.0125 0
      vertex -0.0157969 -0.0126439 -0.003
    endloop
  endfacet
  facet normal 0.999762 0.0218119 0
    outer loop
      vertex -0.0158 -0.0125 0
      vertex -0.0157969 -0.0126439 0
      vertex -0.0157969 -0.0126439 -0.003
    endloop
  endfacet
  facet normal 0.997859 0.0653963 0
    outer loop
      vertex -0.0157969 -0.0126439 -0.003
      vertex -0.0157969 -0.0126439 0
      vertex -0.0157874 -0.0127876 -0.003
    endloop
  endfacet
  facet normal 0.997859 0.0653963 0
    outer loop
      vertex -0.0157969 -0.0126439 0
      vertex -0.0157874 -0.0127876 0
      vertex -0.0157874 -0.0127876 -0.003
    endloop
  endfacet
  facet normal 0.994055 0.108877 0
    outer loop
      vertex -0.0157874 -0.0127876 -0.003
      vertex -0.0157874 -0.0127876 0
      vertex -0.0157718 -0.0129307 -0.003
    endloop
  endfacet
  facet normal 0.994055 0.108877 0
    outer loop
      vertex -0.0157874 -0.0127876 0
      vertex -0.0157718 -0.0129307 0
      vertex -0.0157718 -0.0129307 -0.003
    endloop
  endfacet
  facet normal 0.988363 0.152114 0
    outer loop
      vertex -0.0157718 -0.0129307 -0.003
      vertex -0.0157718 -0.0129307 0
      vertex -0.0157499 -0.013073 -0.003
    endloop
  endfacet
  facet normal 0.988363 0.152114 0
    outer loop
      vertex -0.0157718 -0.0129307 0
      vertex -0.0157499 -0.013073 0
      vertex -0.0157499 -0.013073 -0.003
    endloop
  endfacet
  facet normal 0.980785 0.19509 0
    outer loop
      vertex -0.0157499 -0.013073 -0.003
      vertex -0.0157499 -0.013073 0
      vertex -0.0157218 -0.0132143 -0.003
    endloop
  endfacet
  facet normal 0.980785 0.19509 0
    outer loop
      vertex -0.0157499 -0.013073 0
      vertex -0.0157218 -0.0132143 0
      vertex -0.0157218 -0.0132143 -0.003
    endloop
  endfacet
  facet normal 0.971341 0.237691 0
    outer loop
      vertex -0.0157218 -0.0132143 -0.003
      vertex -0.0157218 -0.0132143 0
      vertex -0.0156876 -0.0133541 -0.003
    endloop
  endfacet
  facet normal 0.971341 0.237691 0
    outer loop
      vertex -0.0157218 -0.0132143 0
      vertex -0.0156876 -0.0133541 0
      vertex -0.0156876 -0.0133541 -0.003
    endloop
  endfacet
  facet normal 0.96005 0.279828 0
    outer loop
      vertex -0.0156876 -0.0133541 -0.003
      vertex -0.0156876 -0.0133541 0
      vertex -0.0156473 -0.0134923 -0.003
    endloop
  endfacet
  facet normal 0.96005 0.279828 0
    outer loop
      vertex -0.0156876 -0.0133541 0
      vertex -0.0156473 -0.0134923 0
      vertex -0.0156473 -0.0134923 -0.003
    endloop
  endfacet
  facet normal 0.94693 0.321439 0
    outer loop
      vertex -0.0156473 -0.0134923 -0.003
      vertex -0.0156473 -0.0134923 0
      vertex -0.015601 -0.0136287 -0.003
    endloop
  endfacet
  facet normal 0.94693 0.321439 0
    outer loop
      vertex -0.0156473 -0.0134923 0
      vertex -0.015601 -0.0136287 0
      vertex -0.015601 -0.0136287 -0.003
    endloop
  endfacet
  facet normal 0.932008 0.362437 0
    outer loop
      vertex -0.015601 -0.0136287 -0.003
      vertex -0.015601 -0.0136287 0
      vertex -0.0155488 -0.0137629 -0.003
    endloop
  endfacet
  facet normal 0.932008 0.362437 0
    outer loop
      vertex -0.015601 -0.0136287 0
      vertex -0.0155488 -0.0137629 0
      vertex -0.0155488 -0.0137629 -0.003
    endloop
  endfacet
  facet normal 0.915311 0.402748 0
    outer loop
      vertex -0.0155488 -0.0137629 -0.003
      vertex -0.0155488 -0.0137629 0
      vertex -0.0154908 -0.0138946 -0.003
    endloop
  endfacet
  facet normal 0.915311 0.402748 0
    outer loop
      vertex -0.0155488 -0.0137629 0
      vertex -0.0154908 -0.0138946 0
      vertex -0.0154908 -0.0138946 -0.003
    endloop
  endfacet
  facet normal 0.896873 0.442288 0
    outer loop
      vertex -0.0154908 -0.0138946 -0.003
      vertex -0.0154908 -0.0138946 0
      vertex -0.0154271 -0.0140238 -0.003
    endloop
  endfacet
  facet normal 0.896873 0.442288 0
    outer loop
      vertex -0.0154908 -0.0138946 0
      vertex -0.0154271 -0.0140238 0
      vertex -0.0154271 -0.0140238 -0.003
    endloop
  endfacet
  facet normal 0.876726 0.48099 0
    outer loop
      vertex -0.0154271 -0.0140238 -0.003
      vertex -0.0154271 -0.0140238 0
      vertex -0.0153579 -0.01415 -0.003
    endloop
  endfacet
  facet normal 0.876726 0.48099 0
    outer loop
      vertex -0.0154271 -0.0140238 0
      vertex -0.0153579 -0.01415 0
      vertex -0.0153579 -0.01415 -0.003
    endloop
  endfacet
  facet normal 0.854911 0.518775 0
    outer loop
      vertex -0.0153579 -0.01415 -0.003
      vertex -0.0153579 -0.01415 0
      vertex -0.0152832 -0.0142731 -0.003
    endloop
  endfacet
  facet normal 0.854911 0.518775 0
    outer loop
      vertex -0.0153579 -0.01415 0
      vertex -0.0152832 -0.0142731 0
      vertex -0.0152832 -0.0142731 -0.003
    endloop
  endfacet
  facet normal 0.831473 0.555566 0
    outer loop
      vertex -0.0152832 -0.0142731 -0.003
      vertex -0.0152832 -0.0142731 0
      vertex -0.0152032 -0.0143928 -0.003
    endloop
  endfacet
  facet normal 0.831473 0.555566 0
    outer loop
      vertex -0.0152832 -0.0142731 0
      vertex -0.0152032 -0.0143928 0
      vertex -0.0152032 -0.0143928 -0.003
    endloop
  endfacet
  facet normal 0.806442 0.591313 0
    outer loop
      vertex -0.0152032 -0.0143928 -0.003
      vertex -0.0152032 -0.0143928 0
      vertex -0.0151181 -0.0145089 -0.003
    endloop
  endfacet
  facet normal 0.806442 0.591313 0
    outer loop
      vertex -0.0152032 -0.0143928 0
      vertex -0.0151181 -0.0145089 0
      vertex -0.0151181 -0.0145089 -0.003
    endloop
  endfacet
  facet normal 0.779885 0.625922 0
    outer loop
      vertex -0.0151181 -0.0145089 -0.003
      vertex -0.0151181 -0.0145089 0
      vertex -0.0150279 -0.0146212 -0.003
    endloop
  endfacet
  facet normal 0.779885 0.625922 0
    outer loop
      vertex -0.0151181 -0.0145089 0
      vertex -0.0150279 -0.0146212 0
      vertex -0.0150279 -0.0146212 -0.003
    endloop
  endfacet
  facet normal 0.751839 0.659346 0
    outer loop
      vertex -0.0150279 -0.0146212 -0.003
      vertex -0.0150279 -0.0146212 0
      vertex -0.014933 -0.0147294 -0.003
    endloop
  endfacet
  facet normal 0.751839 0.659346 0
    outer loop
      vertex -0.0150279 -0.0146212 0
      vertex -0.014933 -0.0147294 0
      vertex -0.014933 -0.0147294 -0.003
    endloop
  endfacet
  facet normal 0.722363 0.691514 0
    outer loop
      vertex -0.014933 -0.0147294 -0.003
      vertex -0.014933 -0.0147294 0
      vertex -0.0148335 -0.0148335 -0.003
    endloop
  endfacet
  facet normal 0.722363 0.691514 0
    outer loop
      vertex -0.014933 -0.0147294 0
      vertex -0.0148335 -0.0148335 0
      vertex -0.0148335 -0.0148335 -0.003
    endloop
  endfacet
  facet normal 0.691514 0.722363 0
    outer loop
      vertex -0.0148335 -0.0148335 -0.003
      vertex -0.0148335 -0.0148335 0
      vertex -0.0147294 -0.014933 -0.003
    endloop
  endfacet
  facet normal 0.691514 0.722363 0
    outer loop
      vertex -0.0148335 -0.0148335 0
      vertex -0.0147294 -0.014933 0
      vertex -0.0147294 -0.014933 -0.003
    endloop
  endfacet
  facet normal 0.659346 0.751839 0
    outer loop
      vertex -0.0147294 -0.014933 -0.003
      vertex -0.0147294 -0.014933 0
      vertex -0.0146212 -0.0150279 -0.003
    endloop
  endfacet
  facet normal 0.659346 0.751839 0
    outer loop
      vertex -0.0147294 -0.014933 0
      vertex -0.0146212 -0.0150279 0
      vertex -0.0146212 -0.0150279 -0.003
    endloop
  endfacet
  facet normal 0.625922 0.779885 0
    outer loop
      vertex -0.0146212 -0.0150279 -0.003
      vertex -0.0146212 -0.0150279 0
      vertex -0.0145089 -0.0151181 -0.003
    endloop
  endfacet
  facet normal 0.625922 0.779885 0
    outer loop
      vertex -0.0146212 -0.0150279 0
      vertex -0.0145089 -0.0151181 0
      vertex -0.0145089 -0.0151181 -0.003
    endloop
  endfacet
  facet normal 0.591313 0.806442 0
    outer loop
      vertex -0.0145089 -0.0151181 -0.003
      vertex -0.0145089 -0.0151181 0
      vertex -0.0143928 -0.0152032 -0.003
    endloop
  endfacet
  facet normal 0.591313 0.806442 0
    outer loop
      vertex -0.0145089 -0.0151181 0
      vertex -0.0143928 -0.0152032 0
      vertex -0.0143928 -0.0152032 -0.003
    endloop
  endfacet
  facet normal 0.555566 0.831473 0
    outer loop
      vertex -0.0143928 -0.0152032 -0.003
      vertex -0.0143928 -0.0152032 0
      vertex -0.0142731 -0.0152832 -0.003
    endloop
  endfacet
  facet normal 0.555566 0.831473 0
    outer loop
      vertex -0.0143928 -0.0152032 0
      vertex -0.0142731 -0.0152832 0
      vertex -0.0142731 -0.0152832 -0.003
    endloop
  endfacet
  facet normal 0.518775 0.854911 0
    outer loop
      vertex -0.0142731 -0.0152832 -0.003
      vertex -0.0142731 -0.0152832 0
      vertex -0.01415 -0.0153579 -0.003
    endloop
  endfacet
  facet normal 0.518775 0.854911 0
    outer loop
      vertex -0.0142731 -0.0152832 0
      vertex -0.01415 -0.0153579 0
      vertex -0.01415 -0.0153579 -0.003
    endloop
  endfacet
  facet normal 0.48099 0.876726 0
    outer loop
      vertex -0.01415 -0.0153579 -0.003
      vertex -0.01415 -0.0153579 0
      vertex -0.0140238 -0.0154271 -0.003
    endloop
  endfacet
  facet normal 0.48099 0.876726 0
    outer loop
      vertex -0.01415 -0.0153579 0
      vertex -0.0140238 -0.0154271 0
      vertex -0.0140238 -0.0154271 -0.003
    endloop
  endfacet
  facet normal 0.442288 0.896873 0
    outer loop
      vertex -0.0140238 -0.0154271 -0.003
      vertex -0.0140238 -0.0154271 0
      vertex -0.0138946 -0.0154908 -0.003
    endloop
  endfacet
  facet normal 0.442288 0.896873 0
    outer loop
      vertex -0.0140238 -0.0154271 0
      vertex -0.0138946 -0.0154908 0
      vertex -0.0138946 -0.0154908 -0.003
    endloop
  endfacet
  facet normal 0.402748 0.915311 0
    outer loop
      vertex -0.0138946 -0.0154908 -0.003
      vertex -0.0138946 -0.0154908 0
      vertex -0.0137629 -0.0155488 -0.003
    endloop
  endfacet
  facet normal 0.402748 0.915311 0
    outer loop
      vertex -0.0138946 -0.0154908 0
      vertex -0.0137629 -0.0155488 0
      vertex -0.0137629 -0.0155488 -0.003
    endloop
  endfacet
  facet normal 0.362437 0.932008 0
    outer loop
      vertex -0.0137629 -0.0155488 -0.003
      vertex -0.0137629 -0.0155488 0
      vertex -0.0136287 -0.015601 -0.003
    endloop
  endfacet
  facet normal 0.362437 0.932008 0
    outer loop
      vertex -0.0137629 -0.0155488 0
      vertex -0.0136287 -0.015601 0
      vertex -0.0136287 -0.015601 -0.003
    endloop
  endfacet
  facet normal 0.321439 0.94693 0
    outer loop
      vertex -0.0136287 -0.015601 -0.003
      vertex -0.0136287 -0.015601 0
      vertex -0.0134923 -0.0156473 -0.003
    endloop
  endfacet
  facet normal 0.321439 0.94693 0
    outer loop
      vertex -0.0136287 -0.015601 0
      vertex -0.0134923 -0.0156473 0
      vertex -0.0134923 -0.0156473 -0.003
    endloop
  endfacet
  facet normal 0.279828 0.96005 0
    outer loop
      vertex -0.0134923 -0.0156473 -0.003
      vertex -0.0134923 -0.0156473 0
      vertex -0.0133541 -0.0156876 -0.003
    endloop
  endfacet
  facet normal 0.279828 0.96005 0
    outer loop
      vertex -0.0134923 -0.0156473 0
      vertex -0.0133541 -0.0156876 0
      vertex -0.0133541 -0.0156876 -0.003
    endloop
  endfacet
  facet normal 0.237691 0.971341 0
    outer loop
      vertex -0.0133541 -0.0156876 -0.003
      vertex -0.0133541 -0.0156876 0
      vertex -0.0132143 -0.0157218 -0.003
    endloop
  endfacet
  facet normal 0.237691 0.971341 0
    outer loop
      vertex -0.0133541 -0.0156876 0
      vertex -0.0132143 -0.0157218 0
      vertex -0.0132143 -0.0157218 -0.003
    endloop
  endfacet
  facet normal 0.19509 0.980785 0
    outer loop
      vertex -0.0132143 -0.0157218 -0.003
      vertex -0.0132143 -0.0157218 0
      vertex -0.013073 -0.0157499 -0.003
    endloop
  endfacet
  facet normal 0.19509 0.980785 0
    outer loop
      vertex -0.0132143 -0.0157218 0
      vertex -0.013073 -0.0157499 0
      vertex -0.013073 -0.0157499 -0.003
    endloop
  endfacet
  facet normal 0.152114 0.988363 0
    outer loop
      vertex -0.013073 -0.0157499 -0.003
      vertex -0.013073 -0.0157499 0
      vertex -0.0129307 -0.0157718 -0.003
    endloop
  endfacet
  facet normal 0.152114 0.988363 0
    outer loop
      vertex -0.013073 -0.0157499 0
      vertex -0.0129307 -0.0157718 0
      vertex -0.0129307 -0.0157718 -0.003
    endloop
  endfacet
  facet normal 0.108877 0.994055 0
    outer loop
      vertex -0.0129307 -0.0157718 -0.003
      vertex -0.0129307 -0.0157718 0
      vertex -0.0127876 -0.0157874 -0.003
    endloop
  endfacet
  facet normal 0.108877 0.994055 0
    outer loop
      vertex -0.0129307 -0.0157718 0
      vertex -0.0127876 -0.0157874 0
      vertex -0.0127876 -0.0157874 -0.003
    endloop
  endfacet
  facet normal 0.0653963 0.997859 0
    outer loop
      vertex -0.0127876 -0.0157874 -0.003
      vertex -0.0127876 -0.0157874 0
      vertex -0.0126439 -0.0157969 -0.003
    endloop
  endfacet
  facet normal 0.0653963 0.997859 0
    outer loop
      vertex -0.0127876 -0.0157874 0
      vertex -0.0126439 -0.0157969 0
      vertex -0.0126439 -0.0157969 -0.003
    endloop
  endfacet
  facet normal 0.0218119 0.999762 0
    outer loop
      vertex -0.0126439 -0.0157969 -0.003
      vertex -0.0126439 -0.0157969 0
      vertex -0.0125 -0.0158 -0.003
    endloop
  endfacet
  facet normal 0.0218119 0.999762 0
    outer loop
      vertex -0.0126439 -0.0157969 0
      vertex -0.0125 -0.0158 0
      vertex -0.0125 -0.0158 -0.003
    endloop
  endfacet
  facet normal -0.0218117 0.999762 0
    outer loop
      vertex -0.0125 -0.0158 -0.003
      vertex -0.0125 -0.0158 0
      vertex -0.0123561 -0.0157969 -0.003
    endloop
  endfacet
  facet normal -0.0218117 0.999762 0
    outer loop
      vertex -0.0125 -0.0158 0
      vertex -0.0123561 -0.0157969 0
      vertex -0.0123561 -0.0157969 -0.003
    endloop
  endfacet
  facet normal -0.0653967 0.997859 0
    outer loop
      vertex -0.0123561 -0.0157969 -0.003
      vertex -0.0123561 -0.0157969 0
      vertex -0.0122124 -0.0157874 -0.003
    endloop
  endfacet
  facet normal -0.0653967 0.997859 0
    outer loop
      vertex -0.0123561 -0.0157969 0
      vertex -0.0122124 -0.0157874 0
      vertex -0.0122124 -0.0157874 -0.003
    endloop
  endfacet
  facet normal -0.108877 0.994055 0
    outer loop
      vertex -0.0122124 -0.0157874 -0.003
      vertex -0.0122124 -0.0157874 0
      vertex -0.0120693 -0.0157718 -0.003
    endloop
  endfacet
  facet normal -0.108877 0.994055 0
    outer loop
      vertex -0.0122124 -0.0157874 0
      vertex -0.0120693 -0.0157718 0
      vertex -0.0120693 -0.0157718 -0.003
    endloop
  endfacet
  facet normal -0.152114 0.988363 0
    outer loop
      vertex -0.0120693 -0.0157718 -0.003
      vertex -0.0120693 -0.0157718 0
      vertex -0.011927 -0.0157499 -0.003
    endloop
  endfacet
  facet normal -0.152114 0.988363 0
    outer loop
      vertex -0.0120693 -0.0157718 0
      vertex -0.011927 -0.0157499 0
      vertex -0.011927 -0.0157499 -0.003
    endloop
  endfacet
  facet normal -0.19509 0.980785 0
    outer loop
      vertex -0.011927 -0.0157499 -0.003
      vertex -0.011927 -0.0157499 0
      vertex -0.0117857 -0.0157218 -0.003
    endloop
  endfacet
  facet normal -0.19509 0.980785 0
    outer loop
      vertex -0.011927 -0.0157499 0
      vertex -0.0117857 -0.0157218 0
      vertex -0.0117857 -0.0157218 -0.003
    endloop
  endfacet
  facet normal -0.237691 0.971341 0
    outer loop
      vertex -0.0117857 -0.0157218 -0.003
      vertex -0.0117857 -0.0157218 0
      vertex -0.0116459 -0.0156876 -0.003
    endloop
  endfacet
  facet normal -0.237691 0.971341 0
    outer loop
      vertex -0.0117857 -0.0157218 0
      vertex -0.0116459 -0.0156876 0
      vertex -0.0116459 -0.0156876 -0.003
    endloop
  endfacet
  facet normal -0.279828 0.96005 0
    outer loop
      vertex -0.0116459 -0.0156876 -0.003
      vertex -0.0116459 -0.0156876 0
      vertex -0.0115077 -0.0156473 -0.003
    endloop
  endfacet
  facet normal -0.279828 0.96005 0
    outer loop
      vertex -0.0116459 -0.0156876 0
      vertex -0.0115077 -0.0156473 0
      vertex -0.0115077 -0.0156473 -0.003
    endloop
  endfacet
  facet normal -0.321437 0.946931 0
    outer loop
      vertex -0.0115077 -0.0156473 -0.003
      vertex -0.0115077 -0.0156473 0
      vertex -0.0113713 -0.015601 -0.003
    endloop
  endfacet
  facet normal -0.321437 0.946931 0
    outer loop
      vertex -0.0115077 -0.0156473 0
      vertex -0.0113713 -0.015601 0
      vertex -0.0113713 -0.015601 -0.003
    endloop
  endfacet
  facet normal -0.362437 0.932008 0
    outer loop
      vertex -0.0113713 -0.015601 -0.003
      vertex -0.0113713 -0.015601 0
      vertex -0.0112371 -0.0155488 -0.003
    endloop
  endfacet
  facet normal -0.362437 0.932008 0
    outer loop
      vertex -0.0113713 -0.015601 0
      vertex -0.0112371 -0.0155488 0
      vertex -0.0112371 -0.0155488 -0.003
    endloop
  endfacet
  facet normal -0.402748 0.915311 0
    outer loop
      vertex -0.0112371 -0.0155488 -0.003
      vertex -0.0112371 -0.0155488 0
      vertex -0.0111054 -0.0154908 -0.003
    endloop
  endfacet
  facet normal -0.402748 0.915311 0
    outer loop
      vertex -0.0112371 -0.0155488 0
      vertex -0.0111054 -0.0154908 0
      vertex -0.0111054 -0.0154908 -0.003
    endloop
  endfacet
  facet normal -0.442291 0.896872 0
    outer loop
      vertex -0.0111054 -0.0154908 -0.003
      vertex -0.0111054 -0.0154908 0
      vertex -0.0109762 -0.0154271 -0.003
    endloop
  endfacet
  facet normal -0.442291 0.896872 0
    outer loop
      vertex -0.0111054 -0.0154908 0
      vertex -0.0109762 -0.0154271 0
      vertex -0.0109762 -0.0154271 -0.003
    endloop
  endfacet
  facet normal -0.48099 0.876726 0
    outer loop
      vertex -0.0109762 -0.0154271 -0.003
      vertex -0.0109762 -0.0154271 0
      vertex -0.01085 -0.0153579 -0.003
    endloop
  endfacet
  facet normal -0.48099 0.876726 0
    outer loop
      vertex -0.0109762 -0.0154271 0
      vertex -0.01085 -0.0153579 0
      vertex -0.01085 -0.0153579 -0.003
    endloop
  endfacet
  facet normal -0.518772 0.854913 0
    outer loop
      vertex -0.01085 -0.0153579 -0.003
      vertex -0.01085 -0.0153579 0
      vertex -0.0107269 -0.0152832 -0.003
    endloop
  endfacet
  facet normal -0.518772 0.854913 0
    outer loop
      vertex -0.01085 -0.0153579 0
      vertex -0.0107269 -0.0152832 0
      vertex -0.0107269 -0.0152832 -0.003
    endloop
  endfacet
  facet normal -0.555569 0.831471 0
    outer loop
      vertex -0.0107269 -0.0152832 -0.003
      vertex -0.0107269 -0.0152832 0
      vertex -0.0106072 -0.0152032 -0.003
    endloop
  endfacet
  facet normal -0.555569 0.831471 0
    outer loop
      vertex -0.0107269 -0.0152832 0
      vertex -0.0106072 -0.0152032 0
      vertex -0.0106072 -0.0152032 -0.003
    endloop
  endfacet
  facet normal -0.59131 0.806445 0
    outer loop
      vertex -0.0106072 -0.0152032 -0.003
      vertex -0.0106072 -0.0152032 0
      vertex -0.0104911 -0.0151181 -0.003
    endloop
  endfacet
  facet normal -0.59131 0.806445 0
    outer loop
      vertex -0.0106072 -0.0152032 0
      vertex -0.0104911 -0.0151181 0
      vertex -0.0104911 -0.0151181 -0.003
    endloop
  endfacet
  facet normal -0.625926 0.779883 0
    outer loop
      vertex -0.0104911 -0.0151181 -0.003
      vertex -0.0104911 -0.0151181 0
      vertex -0.0103788 -0.0150279 -0.003
    endloop
  endfacet
  facet normal -0.625926 0.779883 0
    outer loop
      vertex -0.0104911 -0.0151181 0
      vertex -0.0103788 -0.0150279 0
      vertex -0.0103788 -0.0150279 -0.003
    endloop
  endfacet
  facet normal -0.659346 0.751839 0
    outer loop
      vertex -0.0103788 -0.0150279 -0.003
      vertex -0.0103788 -0.0150279 0
      vertex -0.0102706 -0.014933 -0.003
    endloop
  endfacet
  facet normal -0.659346 0.751839 0
    outer loop
      vertex -0.0103788 -0.0150279 0
      vertex -0.0102706 -0.014933 0
      vertex -0.0102706 -0.014933 -0.003
    endloop
  endfacet
  facet normal -0.691511 0.722366 0
    outer loop
      vertex -0.0102706 -0.014933 -0.003
      vertex -0.0102706 -0.014933 0
      vertex -0.0101665 -0.0148335 -0.003
    endloop
  endfacet
  facet normal -0.691511 0.722366 0
    outer loop
      vertex -0.0102706 -0.014933 0
      vertex -0.0101665 -0.0148335 0
      vertex -0.0101665 -0.0148335 -0.003
    endloop
  endfacet
  facet normal -0.722366 0.691511 0
    outer loop
      vertex -0.0101665 -0.0148335 -0.003
      vertex -0.0101665 -0.0148335 0
      vertex -0.010067 -0.0147294 -0.003
    endloop
  endfacet
  facet normal -0.722366 0.691511 0
    outer loop
      vertex -0.0101665 -0.0148335 0
      vertex -0.010067 -0.0147294 0
      vertex -0.010067 -0.0147294 -0.003
    endloop
  endfacet
  facet normal -0.751839 0.659346 0
    outer loop
      vertex -0.010067 -0.0147294 -0.003
      vertex -0.010067 -0.0147294 0
      vertex -0.00997205 -0.0146212 -0.003
    endloop
  endfacet
  facet normal -0.751839 0.659346 0
    outer loop
      vertex -0.010067 -0.0147294 0
      vertex -0.00997205 -0.0146212 0
      vertex -0.00997205 -0.0146212 -0.003
    endloop
  endfacet
  facet normal -0.779885 0.625922 0
    outer loop
      vertex -0.00997205 -0.0146212 -0.003
      vertex -0.00997205 -0.0146212 0
      vertex -0.00988193 -0.0145089 -0.003
    endloop
  endfacet
  facet normal -0.779885 0.625922 0
    outer loop
      vertex -0.00997205 -0.0146212 0
      vertex -0.00988193 -0.0145089 0
      vertex -0.00988193 -0.0145089 -0.003
    endloop
  endfacet
  facet normal -0.806442 0.591313 0
    outer loop
      vertex -0.00988193 -0.0145089 -0.003
      vertex -0.00988193 -0.0145089 0
      vertex -0.0097968 -0.0143928 -0.003
    endloop
  endfacet
  facet normal -0.806442 0.591313 0
    outer loop
      vertex -0.00988193 -0.0145089 0
      vertex -0.0097968 -0.0143928 0
      vertex -0.0097968 -0.0143928 -0.003
    endloop
  endfacet
  facet normal -0.83147 0.55557 0
    outer loop
      vertex -0.0097968 -0.0143928 -0.003
      vertex -0.0097968 -0.0143928 0
      vertex -0.00971681 -0.0142731 -0.003
    endloop
  endfacet
  facet normal -0.83147 0.55557 0
    outer loop
      vertex -0.0097968 -0.0143928 0
      vertex -0.00971681 -0.0142731 0
      vertex -0.00971681 -0.0142731 -0.003
    endloop
  endfacet
  facet normal -0.854911 0.518775 0
    outer loop
      vertex -0.00971681 -0.0142731 -0.003
      vertex -0.00971681 -0.0142731 0
      vertex -0.00964212 -0.01415 -0.003
    endloop
  endfacet
  facet normal -0.854911 0.518775 0
    outer loop
      vertex -0.00971681 -0.0142731 0
      vertex -0.00964212 -0.01415 0
      vertex -0.00964212 -0.01415 -0.003
    endloop
  endfacet
  facet normal -0.876729 0.480985 0
    outer loop
      vertex -0.00964212 -0.01415 -0.003
      vertex -0.00964212 -0.01415 0
      vertex -0.00957286 -0.0140238 -0.003
    endloop
  endfacet
  facet normal -0.876729 0.480985 0
    outer loop
      vertex -0.00964212 -0.01415 0
      vertex -0.00957286 -0.0140238 0
      vertex -0.00957286 -0.0140238 -0.003
    endloop
  endfacet
  facet normal -0.896873 0.442288 0
    outer loop
      vertex -0.00957286 -0.0140238 -0.003
      vertex -0.00957286 -0.0140238 0
      vertex -0.00950918 -0.0138946 -0.003
    endloop
  endfacet
  facet normal -0.896873 0.442288 0
    outer loop
      vertex -0.00957286 -0.0140238 0
      vertex -0.00950918 -0.0138946 0
      vertex -0.00950918 -0.0138946 -0.003
    endloop
  endfacet
  facet normal -0.915311 0.402748 0
    outer loop
      vertex -0.00950918 -0.0138946 -0.003
      vertex -0.00950918 -0.0138946 0
      vertex -0.0094512 -0.0137629 -0.003
    endloop
  endfacet
  facet normal -0.915311 0.402748 0
    outer loop
      vertex -0.00950918 -0.0138946 0
      vertex -0.0094512 -0.0137629 0
      vertex -0.0094512 -0.0137629 -0.003
    endloop
  endfacet
  facet normal -0.932008 0.362437 0
    outer loop
      vertex -0.0094512 -0.0137629 -0.003
      vertex -0.0094512 -0.0137629 0
      vertex -0.00939901 -0.0136287 -0.003
    endloop
  endfacet
  facet normal -0.932008 0.362437 0
    outer loop
      vertex -0.0094512 -0.0137629 0
      vertex -0.00939901 -0.0136287 0
      vertex -0.00939901 -0.0136287 -0.003
    endloop
  endfacet
  facet normal -0.94693 0.321439 0
    outer loop
      vertex -0.00939901 -0.0136287 -0.003
      vertex -0.00939901 -0.0136287 0
      vertex -0.00935273 -0.0134923 -0.003
    endloop
  endfacet
  facet normal -0.94693 0.321439 0
    outer loop
      vertex -0.00939901 -0.0136287 0
      vertex -0.00935273 -0.0134923 0
      vertex -0.00935273 -0.0134923 -0.003
    endloop
  endfacet
  facet normal -0.960048 0.279834 0
    outer loop
      vertex -0.00935273 -0.0134923 -0.003
      vertex -0.00935273 -0.0134923 0
      vertex -0.00931244 -0.0133541 -0.003
    endloop
  endfacet
  facet normal -0.960048 0.279834 0
    outer loop
      vertex -0.00935273 -0.0134923 0
      vertex -0.00931244 -0.0133541 0
      vertex -0.00931244 -0.0133541 -0.003
    endloop
  endfacet
  facet normal -0.971342 0.237685 0
    outer loop
      vertex -0.00931244 -0.0133541 -0.003
      vertex -0.00931244 -0.0133541 0
      vertex -0.00927822 -0.0132143 -0.003
    endloop
  endfacet
  facet normal -0.971342 0.237685 0
    outer loop
      vertex -0.00931244 -0.0133541 0
      vertex -0.00927822 -0.0132143 0
      vertex -0.00927822 -0.0132143 -0.003
    endloop
  endfacet
  facet normal -0.980785 0.19509 0
    outer loop
      vertex -0.00927822 -0.0132143 -0.003
      vertex -0.00927822 -0.0132143 0
      vertex -0.00925013 -0.013073 -0.003
    endloop
  endfacet
  facet normal -0.980785 0.19509 0
    outer loop
      vertex -0.00927822 -0.0132143 0
      vertex -0.00925013 -0.013073 0
      vertex -0.00925013 -0.013073 -0.003
    endloop
  endfacet
  facet normal -0.988362 0.15212 0
    outer loop
      vertex -0.00925013 -0.013073 -0.003
      vertex -0.00925013 -0.013073 0
      vertex -0.00922823 -0.0129307 -0.003
    endloop
  endfacet
  facet normal -0.988362 0.15212 0
    outer loop
      vertex -0.00925013 -0.013073 0
      vertex -0.00922823 -0.0129307 0
      vertex -0.00922823 -0.0129307 -0.003
    endloop
  endfacet
  facet normal -0.994056 0.108871 0
    outer loop
      vertex -0.00922823 -0.0129307 -0.003
      vertex -0.00922823 -0.0129307 0
      vertex -0.00921256 -0.0127876 -0.003
    endloop
  endfacet
  facet normal -0.994056 0.108871 0
    outer loop
      vertex -0.00922823 -0.0129307 0
      vertex -0.00921256 -0.0127876 0
      vertex -0.00921256 -0.0127876 -0.003
    endloop
  endfacet
  facet normal -0.997859 0.0654027 0
    outer loop
      vertex -0.00921256 -0.0127876 -0.003
      vertex -0.00921256 -0.0127876 0
      vertex -0.00920314 -0.0126439 -0.003
    endloop
  endfacet
  facet normal -0.997859 0.0654027 0
    outer loop
      vertex -0.00921256 -0.0127876 0
      vertex -0.00920314 -0.0126439 0
      vertex -0.00920314 -0.0126439 -0.003
    endloop
  endfacet
  facet normal -0.999762 0.0218119 0
    outer loop
      vertex -0.00920314 -0.0126439 -0.003
      vertex -0.00920314 -0.0126439 0
      vertex -0.0092 -0.0125 -0.003
    endloop
  endfacet
  facet normal -0.999762 0.0218119 0
    outer loop
      vertex -0.00920314 -0.0126439 0
      vertex -0.0092 -0.0125 0
      vertex -0.0092 -0.0125 -0.003
    endloop
  endfacet
  facet normal 0 0 1
    outer loop
      vertex 0.0120206 0.00702093 0.025
      vertex 0.0125 -0.007 0.025
      vertex 0.0122601 0.00700523 0.025
    endloop
  endfacet
  facet normal 0 0 1
    outer loop
      vertex 0.0125 -0.007 0.025
      vertex 0.0125 0.007 0.025
      vertex 0.0122601 0.00700523 0.025
    endloop
  endfacet
  facet normal 0 0 1
    outer loop
      vertex 0.00934533 0.00799466 0.025
      vertex 0.00915181 0.00813656 0.025
      vertex 0.00164966 0.00935567 0.025
    endloop
  endfacet
  facet normal 0 0 1
    outer loop
      vertex 0.00915181 0.00813656 0.025
      vertex 0.00896467 0.00828676 0.025
      vertex 0.00164966 0.00935567 0.025
    endloop
  endfacet
  facet normal 0 0 1
    outer loop
      vertex 0.00828676 0.00896467 0.025
      vertex 0.00813656 0.00915181 0.025
      vertex 0.00124 0.00941873 0.025
    endloop
  endfacet
  facet normal 0 0 1
    outer loop
      vertex -0.0122601 0.00700523 0.025
      vertex -0.0125 0.007 0.025
      vertex -0.0125 -0.007 0.025
    endloop
  endfacet
  facet normal 0 0 1
    outer loop
      vertex 0.0115449 -0.00708356 0.025
      vertex 0.0117821 -0.00704705 0.025
      vertex 0.00935567 -0.00164966 0.025
    endloop
  endfacet
  facet normal 0 0 1
    outer loop
      vertex 0.0108461 0.00725456 0.025
      vertex 0.0106189 0.00733169 0.025
      vertex 0.00906031 0.00285671 0.025
    endloop
  endfacet
  facet normal 0 0 1
    outer loop
      vertex 0.00934533 0.00799466 0.025
      vertex 0.00164966 0.00935567 0.025
      vertex 0.00954485 0.00786135 0.025
    endloop
  endfacet
  facet normal 0 0 1
    outer loop
      vertex 0.00164966 0.00935567 0.025
      vertex 0.00205618 0.00927481 0.025
      vertex 0.00954485 0.00786135 0.025
    endloop
  endfacet
  facet normal 0 0 1
    outer loop
      vertex 0.00954485 0.00786135 0.025
      vertex 0.00205618 0.00927481 0.025
      vertex 0.00245878 0.0091763 0.025
    endloop
  endfacet
  facet normal 0 0 1
    outer loop
      vertex 0.00245878 0.0091763 0.025
      vertex 0.00285671 0.00906031 0.025
      vertex 0.00954485 0.00786135 0.025
    endloop
  endfacet
  facet normal 0 0 1
    outer loop
      vertex 0.00285671 0.00906031 0.025
      vertex 0.00324919 0.00892708 0.025
      vertex 0.00954485 0.00786135 0.025
    endloop
  endfacet
  facet normal 0 0 1
    outer loop
      vertex 0.00954485 0.00786135 0.025
      vertex 0.00324919 0.00892708 0.025
      vertex 0.00363549 0.00877686 0.025
    endloop
  endfacet
  facet normal 0 0 1
    outer loop
      vertex 0.00363549 0.00877686 0.025
      vertex 0.00401487 0.00860992 0.025
      vertex 0.00954485 0.00786135 0.025
    endloop
  endfacet
  facet normal 0 0 1
    outer loop
      vertex 0.00401487 0.00860992 0.025
      vertex 0.00438661 0.0084266 0.025
      vertex 0.00954485 0.00786135 0.025
    endloop
  endfacet
  facet normal 0 0 1
    outer loop
      vertex 0.00954485 0.00786135 0.025
      vertex 0.00438661 0.0084266 0.025
      vertex 0.00475 0.00822724 0.025
    endloop
  endfacet
  facet normal 0 0 1
    outer loop
      vertex 0.00475 0.00822724 0.025
      vertex 0.00510435 0.00801222 0.025
      vertex 0.00954485 0.00786135 0.025
    endloop
  endfacet
  facet normal 0 0 1
    outer loop
      vertex 0.00510435 0.00801222 0.025
      vertex 0.00544898 0.00778194 0.025
      vertex 0.00954485 0.00786135 0.025
    endloop
  endfacet
  facet normal 0 0 1
    outer loop
      vertex 0.00954485 0.00786135 0.025
      vertex 0.00544898 0.00778194 0.025
      vertex 0.00578323 0.00753686 0.025
    endloop
  endfacet
  facet normal 0 0 1
    outer loop
      vertex 0.00896467 0.00828676 0.025
      vertex 0.00878425 0.00844497 0.025
      vertex 0.00164966 0.00935567 0.025
    endloop
  endfacet
  facet normal 0 0 1
    outer loop
      vertex 0.00878425 0.00844497 0.025
      vertex 0.00861091 0.00861091 0.025
      vertex 0.00164966 0.00935567 0.025
    endloop
  endfacet
  facet normal 0 0 1
    outer loop
      vertex 0.00164966 0.00935567 0.025
      vertex 0.00861091 0.00861091 0.025
      vertex 0.00124 0.00941873 0.025
    endloop
  endfacet
  facet normal 0 0 1
    outer loop
      vertex 0.00861091 0.00861091 0.025
      vertex 0.00844497 0.00878425 0.025
      vertex 0.00124 0.00941873 0.025
    endloop
  endfacet
  facet normal 0 0 1
    outer loop
      vertex 0.00124 0.00941873 0.025
      vertex 0.00844497 0.00878425 0.025
      vertex 0.00828676 0.00896467 0.025
    endloop
  endfacet
  facet normal 0 0 1
    outer loop
      vertex 0.000414384 0.00949096 0.025
      vertex 0.00786135 0.00954485 0.025
      vertex 1.11288e-17 0.0095 0.025
    endloop
  endfacet
  facet normal 0 0 1
    outer loop
      vertex 0.00786135 0.00954485 0.025
      vertex 0.00773686 0.00975 0.025
      vertex 1.11288e-17 0.0095 0.025
    endloop
  endfacet
  facet normal 0 0 1
    outer loop
      vertex 1.11288e-17 0.0095 0.025
      vertex 0.00773686 0.00975 0.025
      vertex -0.000414384 0.00949096 0.025
    endloop
  endfacet
  facet normal 0 0 1
    outer loop
      vertex -0.00927481 0.00205618 0.025
      vertex -0.0091763 0.00245878 0.025
      vertex -0.00799466 0.00934533 0.025
    endloop
  endfacet
  facet normal 0 0 1
    outer loop
      vertex 0.00860992 -0.00401487 0.025
      vertex 0.0108461 -0.00725456 0.025
      vertex 0.00877686 -0.00363549 0.025
    endloop
  endfacet
  facet normal 0 0 1
    outer loop
      vertex 0.0108461 -0.00725456 0.025
      vertex 0.00892708 -0.00324919 0.025
      vertex 0.00877686 -0.00363549 0.025
    endloop
  endfacet
  facet normal 0 0 1
    outer loop
      vertex 0.0117821 0.00704705 0.025
      vertex 0.00946385 0.00082798 0.025
      vertex 0.0120206 0.00702093 0.025
    endloop
  endfacet
  facet normal 0 0 1
    outer loop
      vertex 0.00946385 0.00082798 0.025
      vertex 0.00949096 0.000414384 0.025
      vertex 0.0120206 0.00702093 0.025
    endloop
  endfacet
  facet normal 0 0 1
    outer loop
      vertex 0.0120206 0.00702093 0.025
      vertex 0.00949096 0.000414384 0.025
      vertex 0.0125 -0.007 0.025
    endloop
  endfacet
  facet normal 0 0 1
    outer loop
      vertex 0.00949096 0.000414384 0.025
      vertex 0.0095 -1.80635e-18 0.025
      vertex 0.0125 -0.007 0.025
    endloop
  endfacet
  facet normal 0 0 1
    outer loop
      vertex 0.0125 -0.007 0.025
      vertex 0.0095 -1.80635e-18 0.025
      vertex 0.00949096 -0.000414384 0.025
    endloop
  endfacet
  facet normal 0 0 1
    outer loop
      vertex 0.00949096 -0.000414384 0.025
      vertex 0.00946385 -0.00082798 0.025
      vertex 0.0125 -0.007 0.025
    endloop
  endfacet
  facet normal 0 0 1
    outer loop
      vertex 0.00946385 -0.00082798 0.025
      vertex 0.00941873 -0.00124 0.025
      vertex 0.0125 -0.007 0.025
    endloop
  endfacet
  facet normal 0 0 1
    outer loop
      vertex 0.0125 -0.007 0.025
      vertex 0.00941873 -0.00124 0.025
      vertex 0.00935567 -0.00164966 0.025
    endloop
  endfacet
  facet normal 0 0 1
    outer loop
      vertex 0.0110765 0.00718741 0.025
      vertex 0.00941873 0.00124 0.025
      vertex 0.0113096 0.00713037 0.025
    endloop
  endfacet
  facet normal 0 0 1
    outer loop
      vertex 0.00941873 0.00124 0.025
      vertex 0.00946385 0.00082798 0.025
      vertex 0.0113096 0.00713037 0.025
    endloop
  endfacet
  facet normal 0 0 1
    outer loop
      vertex 0.0113096 0.00713037 0.025
      vertex 0.00946385 0.00082798 0.025
      vertex 0.0115449 0.00708356 0.025
    endloop
  endfacet
  facet normal 0 0 1
    outer loop
      vertex 0.00946385 0.00082798 0.025
      vertex 0.0117821 0.00704705 0.025
      vertex 0.0115449 0.00708356 0.025
    endloop
  endfacet
  facet normal 0 0 1
    outer loop
      vertex 0.00906031 0.00285671 0.025
      vertex 0.0091763 0.00245878 0.025
      vertex 0.0108461 0.00725456 0.025
    endloop
  endfacet
  facet normal 0 0 1
    outer loop
      vertex 0.0091763 0.00245878 0.025
      vertex 0.00927481 0.00205618 0.025
      vertex 0.0108461 0.00725456 0.025
    endloop
  endfacet
  facet normal 0 0 1
    outer loop
      vertex 0.0108461 0.00725456 0.025
      vertex 0.00927481 0.00205618 0.025
      vertex 0.0110765 0.00718741 0.025
    endloop
  endfacet
  facet normal 0 0 1
    outer loop
      vertex 0.00927481 0.00205618 0.025
      vertex 0.00935567 0.00164966 0.025
      vertex 0.0110765 0.00718741 0.025
    endloop
  endfacet
  facet normal 0 0 1
    outer loop
      vertex 0.0110765 0.00718741 0.025
      vertex 0.00935567 0.00164966 0.025
      vertex 0.00941873 0.00124 0.025
    endloop
  endfacet
  facet normal 0 0 1
    outer loop
      vertex 0.000414384 0.00949096 0.025
      vertex 0.00082798 0.00946385 0.025
      vertex 0.00786135 0.00954485 0.025
    endloop
  endfacet
  facet normal 0 0 1
    outer loop
      vertex 0.00082798 0.00946385 0.025
      vertex 0.00124 0.00941873 0.025
      vertex 0.00786135 0.00954485 0.025
    endloop
  endfacet
  facet normal 0 0 1
    outer loop
      vertex 0.00786135 0.00954485 0.025
      vertex 0.00124 0.00941873 0.025
      vertex 0.00799466 0.00934533 0.025
    endloop
  endfacet
  facet normal 0 0 1
    outer loop
      vertex 0.00124 0.00941873 0.025
      vertex 0.00813656 0.00915181 0.025
      vertex 0.00799466 0.00934533 0.025
    endloop
  endfacet
  facet normal 0 0 1
    outer loop
      vertex -0.00927481 0.00205618 0.025
      vertex -0.00799466 0.00934533 0.025
      vertex -0.00935567 0.00164966 0.025
    endloop
  endfacet
  facet normal 0 0 1
    outer loop
      vertex -0.00799466 0.00934533 0.025
      vertex -0.00813656 0.00915181 0.025
      vertex -0.00935567 0.00164966 0.025
    endloop
  endfacet
  facet normal 0 0 1
    outer loop
      vertex -0.00935567 0.00164966 0.025
      vertex -0.00813656 0.00915181 0.025
      vertex -0.00828676 0.00896467 0.025
    endloop
  endfacet
  facet normal 0 0 1
    outer loop
      vertex -0.00896467 0.00828676 0.025
      vertex -0.00946385 0.00082798 0.025
      vertex -0.00878425 0.00844497 0.025
    endloop
  endfacet
  facet normal 0 0 1
    outer loop
      vertex -0.00946385 0.00082798 0.025
      vertex -0.00941873 0.00124 0.025
      vertex -0.00878425 0.00844497 0.025
    endloop
  endfacet
  facet normal 0 0 1
    outer loop
      vertex -0.00878425 0.00844497 0.025
      vertex -0.00941873 0.00124 0.025
      vertex -0.00861091 0.00861091 0.025
    endloop
  endfacet
  facet normal 0 0 1
    outer loop
      vertex -0.00941873 0.00124 0.025
      vertex -0.00935567 0.00164966 0.025
      vertex -0.00861091 0.00861091 0.025
    endloop
  endfacet
  facet normal 0 0 1
    outer loop
      vertex -0.00861091 0.00861091 0.025
      vertex -0.00935567 0.00164966 0.025
      vertex -0.00844497 0.00878425 0.025
    endloop
  endfacet
  facet normal 0 0 1
    outer loop
      vertex -0.00935567 0.00164966 0.025
      vertex -0.00828676 0.00896467 0.025
      vertex -0.00844497 0.00878425 0.025
    endloop
  endfacet
  facet normal 0 0 1
    outer loop
      vertex -0.0122601 -0.00700523 0.025
      vertex -0.0120206 -0.00702093 0.025
      vertex -0.00941873 -0.00124 0.025
    endloop
  endfacet
  facet normal 0 0 1
    outer loop
      vertex 0.00927481 -0.00205618 0.025
      vertex 0.0091763 -0.00245878 0.025
      vertex 0.0108461 -0.00725456 0.025
    endloop
  endfacet
  facet normal 0 0 1
    outer loop
      vertex 0.0091763 -0.00245878 0.025
      vertex 0.00906031 -0.00285671 0.025
      vertex 0.0108461 -0.00725456 0.025
    endloop
  endfacet
  facet normal 0 0 1
    outer loop
      vertex 0.0108461 -0.00725456 0.025
      vertex 0.00906031 -0.00285671 0.025
      vertex 0.00892708 -0.00324919 0.025
    endloop
  endfacet
  facet normal 0 0 1
    outer loop
      vertex 0.0115449 -0.00708356 0.025
      vertex 0.00935567 -0.00164966 0.025
      vertex 0.0113096 -0.00713037 0.025
    endloop
  endfacet
  facet normal 0 0 1
    outer loop
      vertex 0.0117821 -0.00704705 0.025
      vertex 0.0120206 -0.00702093 0.025
      vertex 0.00935567 -0.00164966 0.025
    endloop
  endfacet
  facet normal 0 0 1
    outer loop
      vertex 0.0120206 -0.00702093 0.025
      vertex 0.0122601 -0.00700523 0.025
      vertex 0.00935567 -0.00164966 0.025
    endloop
  endfacet
  facet normal 0 0 1
    outer loop
      vertex 0.00935567 -0.00164966 0.025
      vertex 0.0122601 -0.00700523 0.025
      vertex 0.0125 -0.007 0.025
    endloop
  endfacet
  facet normal 0 0 1
    outer loop
      vertex 0.00801222 0.00510435 0.025
      vertex 0.00822724 0.00475 0.025
      vertex 0.00996038 0.00762144 0.025
    endloop
  endfacet
  facet normal 0 0 1
    outer loop
      vertex 0.00822724 0.00475 0.025
      vertex 0.0084266 0.00438661 0.025
      vertex 0.00996038 0.00762144 0.025
    endloop
  endfacet
  facet normal 0 0 1
    outer loop
      vertex 0.00996038 0.00762144 0.025
      vertex 0.0084266 0.00438661 0.025
      vertex 0.0101756 0.00751531 0.025
    endloop
  endfacet
  facet normal 0 0 1
    outer loop
      vertex 0.0084266 0.00438661 0.025
      vertex 0.00860992 0.00401487 0.025
      vertex 0.0101756 0.00751531 0.025
    endloop
  endfacet
  facet normal 0 0 1
    outer loop
      vertex 0.0101756 0.00751531 0.025
      vertex 0.00860992 0.00401487 0.025
      vertex 0.0103952 0.00741866 0.025
    endloop
  endfacet
  facet normal 0 0 1
    outer loop
      vertex 0.00860992 0.00401487 0.025
      vertex 0.00877686 0.00363549 0.025
      vertex 0.0103952 0.00741866 0.025
    endloop
  endfacet
  facet normal 0 0 1
    outer loop
      vertex 0.0103952 0.00741866 0.025
      vertex 0.00877686 0.00363549 0.025
      vertex 0.0106189 0.00733169 0.025
    endloop
  endfacet
  facet normal 0 0 1
    outer loop
      vertex 0.00877686 0.00363549 0.025
      vertex 0.00892708 0.00324919 0.025
      vertex 0.0106189 0.00733169 0.025
    endloop
  endfacet
  facet normal 0 0 1
    outer loop
      vertex 0.0106189 0.00733169 0.025
      vertex 0.00892708 0.00324919 0.025
      vertex 0.00906031 0.00285671 0.025
    endloop
  endfacet
  facet normal 0 0 1
    outer loop
      vertex 0.00713037 0.0113096 0.025
      vertex 0.00708356 0.0115449 0.025
      vertex -0.00702093 0.0120206 0.025
    endloop
  endfacet
  facet normal 0 0 1
    outer loop
      vertex 0.00708356 0.0115449 0.025
      vertex 0.00704705 0.0117821 0.025
      vertex -0.00702093 0.0120206 0.025
    endloop
  endfacet
  facet normal 0 0 1
    outer loop
      vertex -0.00975 0.00773686 0.025
      vertex -0.00996038 0.00762144 0.025
      vertex -0.00949096 0.000414384 0.025
    endloop
  endfacet
  facet normal 0 0 1
    outer loop
      vertex -0.00996038 0.00762144 0.025
      vertex -0.0101756 0.00751531 0.025
      vertex -0.00949096 0.000414384 0.025
    endloop
  endfacet
  facet normal 0 0 1
    outer loop
      vertex -0.0122601 -0.00700523 0.025
      vertex -0.00941873 -0.00124 0.025
      vertex -0.0125 -0.007 0.025
    endloop
  endfacet
  facet normal 0 0 1
    outer loop
      vertex -0.00941873 -0.00124 0.025
      vertex -0.00946385 -0.00082798 0.025
      vertex -0.0125 -0.007 0.025
    endloop
  endfacet
  facet normal 0 0 1
    outer loop
      vertex -0.0125 -0.007 0.025
      vertex -0.00946385 -0.00082798 0.025
      vertex -0.00949096 -0.000414384 0.025
    endloop
  endfacet
  facet normal 0 0 1
    outer loop
      vertex -0.00727742 -0.00610648 0.025
      vertex -0.00934533 -0.00799466 0.025
      vertex -0.00915181 -0.00813656 0.025
    endloop
  endfacet
  facet normal 0 0 1
    outer loop
      vertex 0.00975 -0.00773686 0.025
      vertex 0.00996038 -0.00762144 0.025
      vertex 0.00822724 -0.00475 0.025
    endloop
  endfacet
  facet normal 0 0 1
    outer loop
      vertex 0.00996038 -0.00762144 0.025
      vertex 0.0101756 -0.00751531 0.025
      vertex 0.00822724 -0.00475 0.025
    endloop
  endfacet
  facet normal 0 0 1
    outer loop
      vertex 0.00822724 -0.00475 0.025
      vertex 0.0101756 -0.00751531 0.025
      vertex 0.0103952 -0.00741866 0.025
    endloop
  endfacet
  facet normal 0 0 1
    outer loop
      vertex 0.00860992 -0.00401487 0.025
      vertex 0.0084266 -0.00438661 0.025
      vertex 0.0108461 -0.00725456 0.025
    endloop
  endfacet
  facet normal 0 0 1
    outer loop
      vertex 0.0084266 -0.00438661 0.025
      vertex 0.00822724 -0.00475 0.025
      vertex 0.0108461 -0.00725456 0.025
    endloop
  endfacet
  facet normal 0 0 1
    outer loop
      vertex 0.0108461 -0.00725456 0.025
      vertex 0.00822724 -0.00475 0.025
      vertex 0.0106189 -0.00733169 0.025
    endloop
  endfacet
  facet normal 0 0 1
    outer loop
      vertex 0.00822724 -0.00475 0.025
      vertex 0.0103952 -0.00741866 0.025
      vertex 0.0106189 -0.00733169 0.025
    endloop
  endfacet
  facet normal 0 0 1
    outer loop
      vertex 0.00927481 -0.00205618 0.025
      vertex 0.0108461 -0.00725456 0.025
      vertex 0.00935567 -0.00164966 0.025
    endloop
  endfacet
  facet normal 0 0 1
    outer loop
      vertex 0.0108461 -0.00725456 0.025
      vertex 0.0110765 -0.00718741 0.025
      vertex 0.00935567 -0.00164966 0.025
    endloop
  endfacet
  facet normal 0 0 1
    outer loop
      vertex 0.00935567 -0.00164966 0.025
      vertex 0.0110765 -0.00718741 0.025
      vertex 0.0113096 -0.00713037 0.025
    endloop
  endfacet
  facet normal 0 0 1
    outer loop
      vertex 0.00773686 0.00975 0.025
      vertex 0.00762144 0.00996038 0.025
      vertex -0.000414384 0.00949096 0.025
    endloop
  endfacet
  facet normal 0 0 1
    outer loop
      vertex 0.00762144 0.00996038 0.025
      vertex 0.00751531 0.0101756 0.025
      vertex -0.000414384 0.00949096 0.025
    endloop
  endfacet
  facet normal 0 0 1
    outer loop
      vertex -0.000414384 0.00949096 0.025
      vertex 0.00751531 0.0101756 0.025
      vertex -0.00082798 0.00946385 0.025
    endloop
  endfacet
  facet normal 0 0 1
    outer loop
      vertex 0.00751531 0.0101756 0.025
      vertex 0.00741866 0.0103952 0.025
      vertex -0.00082798 0.00946385 0.025
    endloop
  endfacet
  facet normal 0 0 1
    outer loop
      vertex -0.00896467 0.00828676 0.025
      vertex -0.00915181 0.00813656 0.025
      vertex -0.00946385 0.00082798 0.025
    endloop
  endfacet
  facet normal 0 0 1
    outer loop
      vertex -0.00915181 0.00813656 0.025
      vertex -0.00934533 0.00799466 0.025
      vertex -0.00946385 0.00082798 0.025
    endloop
  endfacet
  facet normal 0 0 1
    outer loop
      vertex -0.00946385 0.00082798 0.025
      vertex -0.00934533 0.00799466 0.025
      vertex -0.00949096 0.000414384 0.025
    endloop
  endfacet
  facet normal 0 0 1
    outer loop
      vertex -0.00934533 0.00799466 0.025
      vertex -0.00954485 0.00786135 0.025
      vertex -0.00949096 0.000414384 0.025
    endloop
  endfacet
  facet normal 0 0 1
    outer loop
      vertex -0.00949096 0.000414384 0.025
      vertex -0.00954485 0.00786135 0.025
      vertex -0.00975 0.00773686 0.025
    endloop
  endfacet
  facet normal 0 0 1
    outer loop
      vertex -0.0101756 0.00751531 0.025
      vertex -0.0103952 0.00741866 0.025
      vertex -0.00949096 0.000414384 0.025
    endloop
  endfacet
  facet normal 0 0 1
    outer loop
      vertex -0.0103952 0.00741866 0.025
      vertex -0.0106189 0.00733169 0.025
      vertex -0.00949096 0.000414384 0.025
    endloop
  endfacet
  facet normal 0 0 1
    outer loop
      vertex -0.00949096 0.000414384 0.025
      vertex -0.0106189 0.00733169 0.025
      vertex -0.0108461 0.00725456 0.025
    endloop
  endfacet
  facet normal 0 0 1
    outer loop
      vertex -0.00727742 -0.00610648 0.025
      vertex -0.00915181 -0.00813656 0.025
      vertex -0.00700413 -0.00641811 0.025
    endloop
  endfacet
  facet normal 0 0 1
    outer loop
      vertex -0.00641811 -0.00700413 0.025
      vertex -0.00828676 -0.00896467 0.025
      vertex -0.00610648 -0.00727742 0.025
    endloop
  endfacet
  facet normal 0 0 1
    outer loop
      vertex -0.00828676 -0.00896467 0.025
      vertex -0.00813656 -0.00915181 0.025
      vertex -0.00610648 -0.00727742 0.025
    endloop
  endfacet
  facet normal 0 0 1
    outer loop
      vertex -0.00610648 -0.00727742 0.025
      vertex -0.00813656 -0.00915181 0.025
      vertex -0.00578323 -0.00753686 0.025
    endloop
  endfacet
  facet normal 0 0 1
    outer loop
      vertex -0.00915181 -0.00813656 0.025
      vertex -0.00896467 -0.00828676 0.025
      vertex -0.00700413 -0.00641811 0.025
    endloop
  endfacet
  facet normal 0 0 1
    outer loop
      vertex -0.00896467 -0.00828676 0.025
      vertex -0.00878425 -0.00844497 0.025
      vertex -0.00700413 -0.00641811 0.025
    endloop
  endfacet
  facet normal 0 0 1
    outer loop
      vertex -0.00700413 -0.00641811 0.025
      vertex -0.00878425 -0.00844497 0.025
      vertex -0.00671751 -0.00671751 0.025
    endloop
  endfacet
  facet normal 0 0 1
    outer loop
      vertex -0.00878425 -0.00844497 0.025
      vertex -0.00861091 -0.00861091 0.025
      vertex -0.00671751 -0.00671751 0.025
    endloop
  endfacet
  facet normal 0 0 1
    outer loop
      vertex -0.00671751 -0.00671751 0.025
      vertex -0.00861091 -0.00861091 0.025
      vertex -0.00641811 -0.00700413 0.025
    endloop
  endfacet
  facet normal 0 0 1
    outer loop
      vertex -0.00861091 -0.00861091 0.025
      vertex -0.00844497 -0.00878425 0.025
      vertex -0.00641811 -0.00700413 0.025
    endloop
  endfacet
  facet normal 0 0 1
    outer loop
      vertex -0.00641811 -0.00700413 0.025
      vertex -0.00844497 -0.00878425 0.025
      vertex -0.00828676 -0.00896467 0.025
    endloop
  endfacet
  facet normal 0 0 1
    outer loop
      vertex 0.00975 -0.00773686 0.025
      vertex 0.00822724 -0.00475 0.025
      vertex 0.00954485 -0.00786135 0.025
    endloop
  endfacet
  facet normal 0 0 1
    outer loop
      vertex 0.00822724 -0.00475 0.025
      vertex 0.00801222 -0.00510435 0.025
      vertex 0.00954485 -0.00786135 0.025
    endloop
  endfacet
  facet normal 0 0 1
    outer loop
      vertex 0.00954485 -0.00786135 0.025
      vertex 0.00801222 -0.00510435 0.025
      vertex 0.00778194 -0.00544898 0.025
    endloop
  endfacet
  facet normal 0 0 1
    outer loop
      vertex 0.00578323 0.00753686 0.025
      vertex 0.00610648 0.00727742 0.025
      vertex 0.00954485 0.00786135 0.025
    endloop
  endfacet
  facet normal 0 0 1
    outer loop
      vertex 0.00610648 0.00727742 0.025
      vertex 0.00641811 0.00700413 0.025
      vertex 0.00954485 0.00786135 0.025
    endloop
  endfacet
  facet normal 0 0 1
    outer loop
      vertex 0.00954485 0.00786135 0.025
      vertex 0.00641811 0.00700413 0.025
      vertex 0.00671751 0.00671751 0.025
    endloop
  endfacet
  facet normal 0 0 1
    outer loop
      vertex 0.00671751 0.00671751 0.025
      vertex 0.00700413 0.00641811 0.025
      vertex 0.00954485 0.00786135 0.025
    endloop
  endfacet
  facet normal 0 0 1
    outer loop
      vertex 0.00700413 0.00641811 0.025
      vertex 0.00727742 0.00610648 0.025
      vertex 0.00954485 0.00786135 0.025
    endloop
  endfacet
  facet normal 0 0 1
    outer loop
      vertex 0.00954485 0.00786135 0.025
      vertex 0.00727742 0.00610648 0.025
      vertex 0.00975 0.00773686 0.025
    endloop
  endfacet
  facet normal 0 0 1
    outer loop
      vertex 0.00727742 0.00610648 0.025
      vertex 0.00753686 0.00578323 0.025
      vertex 0.00975 0.00773686 0.025
    endloop
  endfacet
  facet normal 0 0 1
    outer loop
      vertex 0.00975 0.00773686 0.025
      vertex 0.00753686 0.00578323 0.025
      vertex 0.00996038 0.00762144 0.025
    endloop
  endfacet
  facet normal 0 0 1
    outer loop
      vertex 0.00753686 0.00578323 0.025
      vertex 0.00778194 0.00544898 0.025
      vertex 0.00996038 0.00762144 0.025
    endloop
  endfacet
  facet normal 0 0 1
    outer loop
      vertex 0.00996038 0.00762144 0.025
      vertex 0.00778194 0.00544898 0.025
      vertex 0.00801222 0.00510435 0.025
    endloop
  endfacet
  facet normal 0 0 1
    outer loop
      vertex -0.00702093 0.0120206 0.025
      vertex -0.00124 0.00941873 0.025
      vertex -0.00082798 0.00946385 0.025
    endloop
  endfacet
  facet normal 0 0 1
    outer loop
      vertex -0.0084266 0.00438661 0.025
      vertex -0.00799466 0.00934533 0.025
      vertex -0.00860992 0.00401487 0.025
    endloop
  endfacet
  facet normal 0 0 1
    outer loop
      vertex -0.00799466 0.00934533 0.025
      vertex -0.00877686 0.00363549 0.025
      vertex -0.00860992 0.00401487 0.025
    endloop
  endfacet
  facet normal 0 0 1
    outer loop
      vertex -0.0091763 -0.00245878 0.025
      vertex -0.00927481 -0.00205618 0.025
      vertex -0.0115449 -0.00708356 0.025
    endloop
  endfacet
  facet normal 0 0 1
    outer loop
      vertex -0.00786135 -0.00954485 0.025
      vertex -0.00510435 -0.00801222 0.025
      vertex -0.00544898 -0.00778194 0.025
    endloop
  endfacet
  facet normal 0 0 1
    outer loop
      vertex 0.00700523 0.0122601 0.025
      vertex 0.007 0.0125 0.025
      vertex -0.007 0.0125 0.025
    endloop
  endfacet
  facet normal 0 0 1
    outer loop
      vertex -0.00124 0.00941873 0.025
      vertex -0.00702093 0.0120206 0.025
      vertex -0.00164966 0.00935567 0.025
    endloop
  endfacet
  facet normal 0 0 1
    outer loop
      vertex -0.00702093 0.0120206 0.025
      vertex -0.00704705 0.0117821 0.025
      vertex -0.00164966 0.00935567 0.025
    endloop
  endfacet
  facet normal 0 0 1
    outer loop
      vertex -0.00164966 0.00935567 0.025
      vertex -0.00704705 0.0117821 0.025
      vertex -0.00708356 0.0115449 0.025
    endloop
  endfacet
  facet normal 0 0 1
    outer loop
      vertex -0.00708356 0.0115449 0.025
      vertex -0.00713037 0.0113096 0.025
      vertex -0.00164966 0.00935567 0.025
    endloop
  endfacet
  facet normal 0 0 1
    outer loop
      vertex -0.00713037 0.0113096 0.025
      vertex -0.00718741 0.0110765 0.025
      vertex -0.00164966 0.00935567 0.025
    endloop
  endfacet
  facet normal 0 0 1
    outer loop
      vertex -0.00164966 0.00935567 0.025
      vertex -0.00718741 0.0110765 0.025
      vertex -0.00205618 0.00927481 0.025
    endloop
  endfacet
  facet normal 0 0 1
    outer loop
      vertex -0.00718741 0.0110765 0.025
      vertex -0.00725456 0.0108461 0.025
      vertex -0.00205618 0.00927481 0.025
    endloop
  endfacet
  facet normal 0 0 1
    outer loop
      vertex -0.00205618 0.00927481 0.025
      vertex -0.00725456 0.0108461 0.025
      vertex -0.00245878 0.0091763 0.025
    endloop
  endfacet
  facet normal 0 0 1
    outer loop
      vertex 0.00741866 0.0103952 0.025
      vertex 0.00733169 0.0106189 0.025
      vertex -0.00082798 0.00946385 0.025
    endloop
  endfacet
  facet normal 0 0 1
    outer loop
      vertex 0.00733169 0.0106189 0.025
      vertex 0.00725456 0.0108461 0.025
      vertex -0.00082798 0.00946385 0.025
    endloop
  endfacet
  facet normal 0 0 1
    outer loop
      vertex -0.00082798 0.00946385 0.025
      vertex 0.00725456 0.0108461 0.025
      vertex -0.00702093 0.0120206 0.025
    endloop
  endfacet
  facet normal 0 0 1
    outer loop
      vertex 0.00725456 0.0108461 0.025
      vertex 0.00718741 0.0110765 0.025
      vertex -0.00702093 0.0120206 0.025
    endloop
  endfacet
  facet normal 0 0 1
    outer loop
      vertex -0.00702093 0.0120206 0.025
      vertex 0.00718741 0.0110765 0.025
      vertex 0.00713037 0.0113096 0.025
    endloop
  endfacet
  facet normal 0 0 1
    outer loop
      vertex -0.0091763 0.00245878 0.025
      vertex -0.00906031 0.00285671 0.025
      vertex -0.00799466 0.00934533 0.025
    endloop
  endfacet
  facet normal 0 0 1
    outer loop
      vertex -0.00906031 0.00285671 0.025
      vertex -0.00892708 0.00324919 0.025
      vertex -0.00799466 0.00934533 0.025
    endloop
  endfacet
  facet normal 0 0 1
    outer loop
      vertex -0.00799466 0.00934533 0.025
      vertex -0.00892708 0.00324919 0.025
      vertex -0.00877686 0.00363549 0.025
    endloop
  endfacet
  facet normal 0 0 1
    outer loop
      vertex -0.00438661 0.0084266 0.025
      vertex -0.00741866 0.0103952 0.025
      vertex -0.00475 0.00822724 0.025
    endloop
  endfacet
  facet normal 0 0 1
    outer loop
      vertex -0.00741866 0.0103952 0.025
      vertex -0.00510435 0.00801222 0.025
      vertex -0.00475 0.00822724 0.025
    endloop
  endfacet
  facet normal 0 0 1
    outer loop
      vertex -0.00727742 -0.00610648 0.025
      vertex -0.00753686 -0.00578323 0.025
      vertex -0.00934533 -0.00799466 0.025
    endloop
  endfacet
  facet normal 0 0 1
    outer loop
      vertex -0.00753686 -0.00578323 0.025
      vertex -0.00778194 -0.00544898 0.025
      vertex -0.00934533 -0.00799466 0.025
    endloop
  endfacet
  facet normal 0 0 1
    outer loop
      vertex -0.00934533 -0.00799466 0.025
      vertex -0.00778194 -0.00544898 0.025
      vertex -0.00954485 -0.00786135 0.025
    endloop
  endfacet
  facet normal 0 0 1
    outer loop
      vertex -0.00778194 -0.00544898 0.025
      vertex -0.00801222 -0.00510435 0.025
      vertex -0.00954485 -0.00786135 0.025
    endloop
  endfacet
  facet normal 0 0 1
    outer loop
      vertex -0.00954485 -0.00786135 0.025
      vertex -0.00801222 -0.00510435 0.025
      vertex -0.00975 -0.00773686 0.025
    endloop
  endfacet
  facet normal 0 0 1
    outer loop
      vertex -0.00801222 -0.00510435 0.025
      vertex -0.00822724 -0.00475 0.025
      vertex -0.00975 -0.00773686 0.025
    endloop
  endfacet
  facet normal 0 0 1
    outer loop
      vertex -0.00975 -0.00773686 0.025
      vertex -0.00822724 -0.00475 0.025
      vertex -0.00996038 -0.00762144 0.025
    endloop
  endfacet
  facet normal 0 0 1
    outer loop
      vertex -0.00822724 -0.00475 0.025
      vertex -0.0084266 -0.00438661 0.025
      vertex -0.00996038 -0.00762144 0.025
    endloop
  endfacet
  facet normal 0 0 1
    outer loop
      vertex -0.00996038 -0.00762144 0.025
      vertex -0.0084266 -0.00438661 0.025
      vertex -0.0101756 -0.00751531 0.025
    endloop
  endfacet
  facet normal 0 0 1
    outer loop
      vertex -0.0084266 -0.00438661 0.025
      vertex -0.0103952 -0.00741866 0.025
      vertex -0.0101756 -0.00751531 0.025
    endloop
  endfacet
  facet normal 0 0 1
    outer loop
      vertex -0.0115449 -0.00708356 0.025
      vertex -0.00860992 -0.00401487 0.025
      vertex -0.00877686 -0.00363549 0.025
    endloop
  endfacet
  facet normal 0 0 1
    outer loop
      vertex -0.0120206 -0.00702093 0.025
      vertex -0.0117821 -0.00704705 0.025
      vertex -0.00941873 -0.00124 0.025
    endloop
  endfacet
  facet normal 0 0 1
    outer loop
      vertex -0.0117821 -0.00704705 0.025
      vertex -0.0115449 -0.00708356 0.025
      vertex -0.00941873 -0.00124 0.025
    endloop
  endfacet
  facet normal 0 0 1
    outer loop
      vertex -0.00941873 -0.00124 0.025
      vertex -0.0115449 -0.00708356 0.025
      vertex -0.00935567 -0.00164966 0.025
    endloop
  endfacet
  facet normal 0 0 1
    outer loop
      vertex -0.0115449 -0.00708356 0.025
      vertex -0.00927481 -0.00205618 0.025
      vertex -0.00935567 -0.00164966 0.025
    endloop
  endfacet
  facet normal 0 0 1
    outer loop
      vertex 0.00896467 -0.00828676 0.025
      vertex 0.00727742 -0.00610648 0.025
      vertex 0.00700413 -0.00641811 0.025
    endloop
  endfacet
  facet normal 0 0 1
    outer loop
      vertex 0.00727742 -0.00610648 0.025
      vertex 0.00896467 -0.00828676 0.025
      vertex 0.00753686 -0.00578323 0.025
    endloop
  endfacet
  facet normal 0 0 1
    outer loop
      vertex 0.00896467 -0.00828676 0.025
      vertex 0.00915181 -0.00813656 0.025
      vertex 0.00753686 -0.00578323 0.025
    endloop
  endfacet
  facet normal 0 0 1
    outer loop
      vertex 0.00753686 -0.00578323 0.025
      vertex 0.00915181 -0.00813656 0.025
      vertex 0.00778194 -0.00544898 0.025
    endloop
  endfacet
  facet normal 0 0 1
    outer loop
      vertex 0.00915181 -0.00813656 0.025
      vertex 0.00934533 -0.00799466 0.025
      vertex 0.00778194 -0.00544898 0.025
    endloop
  endfacet
  facet normal 0 0 1
    outer loop
      vertex 0.00778194 -0.00544898 0.025
      vertex 0.00934533 -0.00799466 0.025
      vertex 0.00954485 -0.00786135 0.025
    endloop
  endfacet
  facet normal 0 0 1
    outer loop
      vertex 0.00704705 0.0117821 0.025
      vertex 0.00702093 0.0120206 0.025
      vertex -0.00702093 0.0120206 0.025
    endloop
  endfacet
  facet normal 0 0 1
    outer loop
      vertex 0.00702093 0.0120206 0.025
      vertex 0.00700523 0.0122601 0.025
      vertex -0.00702093 0.0120206 0.025
    endloop
  endfacet
  facet normal 0 0 1
    outer loop
      vertex -0.00702093 0.0120206 0.025
      vertex 0.00700523 0.0122601 0.025
      vertex -0.00700523 0.0122601 0.025
    endloop
  endfacet
  facet normal 0 0 1
    outer loop
      vertex 0.00700523 0.0122601 0.025
      vertex -0.007 0.0125 0.025
      vertex -0.00700523 0.0122601 0.025
    endloop
  endfacet
  facet normal 0 0 1
    outer loop
      vertex -0.00438661 0.0084266 0.025
      vertex -0.00401487 0.00860992 0.025
      vertex -0.00741866 0.0103952 0.025
    endloop
  endfacet
  facet normal 0 0 1
    outer loop
      vertex -0.00401487 0.00860992 0.025
      vertex -0.00363549 0.00877686 0.025
      vertex -0.00741866 0.0103952 0.025
    endloop
  endfacet
  facet normal 0 0 1
    outer loop
      vertex -0.00741866 0.0103952 0.025
      vertex -0.00363549 0.00877686 0.025
      vertex -0.00733169 0.0106189 0.025
    endloop
  endfacet
  facet normal 0 0 1
    outer loop
      vertex -0.00363549 0.00877686 0.025
      vertex -0.00324919 0.00892708 0.025
      vertex -0.00733169 0.0106189 0.025
    endloop
  endfacet
  facet normal 0 0 1
    outer loop
      vertex -0.00733169 0.0106189 0.025
      vertex -0.00324919 0.00892708 0.025
      vertex -0.00725456 0.0108461 0.025
    endloop
  endfacet
  facet normal 0 0 1
    outer loop
      vertex -0.00324919 0.00892708 0.025
      vertex -0.00285671 0.00906031 0.025
      vertex -0.00725456 0.0108461 0.025
    endloop
  endfacet
  facet normal 0 0 1
    outer loop
      vertex -0.00725456 0.0108461 0.025
      vertex -0.00285671 0.00906031 0.025
      vertex -0.00245878 0.0091763 0.025
    endloop
  endfacet
  facet normal 0 0 1
    outer loop
      vertex -0.0084266 0.00438661 0.025
      vertex -0.00822724 0.00475 0.025
      vertex -0.00799466 0.00934533 0.025
    endloop
  endfacet
  facet normal 0 0 1
    outer loop
      vertex -0.00822724 0.00475 0.025
      vertex -0.00801222 0.00510435 0.025
      vertex -0.00799466 0.00934533 0.025
    endloop
  endfacet
  facet normal 0 0 1
    outer loop
      vertex -0.00799466 0.00934533 0.025
      vertex -0.00801222 0.00510435 0.025
      vertex -0.00778194 0.00544898 0.025
    endloop
  endfacet
  facet normal 0 0 1
    outer loop
      vertex -0.00510435 0.00801222 0.025
      vertex -0.00741866 0.0103952 0.025
      vertex -0.00544898 0.00778194 0.025
    endloop
  endfacet
  facet normal 0 0 1
    outer loop
      vertex -0.00741866 0.0103952 0.025
      vertex -0.00751531 0.0101756 0.025
      vertex -0.00544898 0.00778194 0.025
    endloop
  endfacet
  facet normal 0 0 1
    outer loop
      vertex -0.00544898 0.00778194 0.025
      vertex -0.00751531 0.0101756 0.025
      vertex -0.00762144 0.00996038 0.025
    endloop
  endfacet
  facet normal 0 0 1
    outer loop
      vertex -0.00860992 -0.00401487 0.025
      vertex -0.0115449 -0.00708356 0.025
      vertex -0.0084266 -0.00438661 0.025
    endloop
  endfacet
  facet normal 0 0 1
    outer loop
      vertex -0.0115449 -0.00708356 0.025
      vertex -0.0113096 -0.00713037 0.025
      vertex -0.0084266 -0.00438661 0.025
    endloop
  endfacet
  facet normal 0 0 1
    outer loop
      vertex -0.0084266 -0.00438661 0.025
      vertex -0.0113096 -0.00713037 0.025
      vertex -0.0110765 -0.00718741 0.025
    endloop
  endfacet
  facet normal 0 0 1
    outer loop
      vertex -0.0110765 -0.00718741 0.025
      vertex -0.0108461 -0.00725456 0.025
      vertex -0.0084266 -0.00438661 0.025
    endloop
  endfacet
  facet normal 0 0 1
    outer loop
      vertex -0.0108461 -0.00725456 0.025
      vertex -0.0106189 -0.00733169 0.025
      vertex -0.0084266 -0.00438661 0.025
    endloop
  endfacet
  facet normal 0 0 1
    outer loop
      vertex -0.0084266 -0.00438661 0.025
      vertex -0.0106189 -0.00733169 0.025
      vertex -0.0103952 -0.00741866 0.025
    endloop
  endfacet
  facet normal 0 0 1
    outer loop
      vertex -0.00877686 -0.00363549 0.025
      vertex -0.00892708 -0.00324919 0.025
      vertex -0.0115449 -0.00708356 0.025
    endloop
  endfacet
  facet normal 0 0 1
    outer loop
      vertex -0.00892708 -0.00324919 0.025
      vertex -0.00906031 -0.00285671 0.025
      vertex -0.0115449 -0.00708356 0.025
    endloop
  endfacet
  facet normal 0 0 1
    outer loop
      vertex -0.0115449 -0.00708356 0.025
      vertex -0.00906031 -0.00285671 0.025
      vertex -0.0091763 -0.00245878 0.025
    endloop
  endfacet
  facet normal 0 0 1
    outer loop
      vertex 0.00702093 -0.0120206 0.025
      vertex -0.007 -0.0125 0.025
      vertex 0.00700523 -0.0122601 0.025
    endloop
  endfacet
  facet normal 0 0 1
    outer loop
      vertex -0.007 -0.0125 0.025
      vertex 0.007 -0.0125 0.025
      vertex 0.00700523 -0.0122601 0.025
    endloop
  endfacet
  facet normal 0 0 1
    outer loop
      vertex -0.00578323 -0.00753686 0.025
      vertex -0.00813656 -0.00915181 0.025
      vertex -0.00544898 -0.00778194 0.025
    endloop
  endfacet
  facet normal 0 0 1
    outer loop
      vertex -0.00813656 -0.00915181 0.025
      vertex -0.00799466 -0.00934533 0.025
      vertex -0.00544898 -0.00778194 0.025
    endloop
  endfacet
  facet normal 0 0 1
    outer loop
      vertex -0.00544898 -0.00778194 0.025
      vertex -0.00799466 -0.00934533 0.025
      vertex -0.00786135 -0.00954485 0.025
    endloop
  endfacet
  facet normal 0 0 1
    outer loop
      vertex -0.00324919 -0.00892708 0.025
      vertex -0.00704705 -0.0117821 0.025
      vertex -0.00702093 -0.0120206 0.025
    endloop
  endfacet
  facet normal 0 0 1
    outer loop
      vertex -0.00778194 0.00544898 0.025
      vertex -0.00753686 0.00578323 0.025
      vertex -0.00799466 0.00934533 0.025
    endloop
  endfacet
  facet normal 0 0 1
    outer loop
      vertex -0.00753686 0.00578323 0.025
      vertex -0.00727742 0.00610648 0.025
      vertex -0.00799466 0.00934533 0.025
    endloop
  endfacet
  facet normal 0 0 1
    outer loop
      vertex -0.00799466 0.00934533 0.025
      vertex -0.00727742 0.00610648 0.025
      vertex -0.00700413 0.00641811 0.025
    endloop
  endfacet
  facet normal 0 0 1
    outer loop
      vertex -0.00762144 0.00996038 0.025
      vertex -0.00773686 0.00975 0.025
      vertex -0.00544898 0.00778194 0.025
    endloop
  endfacet
  facet normal 0 0 1
    outer loop
      vertex -0.00773686 0.00975 0.025
      vertex -0.00786135 0.00954485 0.025
      vertex -0.00544898 0.00778194 0.025
    endloop
  endfacet
  facet normal 0 0 1
    outer loop
      vertex -0.00544898 0.00778194 0.025
      vertex -0.00786135 0.00954485 0.025
      vertex -0.00578323 0.00753686 0.025
    endloop
  endfacet
  facet normal 0 0 1
    outer loop
      vertex -0.0108461 0.00725456 0.025
      vertex -0.0110765 0.00718741 0.025
      vertex -0.00949096 0.000414384 0.025
    endloop
  endfacet
  facet normal 0 0 1
    outer loop
      vertex -0.0110765 0.00718741 0.025
      vertex -0.0113096 0.00713037 0.025
      vertex -0.00949096 0.000414384 0.025
    endloop
  endfacet
  facet normal 0 0 1
    outer loop
      vertex -0.00949096 0.000414384 0.025
      vertex -0.0113096 0.00713037 0.025
      vertex -0.0095 2.6997e-17 0.025
    endloop
  endfacet
  facet normal 0 0 1
    outer loop
      vertex -0.0113096 0.00713037 0.025
      vertex -0.0115449 0.00708356 0.025
      vertex -0.0095 2.6997e-17 0.025
    endloop
  endfacet
  facet normal 0 0 1
    outer loop
      vertex -0.0095 2.6997e-17 0.025
      vertex -0.0115449 0.00708356 0.025
      vertex -0.00949096 -0.000414384 0.025
    endloop
  endfacet
  facet normal 0 0 1
    outer loop
      vertex -0.0115449 0.00708356 0.025
      vertex -0.0117821 0.00704705 0.025
      vertex -0.00949096 -0.000414384 0.025
    endloop
  endfacet
  facet normal 0 0 1
    outer loop
      vertex -0.00949096 -0.000414384 0.025
      vertex -0.0117821 0.00704705 0.025
      vertex -0.0125 -0.007 0.025
    endloop
  endfacet
  facet normal 0 0 1
    outer loop
      vertex -0.0117821 0.00704705 0.025
      vertex -0.0120206 0.00702093 0.025
      vertex -0.0125 -0.007 0.025
    endloop
  endfacet
  facet normal 0 0 1
    outer loop
      vertex -0.0125 -0.007 0.025
      vertex -0.0120206 0.00702093 0.025
      vertex -0.0122601 0.00700523 0.025
    endloop
  endfacet
  facet normal 0 0 1
    outer loop
      vertex -0.00124 -0.00941873 0.025
      vertex -0.007 -0.0125 0.025
      vertex -0.00082798 -0.00946385 0.025
    endloop
  endfacet
  facet normal 0 0 1
    outer loop
      vertex -0.007 -0.0125 0.025
      vertex -0.000414384 -0.00949096 0.025
      vertex -0.00082798 -0.00946385 0.025
    endloop
  endfacet
  facet normal 0 0 1
    outer loop
      vertex -0.00124 -0.00941873 0.025
      vertex -0.00164966 -0.00935567 0.025
      vertex -0.007 -0.0125 0.025
    endloop
  endfacet
  facet normal 0 0 1
    outer loop
      vertex -0.00164966 -0.00935567 0.025
      vertex -0.00205618 -0.00927481 0.025
      vertex -0.007 -0.0125 0.025
    endloop
  endfacet
  facet normal 0 0 1
    outer loop
      vertex -0.007 -0.0125 0.025
      vertex -0.00205618 -0.00927481 0.025
      vertex -0.00245878 -0.0091763 0.025
    endloop
  endfacet
  facet normal 0 0 1
    outer loop
      vertex -0.00702093 -0.0120206 0.025
      vertex -0.00700523 -0.0122601 0.025
      vertex -0.00324919 -0.00892708 0.025
    endloop
  endfacet
  facet normal 0 0 1
    outer loop
      vertex -0.00700523 -0.0122601 0.025
      vertex -0.007 -0.0125 0.025
      vertex -0.00324919 -0.00892708 0.025
    endloop
  endfacet
  facet normal 0 0 1
    outer loop
      vertex -0.00324919 -0.00892708 0.025
      vertex -0.007 -0.0125 0.025
      vertex -0.00285671 -0.00906031 0.025
    endloop
  endfacet
  facet normal 0 0 1
    outer loop
      vertex -0.007 -0.0125 0.025
      vertex -0.00245878 -0.0091763 0.025
      vertex -0.00285671 -0.00906031 0.025
    endloop
  endfacet
  facet normal 0 0 1
    outer loop
      vertex -0.00324919 -0.00892708 0.025
      vertex -0.00725456 -0.0108461 0.025
      vertex -0.00718741 -0.0110765 0.025
    endloop
  endfacet
  facet normal 0 0 1
    outer loop
      vertex -0.00363549 -0.00877686 0.025
      vertex -0.00401487 -0.00860992 0.025
      vertex -0.00741866 -0.0103952 0.025
    endloop
  endfacet
  facet normal 0 0 1
    outer loop
      vertex -0.00401487 -0.00860992 0.025
      vertex -0.00438661 -0.0084266 0.025
      vertex -0.00741866 -0.0103952 0.025
    endloop
  endfacet
  facet normal 0 0 1
    outer loop
      vertex -0.00741866 -0.0103952 0.025
      vertex -0.00438661 -0.0084266 0.025
      vertex -0.00751531 -0.0101756 0.025
    endloop
  endfacet
  facet normal 0 0 1
    outer loop
      vertex -0.00363549 -0.00877686 0.025
      vertex -0.00741866 -0.0103952 0.025
      vertex -0.00324919 -0.00892708 0.025
    endloop
  endfacet
  facet normal 0 0 1
    outer loop
      vertex -0.00741866 -0.0103952 0.025
      vertex -0.00733169 -0.0106189 0.025
      vertex -0.00324919 -0.00892708 0.025
    endloop
  endfacet
  facet normal 0 0 1
    outer loop
      vertex -0.00324919 -0.00892708 0.025
      vertex -0.00733169 -0.0106189 0.025
      vertex -0.00725456 -0.0108461 0.025
    endloop
  endfacet
  facet normal 0 0 1
    outer loop
      vertex -0.00700413 0.00641811 0.025
      vertex -0.00671751 0.00671751 0.025
      vertex -0.00799466 0.00934533 0.025
    endloop
  endfacet
  facet normal 0 0 1
    outer loop
      vertex -0.00671751 0.00671751 0.025
      vertex -0.00641811 0.00700413 0.025
      vertex -0.00799466 0.00934533 0.025
    endloop
  endfacet
  facet normal 0 0 1
    outer loop
      vertex -0.00799466 0.00934533 0.025
      vertex -0.00641811 0.00700413 0.025
      vertex -0.00786135 0.00954485 0.025
    endloop
  endfacet
  facet normal 0 0 1
    outer loop
      vertex -0.00641811 0.00700413 0.025
      vertex -0.00610648 0.00727742 0.025
      vertex -0.00786135 0.00954485 0.025
    endloop
  endfacet
  facet normal 0 0 1
    outer loop
      vertex -0.00786135 0.00954485 0.025
      vertex -0.00610648 0.00727742 0.025
      vertex -0.00578323 0.00753686 0.025
    endloop
  endfacet
  facet normal 0 0 1
    outer loop
      vertex 0.00702093 -0.0120206 0.025
      vertex 0.00285671 -0.00906031 0.025
      vertex 0.00245878 -0.0091763 0.025
    endloop
  endfacet
  facet normal 0 0 1
    outer loop
      vertex -0.00718741 -0.0110765 0.025
      vertex -0.00713037 -0.0113096 0.025
      vertex -0.00324919 -0.00892708 0.025
    endloop
  endfacet
  facet normal 0 0 1
    outer loop
      vertex -0.00713037 -0.0113096 0.025
      vertex -0.00708356 -0.0115449 0.025
      vertex -0.00324919 -0.00892708 0.025
    endloop
  endfacet
  facet normal 0 0 1
    outer loop
      vertex -0.00324919 -0.00892708 0.025
      vertex -0.00708356 -0.0115449 0.025
      vertex -0.00704705 -0.0117821 0.025
    endloop
  endfacet
  facet normal 0 0 1
    outer loop
      vertex 0.00702093 -0.0120206 0.025
      vertex 0.00704705 -0.0117821 0.025
      vertex 0.00285671 -0.00906031 0.025
    endloop
  endfacet
  facet normal 0 0 1
    outer loop
      vertex 0.00704705 -0.0117821 0.025
      vertex 0.00708356 -0.0115449 0.025
      vertex 0.00285671 -0.00906031 0.025
    endloop
  endfacet
  facet normal 0 0 1
    outer loop
      vertex 0.00285671 -0.00906031 0.025
      vertex 0.00708356 -0.0115449 0.025
      vertex 0.00713037 -0.0113096 0.025
    endloop
  endfacet
  facet normal 0 0 1
    outer loop
      vertex 0.00245878 -0.0091763 0.025
      vertex 0.00205618 -0.00927481 0.025
      vertex 0.00702093 -0.0120206 0.025
    endloop
  endfacet
  facet normal 0 0 1
    outer loop
      vertex 0.00205618 -0.00927481 0.025
      vertex 0.00164966 -0.00935567 0.025
      vertex 0.00702093 -0.0120206 0.025
    endloop
  endfacet
  facet normal 0 0 1
    outer loop
      vertex 0.00702093 -0.0120206 0.025
      vertex 0.00164966 -0.00935567 0.025
      vertex 0.00124 -0.00941873 0.025
    endloop
  endfacet
  facet normal 0 0 1
    outer loop
      vertex -0.00510435 -0.00801222 0.025
      vertex -0.00786135 -0.00954485 0.025
      vertex -0.00475 -0.00822724 0.025
    endloop
  endfacet
  facet normal 0 0 1
    outer loop
      vertex -0.00786135 -0.00954485 0.025
      vertex -0.00773686 -0.00975 0.025
      vertex -0.00475 -0.00822724 0.025
    endloop
  endfacet
  facet normal 0 0 1
    outer loop
      vertex -0.00475 -0.00822724 0.025
      vertex -0.00773686 -0.00975 0.025
      vertex -0.00438661 -0.0084266 0.025
    endloop
  endfacet
  facet normal 0 0 1
    outer loop
      vertex -0.00773686 -0.00975 0.025
      vertex -0.00762144 -0.00996038 0.025
      vertex -0.00438661 -0.0084266 0.025
    endloop
  endfacet
  facet normal 0 0 1
    outer loop
      vertex -0.00438661 -0.0084266 0.025
      vertex -0.00762144 -0.00996038 0.025
      vertex -0.00751531 -0.0101756 0.025
    endloop
  endfacet
  facet normal 0 0 1
    outer loop
      vertex 0.00124 -0.00941873 0.025
      vertex 0.00082798 -0.00946385 0.025
      vertex 0.00702093 -0.0120206 0.025
    endloop
  endfacet
  facet normal 0 0 1
    outer loop
      vertex 0.00082798 -0.00946385 0.025
      vertex 0.000414384 -0.00949096 0.025
      vertex 0.00702093 -0.0120206 0.025
    endloop
  endfacet
  facet normal 0 0 1
    outer loop
      vertex 0.00702093 -0.0120206 0.025
      vertex 0.000414384 -0.00949096 0.025
      vertex -0.007 -0.0125 0.025
    endloop
  endfacet
  facet normal 0 0 1
    outer loop
      vertex 0.000414384 -0.00949096 0.025
      vertex -4.39336e-17 -0.0095 0.025
      vertex -0.007 -0.0125 0.025
    endloop
  endfacet
  facet normal 0 0 1
    outer loop
      vertex -0.007 -0.0125 0.025
      vertex -4.39336e-17 -0.0095 0.025
      vertex -0.000414384 -0.00949096 0.025
    endloop
  endfacet
  facet normal 0 0 1
    outer loop
      vertex 0.00713037 -0.0113096 0.025
      vertex 0.00718741 -0.0110765 0.025
      vertex 0.00285671 -0.00906031 0.025
    endloop
  endfacet
  facet normal 0 0 1
    outer loop
      vertex 0.00718741 -0.0110765 0.025
      vertex 0.00725456 -0.0108461 0.025
      vertex 0.00285671 -0.00906031 0.025
    endloop
  endfacet
  facet normal 0 0 1
    outer loop
      vertex 0.00285671 -0.00906031 0.025
      vertex 0.00725456 -0.0108461 0.025
      vertex 0.00324919 -0.00892708 0.025
    endloop
  endfacet
  facet normal 0 0 1
    outer loop
      vertex 0.00725456 -0.0108461 0.025
      vertex 0.00733169 -0.0106189 0.025
      vertex 0.00324919 -0.00892708 0.025
    endloop
  endfacet
  facet normal 0 0 1
    outer loop
      vertex 0.00324919 -0.00892708 0.025
      vertex 0.00733169 -0.0106189 0.025
      vertex 0.00363549 -0.00877686 0.025
    endloop
  endfacet
  facet normal 0 0 1
    outer loop
      vertex 0.00733169 -0.0106189 0.025
      vertex 0.00741866 -0.0103952 0.025
      vertex 0.00363549 -0.00877686 0.025
    endloop
  endfacet
  facet normal 0 0 1
    outer loop
      vertex 0.00363549 -0.00877686 0.025
      vertex 0.00741866 -0.0103952 0.025
      vertex 0.00401487 -0.00860992 0.025
    endloop
  endfacet
  facet normal 0 0 1
    outer loop
      vertex 0.00741866 -0.0103952 0.025
      vertex 0.00751531 -0.0101756 0.025
      vertex 0.00401487 -0.00860992 0.025
    endloop
  endfacet
  facet normal 0 0 1
    outer loop
      vertex 0.00401487 -0.00860992 0.025
      vertex 0.00751531 -0.0101756 0.025
      vertex 0.00438661 -0.0084266 0.025
    endloop
  endfacet
  facet normal 0 0 1
    outer loop
      vertex 0.00751531 -0.0101756 0.025
      vertex 0.00762144 -0.00996038 0.025
      vertex 0.00438661 -0.0084266 0.025
    endloop
  endfacet
  facet normal 0 0 1
    outer loop
      vertex 0.00438661 -0.0084266 0.025
      vertex 0.00762144 -0.00996038 0.025
      vertex 0.00475 -0.00822724 0.025
    endloop
  endfacet
  facet normal 0 0 1
    outer loop
      vertex 0.00762144 -0.00996038 0.025
      vertex 0.00773686 -0.00975 0.025
      vertex 0.00475 -0.00822724 0.025
    endloop
  endfacet
  facet normal 0 0 1
    outer loop
      vertex 0.00475 -0.00822724 0.025
      vertex 0.00773686 -0.00975 0.025
      vertex 0.00510435 -0.00801222 0.025
    endloop
  endfacet
  facet normal 0 0 1
    outer loop
      vertex 0.00773686 -0.00975 0.025
      vertex 0.00786135 -0.00954485 0.025
      vertex 0.00510435 -0.00801222 0.025
    endloop
  endfacet
  facet normal 0 0 1
    outer loop
      vertex 0.00510435 -0.00801222 0.025
      vertex 0.00786135 -0.00954485 0.025
      vertex 0.00544898 -0.00778194 0.025
    endloop
  endfacet
  facet normal 0 0 1
    outer loop
      vertex 0.00786135 -0.00954485 0.025
      vertex 0.00799466 -0.00934533 0.025
      vertex 0.00544898 -0.00778194 0.025
    endloop
  endfacet
  facet normal 0 0 1
    outer loop
      vertex 0.00544898 -0.00778194 0.025
      vertex 0.00799466 -0.00934533 0.025
      vertex 0.00578323 -0.00753686 0.025
    endloop
  endfacet
  facet normal 0 0 1
    outer loop
      vertex 0.00799466 -0.00934533 0.025
      vertex 0.00813656 -0.00915181 0.025
      vertex 0.00578323 -0.00753686 0.025
    endloop
  endfacet
  facet normal 0 0 1
    outer loop
      vertex 0.00578323 -0.00753686 0.025
      vertex 0.00813656 -0.00915181 0.025
      vertex 0.00610648 -0.00727742 0.025
    endloop
  endfacet
  facet normal 0 0 1
    outer loop
      vertex 0.00813656 -0.00915181 0.025
      vertex 0.00828676 -0.00896467 0.025
      vertex 0.00610648 -0.00727742 0.025
    endloop
  endfacet
  facet normal 0 0 1
    outer loop
      vertex 0.00610648 -0.00727742 0.025
      vertex 0.00828676 -0.00896467 0.025
      vertex 0.00641811 -0.00700413 0.025
    endloop
  endfacet
  facet normal 0 0 1
    outer loop
      vertex 0.00828676 -0.00896467 0.025
      vertex 0.00844497 -0.00878425 0.025
      vertex 0.00641811 -0.00700413 0.025
    endloop
  endfacet
  facet normal 0 0 1
    outer loop
      vertex 0.00641811 -0.00700413 0.025
      vertex 0.00844497 -0.00878425 0.025
      vertex 0.00671751 -0.00671751 0.025
    endloop
  endfacet
  facet normal 0 0 1
    outer loop
      vertex 0.00844497 -0.00878425 0.025
      vertex 0.00861091 -0.00861091 0.025
      vertex 0.00671751 -0.00671751 0.025
    endloop
  endfacet
  facet normal 0 0 1
    outer loop
      vertex 0.00671751 -0.00671751 0.025
      vertex 0.00861091 -0.00861091 0.025
      vertex 0.00700413 -0.00641811 0.025
    endloop
  endfacet
  facet normal 0 0 1
    outer loop
      vertex 0.00861091 -0.00861091 0.025
      vertex 0.00878425 -0.00844497 0.025
      vertex 0.00700413 -0.00641811 0.025
    endloop
  endfacet
  facet normal 0 0 1
    outer loop
      vertex 0.00700413 -0.00641811 0.025
      vertex 0.00878425 -0.00844497 0.025
      vertex 0.00896467 -0.00828676 0.025
    endloop
  endfacet
  facet normal -0.999762 -0.0218156 0
    outer loop
      vertex 0.0085 5.20475e-19 0
      vertex 0.0085 5.20475e-19 0.024
      vertex 0.00849191 0.000370765 0
    endloop
  endfacet
  facet normal -0.999762 -0.0218156 0
    outer loop
      vertex 0.0085 5.20475e-19 0.024
      vertex 0.00849191 0.000370765 0.024
      vertex 0.00849191 0.000370765 0
    endloop
  endfacet
  facet normal -0.997859 -0.0654042 0
    outer loop
      vertex 0.00849191 0.000370765 0
      vertex 0.00849191 0.000370765 0.024
      vertex 0.00846765 0.000740824 0
    endloop
  endfacet
  facet normal -0.997859 -0.0654042 0
    outer loop
      vertex 0.00849191 0.000370765 0.024
      vertex 0.00846765 0.000740824 0.024
      vertex 0.00846765 0.000740824 0
    endloop
  endfacet
  facet normal -0.994056 -0.108867 0
    outer loop
      vertex 0.00846765 0.000740824 0
      vertex 0.00846765 0.000740824 0.024
      vertex 0.00842728 0.00110947 0
    endloop
  endfacet
  facet normal -0.994056 -0.108867 0
    outer loop
      vertex 0.00846765 0.000740824 0.024
      vertex 0.00842728 0.00110947 0.024
      vertex 0.00842728 0.00110947 0
    endloop
  endfacet
  facet normal -0.988362 -0.152122 0
    outer loop
      vertex 0.00842728 0.00110947 0
      vertex 0.00842728 0.00110947 0.024
      vertex 0.00837087 0.00147601 0
    endloop
  endfacet
  facet normal -0.988362 -0.152122 0
    outer loop
      vertex 0.00842728 0.00110947 0.024
      vertex 0.00837087 0.00147601 0.024
      vertex 0.00837087 0.00147601 0
    endloop
  endfacet
  facet normal -0.980785 -0.19509 0
    outer loop
      vertex 0.00837087 0.00147601 0
      vertex 0.00837087 0.00147601 0.024
      vertex 0.00829852 0.00183974 0
    endloop
  endfacet
  facet normal -0.980785 -0.19509 0
    outer loop
      vertex 0.00837087 0.00147601 0.024
      vertex 0.00829852 0.00183974 0.024
      vertex 0.00829852 0.00183974 0
    endloop
  endfacet
  facet normal -0.971342 -0.237687 0
    outer loop
      vertex 0.00829852 0.00183974 0
      vertex 0.00829852 0.00183974 0.024
      vertex 0.00821037 0.00219996 0
    endloop
  endfacet
  facet normal -0.971342 -0.237687 0
    outer loop
      vertex 0.00829852 0.00183974 0.024
      vertex 0.00821037 0.00219996 0.024
      vertex 0.00821037 0.00219996 0
    endloop
  endfacet
  facet normal -0.96005 -0.279829 0
    outer loop
      vertex 0.00821037 0.00219996 0
      vertex 0.00821037 0.00219996 0.024
      vertex 0.00810659 0.002556 0
    endloop
  endfacet
  facet normal -0.96005 -0.279829 0
    outer loop
      vertex 0.00821037 0.00219996 0.024
      vertex 0.00810659 0.002556 0.024
      vertex 0.00810659 0.002556 0
    endloop
  endfacet
  facet normal -0.94693 -0.321439 0
    outer loop
      vertex 0.00810659 0.002556 0
      vertex 0.00810659 0.002556 0.024
      vertex 0.00798739 0.00290717 0
    endloop
  endfacet
  facet normal -0.94693 -0.321439 0
    outer loop
      vertex 0.00810659 0.002556 0.024
      vertex 0.00798739 0.00290717 0.024
      vertex 0.00798739 0.00290717 0
    endloop
  endfacet
  facet normal -0.932008 -0.362438 0
    outer loop
      vertex 0.00798739 0.00290717 0
      vertex 0.00798739 0.00290717 0.024
      vertex 0.00785298 0.00325281 0
    endloop
  endfacet
  facet normal -0.932008 -0.362438 0
    outer loop
      vertex 0.00798739 0.00290717 0.024
      vertex 0.00785298 0.00325281 0.024
      vertex 0.00785298 0.00325281 0
    endloop
  endfacet
  facet normal -0.915311 -0.402747 0
    outer loop
      vertex 0.00785298 0.00325281 0
      vertex 0.00785298 0.00325281 0.024
      vertex 0.00770362 0.00359226 0
    endloop
  endfacet
  facet normal -0.915311 -0.402747 0
    outer loop
      vertex 0.00785298 0.00325281 0.024
      vertex 0.00770362 0.00359226 0.024
      vertex 0.00770362 0.00359226 0
    endloop
  endfacet
  facet normal -0.896873 -0.442288 0
    outer loop
      vertex 0.00770362 0.00359226 0
      vertex 0.00770362 0.00359226 0.024
      vertex 0.00753959 0.00392486 0
    endloop
  endfacet
  facet normal -0.896873 -0.442288 0
    outer loop
      vertex 0.00770362 0.00359226 0.024
      vertex 0.00753959 0.00392486 0.024
      vertex 0.00753959 0.00392486 0
    endloop
  endfacet
  facet normal -0.876727 -0.480989 0
    outer loop
      vertex 0.00753959 0.00392486 0
      vertex 0.00753959 0.00392486 0.024
      vertex 0.00736122 0.00425 0
    endloop
  endfacet
  facet normal -0.876727 -0.480989 0
    outer loop
      vertex 0.00753959 0.00392486 0.024
      vertex 0.00736122 0.00425 0.024
      vertex 0.00736122 0.00425 0
    endloop
  endfacet
  facet normal -0.854911 -0.518774 0
    outer loop
      vertex 0.00736122 0.00425 0
      vertex 0.00736122 0.00425 0.024
      vertex 0.00716883 0.00456705 0
    endloop
  endfacet
  facet normal -0.854911 -0.518774 0
    outer loop
      vertex 0.00736122 0.00425 0.024
      vertex 0.00716883 0.00456705 0.024
      vertex 0.00716883 0.00456705 0
    endloop
  endfacet
  facet normal -0.83147 -0.55557 0
    outer loop
      vertex 0.00716883 0.00456705 0
      vertex 0.00716883 0.00456705 0.024
      vertex 0.00696279 0.0048754 0
    endloop
  endfacet
  facet normal -0.83147 -0.55557 0
    outer loop
      vertex 0.00716883 0.00456705 0.024
      vertex 0.00696279 0.0048754 0.024
      vertex 0.00696279 0.0048754 0
    endloop
  endfacet
  facet normal -0.806444 -0.59131 0
    outer loop
      vertex 0.00696279 0.0048754 0
      vertex 0.00696279 0.0048754 0.024
      vertex 0.0067435 0.00517447 0
    endloop
  endfacet
  facet normal -0.806444 -0.59131 0
    outer loop
      vertex 0.00696279 0.0048754 0.024
      vertex 0.0067435 0.00517447 0.024
      vertex 0.0067435 0.00517447 0
    endloop
  endfacet
  facet normal -0.779885 -0.625923 0
    outer loop
      vertex 0.0067435 0.00517447 0
      vertex 0.0067435 0.00517447 0.024
      vertex 0.00651138 0.00546369 0
    endloop
  endfacet
  facet normal -0.779885 -0.625923 0
    outer loop
      vertex 0.0067435 0.00517447 0.024
      vertex 0.00651138 0.00546369 0.024
      vertex 0.00651138 0.00546369 0
    endloop
  endfacet
  facet normal -0.75184 -0.659345 0
    outer loop
      vertex 0.00651138 0.00546369 0
      vertex 0.00651138 0.00546369 0.024
      vertex 0.00626686 0.00574252 0
    endloop
  endfacet
  facet normal -0.75184 -0.659345 0
    outer loop
      vertex 0.00651138 0.00546369 0.024
      vertex 0.00626686 0.00574252 0.024
      vertex 0.00626686 0.00574252 0
    endloop
  endfacet
  facet normal -0.722364 -0.691513 0
    outer loop
      vertex 0.00626686 0.00574252 0
      vertex 0.00626686 0.00574252 0.024
      vertex 0.00601041 0.00601041 0
    endloop
  endfacet
  facet normal -0.722364 -0.691513 0
    outer loop
      vertex 0.00626686 0.00574252 0.024
      vertex 0.00601041 0.00601041 0.024
      vertex 0.00601041 0.00601041 0
    endloop
  endfacet
  facet normal -0.691513 -0.722364 0
    outer loop
      vertex 0.00601041 0.00601041 0
      vertex 0.00601041 0.00601041 0.024
      vertex 0.00574252 0.00626686 0
    endloop
  endfacet
  facet normal -0.691513 -0.722364 0
    outer loop
      vertex 0.00601041 0.00601041 0.024
      vertex 0.00574252 0.00626686 0.024
      vertex 0.00574252 0.00626686 0
    endloop
  endfacet
  facet normal -0.659345 -0.75184 0
    outer loop
      vertex 0.00574252 0.00626686 0
      vertex 0.00574252 0.00626686 0.024
      vertex 0.00546369 0.00651138 0
    endloop
  endfacet
  facet normal -0.659345 -0.75184 0
    outer loop
      vertex 0.00574252 0.00626686 0.024
      vertex 0.00546369 0.00651138 0.024
      vertex 0.00546369 0.00651138 0
    endloop
  endfacet
  facet normal -0.625923 -0.779885 0
    outer loop
      vertex 0.00546369 0.00651138 0
      vertex 0.00546369 0.00651138 0.024
      vertex 0.00517447 0.0067435 0
    endloop
  endfacet
  facet normal -0.625923 -0.779885 0
    outer loop
      vertex 0.00546369 0.00651138 0.024
      vertex 0.00517447 0.0067435 0.024
      vertex 0.00517447 0.0067435 0
    endloop
  endfacet
  facet normal -0.59131 -0.806444 0
    outer loop
      vertex 0.00517447 0.0067435 0
      vertex 0.00517447 0.0067435 0.024
      vertex 0.0048754 0.00696279 0
    endloop
  endfacet
  facet normal -0.59131 -0.806444 0
    outer loop
      vertex 0.00517447 0.0067435 0.024
      vertex 0.0048754 0.00696279 0.024
      vertex 0.0048754 0.00696279 0
    endloop
  endfacet
  facet normal -0.55557 -0.83147 0
    outer loop
      vertex 0.0048754 0.00696279 0
      vertex 0.0048754 0.00696279 0.024
      vertex 0.00456705 0.00716883 0
    endloop
  endfacet
  facet normal -0.55557 -0.83147 0
    outer loop
      vertex 0.0048754 0.00696279 0.024
      vertex 0.00456705 0.00716883 0.024
      vertex 0.00456705 0.00716883 0
    endloop
  endfacet
  facet normal -0.518774 -0.854911 0
    outer loop
      vertex 0.00456705 0.00716883 0
      vertex 0.00456705 0.00716883 0.024
      vertex 0.00425 0.00736122 0
    endloop
  endfacet
  facet normal -0.518774 -0.854911 0
    outer loop
      vertex 0.00456705 0.00716883 0.024
      vertex 0.00425 0.00736122 0.024
      vertex 0.00425 0.00736122 0
    endloop
  endfacet
  facet normal -0.480989 -0.876727 0
    outer loop
      vertex 0.00425 0.00736122 0
      vertex 0.00425 0.00736122 0.024
      vertex 0.00392486 0.00753959 0
    endloop
  endfacet
  facet normal -0.480989 -0.876727 0
    outer loop
      vertex 0.00425 0.00736122 0.024
      vertex 0.00392486 0.00753959 0.024
      vertex 0.00392486 0.00753959 0
    endloop
  endfacet
  facet normal -0.442288 -0.896873 0
    outer loop
      vertex 0.00392486 0.00753959 0
      vertex 0.00392486 0.00753959 0.024
      vertex 0.00359226 0.00770362 0
    endloop
  endfacet
  facet normal -0.442288 -0.896873 0
    outer loop
      vertex 0.00392486 0.00753959 0.024
      vertex 0.00359226 0.00770362 0.024
      vertex 0.00359226 0.00770362 0
    endloop
  endfacet
  facet normal -0.402747 -0.915311 0
    outer loop
      vertex 0.00359226 0.00770362 0
      vertex 0.00359226 0.00770362 0.024
      vertex 0.00325281 0.00785298 0
    endloop
  endfacet
  facet normal -0.402747 -0.915311 0
    outer loop
      vertex 0.00359226 0.00770362 0.024
      vertex 0.00325281 0.00785298 0.024
      vertex 0.00325281 0.00785298 0
    endloop
  endfacet
  facet normal -0.362438 -0.932008 0
    outer loop
      vertex 0.00325281 0.00785298 0
      vertex 0.00325281 0.00785298 0.024
      vertex 0.00290717 0.00798739 0
    endloop
  endfacet
  facet normal -0.362438 -0.932008 0
    outer loop
      vertex 0.00325281 0.00785298 0.024
      vertex 0.00290717 0.00798739 0.024
      vertex 0.00290717 0.00798739 0
    endloop
  endfacet
  facet normal -0.321439 -0.94693 0
    outer loop
      vertex 0.00290717 0.00798739 0
      vertex 0.00290717 0.00798739 0.024
      vertex 0.002556 0.00810659 0
    endloop
  endfacet
  facet normal -0.321439 -0.94693 0
    outer loop
      vertex 0.00290717 0.00798739 0.024
      vertex 0.002556 0.00810659 0.024
      vertex 0.002556 0.00810659 0
    endloop
  endfacet
  facet normal -0.279829 -0.96005 0
    outer loop
      vertex 0.002556 0.00810659 0
      vertex 0.002556 0.00810659 0.024
      vertex 0.00219996 0.00821037 0
    endloop
  endfacet
  facet normal -0.279829 -0.96005 0
    outer loop
      vertex 0.002556 0.00810659 0.024
      vertex 0.00219996 0.00821037 0.024
      vertex 0.00219996 0.00821037 0
    endloop
  endfacet
  facet normal -0.237687 -0.971342 0
    outer loop
      vertex 0.00219996 0.00821037 0
      vertex 0.00219996 0.00821037 0.024
      vertex 0.00183974 0.00829852 0
    endloop
  endfacet
  facet normal -0.237687 -0.971342 0
    outer loop
      vertex 0.00219996 0.00821037 0.024
      vertex 0.00183974 0.00829852 0.024
      vertex 0.00183974 0.00829852 0
    endloop
  endfacet
  facet normal -0.19509 -0.980785 0
    outer loop
      vertex 0.00183974 0.00829852 0
      vertex 0.00183974 0.00829852 0.024
      vertex 0.00147601 0.00837087 0
    endloop
  endfacet
  facet normal -0.19509 -0.980785 0
    outer loop
      vertex 0.00183974 0.00829852 0.024
      vertex 0.00147601 0.00837087 0.024
      vertex 0.00147601 0.00837087 0
    endloop
  endfacet
  facet normal -0.152122 -0.988362 0
    outer loop
      vertex 0.00147601 0.00837087 0
      vertex 0.00147601 0.00837087 0.024
      vertex 0.00110947 0.00842728 0
    endloop
  endfacet
  facet normal -0.152122 -0.988362 0
    outer loop
      vertex 0.00147601 0.00837087 0.024
      vertex 0.00110947 0.00842728 0.024
      vertex 0.00110947 0.00842728 0
    endloop
  endfacet
  facet normal -0.108867 -0.994056 0
    outer loop
      vertex 0.00110947 0.00842728 0
      vertex 0.00110947 0.00842728 0.024
      vertex 0.000740824 0.00846765 0
    endloop
  endfacet
  facet normal -0.108867 -0.994056 0
    outer loop
      vertex 0.00110947 0.00842728 0.024
      vertex 0.000740824 0.00846765 0.024
      vertex 0.000740824 0.00846765 0
    endloop
  endfacet
  facet normal -0.0654042 -0.997859 0
    outer loop
      vertex 0.000740824 0.00846765 0
      vertex 0.000740824 0.00846765 0.024
      vertex 0.000370765 0.00849191 0
    endloop
  endfacet
  facet normal -0.0654042 -0.997859 0
    outer loop
      vertex 0.000740824 0.00846765 0.024
      vertex 0.000370765 0.00849191 0.024
      vertex 0.000370765 0.00849191 0
    endloop
  endfacet
  facet normal -0.0218156 -0.999762 0
    outer loop
      vertex 0.000370765 0.00849191 0
      vertex 0.000370765 0.00849191 0.024
      vertex 5.20475e-19 0.0085 0
    endloop
  endfacet
  facet normal -0.0218156 -0.999762 8.55018e-18
    outer loop
      vertex 0.000370765 0.00849191 0.024
      vertex 9.95737e-18 0.0085 0.024
      vertex 5.20475e-19 0.0085 0
    endloop
  endfacet
  facet normal 0.0218156 -0.999762 -8.578e-18
    outer loop
      vertex 5.20475e-19 0.0085 0
      vertex 9.95737e-18 0.0085 0.024
      vertex -0.000370765 0.00849191 0
    endloop
  endfacet
  facet normal 0.0218156 -0.999762 0
    outer loop
      vertex 9.95737e-18 0.0085 0.024
      vertex -0.000370765 0.00849191 0.024
      vertex -0.000370765 0.00849191 0
    endloop
  endfacet
  facet normal 0.0654042 -0.997859 0
    outer loop
      vertex -0.000370765 0.00849191 0
      vertex -0.000370765 0.00849191 0.024
      vertex -0.000740824 0.00846765 0
    endloop
  endfacet
  facet normal 0.0654042 -0.997859 0
    outer loop
      vertex -0.000370765 0.00849191 0.024
      vertex -0.000740824 0.00846765 0.024
      vertex -0.000740824 0.00846765 0
    endloop
  endfacet
  facet normal 0.108867 -0.994056 0
    outer loop
      vertex -0.000740824 0.00846765 0
      vertex -0.000740824 0.00846765 0.024
      vertex -0.00110947 0.00842728 0
    endloop
  endfacet
  facet normal 0.108867 -0.994056 0
    outer loop
      vertex -0.000740824 0.00846765 0.024
      vertex -0.00110947 0.00842728 0.024
      vertex -0.00110947 0.00842728 0
    endloop
  endfacet
  facet normal 0.152122 -0.988362 0
    outer loop
      vertex -0.00110947 0.00842728 0
      vertex -0.00110947 0.00842728 0.024
      vertex -0.00147601 0.00837087 0
    endloop
  endfacet
  facet normal 0.152122 -0.988362 0
    outer loop
      vertex -0.00110947 0.00842728 0.024
      vertex -0.00147601 0.00837087 0.024
      vertex -0.00147601 0.00837087 0
    endloop
  endfacet
  facet normal 0.19509 -0.980785 0
    outer loop
      vertex -0.00147601 0.00837087 0
      vertex -0.00147601 0.00837087 0.024
      vertex -0.00183974 0.00829852 0
    endloop
  endfacet
  facet normal 0.19509 -0.980785 0
    outer loop
      vertex -0.00147601 0.00837087 0.024
      vertex -0.00183974 0.00829852 0.024
      vertex -0.00183974 0.00829852 0
    endloop
  endfacet
  facet normal 0.237687 -0.971342 0
    outer loop
      vertex -0.00183974 0.00829852 0
      vertex -0.00183974 0.00829852 0.024
      vertex -0.00219996 0.00821037 0
    endloop
  endfacet
  facet normal 0.237687 -0.971342 0
    outer loop
      vertex -0.00183974 0.00829852 0.024
      vertex -0.00219996 0.00821037 0.024
      vertex -0.00219996 0.00821037 0
    endloop
  endfacet
  facet normal 0.279829 -0.96005 0
    outer loop
      vertex -0.00219996 0.00821037 0
      vertex -0.00219996 0.00821037 0.024
      vertex -0.002556 0.00810659 0
    endloop
  endfacet
  facet normal 0.279829 -0.96005 0
    outer loop
      vertex -0.00219996 0.00821037 0.024
      vertex -0.002556 0.00810659 0.024
      vertex -0.002556 0.00810659 0
    endloop
  endfacet
  facet normal 0.321439 -0.94693 0
    outer loop
      vertex -0.002556 0.00810659 0
      vertex -0.002556 0.00810659 0.024
      vertex -0.00290717 0.00798739 0
    endloop
  endfacet
  facet normal 0.321439 -0.94693 0
    outer loop
      vertex -0.002556 0.00810659 0.024
      vertex -0.00290717 0.00798739 0.024
      vertex -0.00290717 0.00798739 0
    endloop
  endfacet
  facet normal 0.362438 -0.932008 0
    outer loop
      vertex -0.00290717 0.00798739 0
      vertex -0.00290717 0.00798739 0.024
      vertex -0.00325281 0.00785298 0
    endloop
  endfacet
  facet normal 0.362438 -0.932008 0
    outer loop
      vertex -0.00290717 0.00798739 0.024
      vertex -0.00325281 0.00785298 0.024
      vertex -0.00325281 0.00785298 0
    endloop
  endfacet
  facet normal 0.402747 -0.915311 0
    outer loop
      vertex -0.00325281 0.00785298 0
      vertex -0.00325281 0.00785298 0.024
      vertex -0.00359226 0.00770362 0
    endloop
  endfacet
  facet normal 0.402747 -0.915311 0
    outer loop
      vertex -0.00325281 0.00785298 0.024
      vertex -0.00359226 0.00770362 0.024
      vertex -0.00359226 0.00770362 0
    endloop
  endfacet
  facet normal 0.442288 -0.896873 0
    outer loop
      vertex -0.00359226 0.00770362 0
      vertex -0.00359226 0.00770362 0.024
      vertex -0.00392486 0.00753959 0
    endloop
  endfacet
  facet normal 0.442288 -0.896873 0
    outer loop
      vertex -0.00359226 0.00770362 0.024
      vertex -0.00392486 0.00753959 0.024
      vertex -0.00392486 0.00753959 0
    endloop
  endfacet
  facet normal 0.480989 -0.876727 0
    outer loop
      vertex -0.00392486 0.00753959 0
      vertex -0.00392486 0.00753959 0.024
      vertex -0.00425 0.00736122 0
    endloop
  endfacet
  facet normal 0.480989 -0.876727 0
    outer loop
      vertex -0.00392486 0.00753959 0.024
      vertex -0.00425 0.00736122 0.024
      vertex -0.00425 0.00736122 0
    endloop
  endfacet
  facet normal 0.518774 -0.854911 0
    outer loop
      vertex -0.00425 0.00736122 0
      vertex -0.00425 0.00736122 0.024
      vertex -0.00456705 0.00716883 0
    endloop
  endfacet
  facet normal 0.518774 -0.854911 0
    outer loop
      vertex -0.00425 0.00736122 0.024
      vertex -0.00456705 0.00716883 0.024
      vertex -0.00456705 0.00716883 0
    endloop
  endfacet
  facet normal 0.55557 -0.83147 0
    outer loop
      vertex -0.00456705 0.00716883 0
      vertex -0.00456705 0.00716883 0.024
      vertex -0.0048754 0.00696279 0
    endloop
  endfacet
  facet normal 0.55557 -0.83147 0
    outer loop
      vertex -0.00456705 0.00716883 0.024
      vertex -0.0048754 0.00696279 0.024
      vertex -0.0048754 0.00696279 0
    endloop
  endfacet
  facet normal 0.59131 -0.806444 0
    outer loop
      vertex -0.0048754 0.00696279 0
      vertex -0.0048754 0.00696279 0.024
      vertex -0.00517447 0.0067435 0
    endloop
  endfacet
  facet normal 0.59131 -0.806444 0
    outer loop
      vertex -0.0048754 0.00696279 0.024
      vertex -0.00517447 0.0067435 0.024
      vertex -0.00517447 0.0067435 0
    endloop
  endfacet
  facet normal 0.625923 -0.779885 0
    outer loop
      vertex -0.00517447 0.0067435 0
      vertex -0.00517447 0.0067435 0.024
      vertex -0.00546369 0.00651138 0
    endloop
  endfacet
  facet normal 0.625923 -0.779885 0
    outer loop
      vertex -0.00517447 0.0067435 0.024
      vertex -0.00546369 0.00651138 0.024
      vertex -0.00546369 0.00651138 0
    endloop
  endfacet
  facet normal 0.659345 -0.75184 0
    outer loop
      vertex -0.00546369 0.00651138 0
      vertex -0.00546369 0.00651138 0.024
      vertex -0.00574252 0.00626686 0
    endloop
  endfacet
  facet normal 0.659345 -0.75184 0
    outer loop
      vertex -0.00546369 0.00651138 0.024
      vertex -0.00574252 0.00626686 0.024
      vertex -0.00574252 0.00626686 0
    endloop
  endfacet
  facet normal 0.691513 -0.722364 0
    outer loop
      vertex -0.00574252 0.00626686 0
      vertex -0.00574252 0.00626686 0.024
      vertex -0.00601041 0.00601041 0
    endloop
  endfacet
  facet normal 0.691513 -0.722364 0
    outer loop
      vertex -0.00574252 0.00626686 0.024
      vertex -0.00601041 0.00601041 0.024
      vertex -0.00601041 0.00601041 0
    endloop
  endfacet
  facet normal 0.722364 -0.691513 0
    outer loop
      vertex -0.00601041 0.00601041 0
      vertex -0.00601041 0.00601041 0.024
      vertex -0.00626686 0.00574252 0
    endloop
  endfacet
  facet normal 0.722364 -0.691513 0
    outer loop
      vertex -0.00601041 0.00601041 0.024
      vertex -0.00626686 0.00574252 0.024
      vertex -0.00626686 0.00574252 0
    endloop
  endfacet
  facet normal 0.75184 -0.659345 0
    outer loop
      vertex -0.00626686 0.00574252 0
      vertex -0.00626686 0.00574252 0.024
      vertex -0.00651138 0.00546369 0
    endloop
  endfacet
  facet normal 0.75184 -0.659345 0
    outer loop
      vertex -0.00626686 0.00574252 0.024
      vertex -0.00651138 0.00546369 0.024
      vertex -0.00651138 0.00546369 0
    endloop
  endfacet
  facet normal 0.779885 -0.625923 0
    outer loop
      vertex -0.00651138 0.00546369 0
      vertex -0.00651138 0.00546369 0.024
      vertex -0.0067435 0.00517447 0
    endloop
  endfacet
  facet normal 0.779885 -0.625923 0
    outer loop
      vertex -0.00651138 0.00546369 0.024
      vertex -0.0067435 0.00517447 0.024
      vertex -0.0067435 0.00517447 0
    endloop
  endfacet
  facet normal 0.806444 -0.59131 0
    outer loop
      vertex -0.0067435 0.00517447 0
      vertex -0.0067435 0.00517447 0.024
      vertex -0.00696279 0.0048754 0
    endloop
  endfacet
  facet normal 0.806444 -0.59131 0
    outer loop
      vertex -0.0067435 0.00517447 0.024
      vertex -0.00696279 0.0048754 0.024
      vertex -0.00696279 0.0048754 0
    endloop
  endfacet
  facet normal 0.83147 -0.55557 0
    outer loop
      vertex -0.00696279 0.0048754 0
      vertex -0.00696279 0.0048754 0.024
      vertex -0.00716883 0.00456705 0
    endloop
  endfacet
  facet normal 0.83147 -0.55557 0
    outer loop
      vertex -0.00696279 0.0048754 0.024
      vertex -0.00716883 0.00456705 0.024
      vertex -0.00716883 0.00456705 0
    endloop
  endfacet
  facet normal 0.854911 -0.518774 0
    outer loop
      vertex -0.00716883 0.00456705 0
      vertex -0.00716883 0.00456705 0.024
      vertex -0.00736122 0.00425 0
    endloop
  endfacet
  facet normal 0.854911 -0.518774 0
    outer loop
      vertex -0.00716883 0.00456705 0.024
      vertex -0.00736122 0.00425 0.024
      vertex -0.00736122 0.00425 0
    endloop
  endfacet
  facet normal 0.876727 -0.480989 0
    outer loop
      vertex -0.00736122 0.00425 0
      vertex -0.00736122 0.00425 0.024
      vertex -0.00753959 0.00392486 0
    endloop
  endfacet
  facet normal 0.876727 -0.480989 0
    outer loop
      vertex -0.00736122 0.00425 0.024
      vertex -0.00753959 0.00392486 0.024
      vertex -0.00753959 0.00392486 0
    endloop
  endfacet
  facet normal 0.896873 -0.442288 0
    outer loop
      vertex -0.00753959 0.00392486 0
      vertex -0.00753959 0.00392486 0.024
      vertex -0.00770362 0.00359226 0
    endloop
  endfacet
  facet normal 0.896873 -0.442288 0
    outer loop
      vertex -0.00753959 0.00392486 0.024
      vertex -0.00770362 0.00359226 0.024
      vertex -0.00770362 0.00359226 0
    endloop
  endfacet
  facet normal 0.915311 -0.402747 0
    outer loop
      vertex -0.00770362 0.00359226 0
      vertex -0.00770362 0.00359226 0.024
      vertex -0.00785298 0.00325281 0
    endloop
  endfacet
  facet normal 0.915311 -0.402747 0
    outer loop
      vertex -0.00770362 0.00359226 0.024
      vertex -0.00785298 0.00325281 0.024
      vertex -0.00785298 0.00325281 0
    endloop
  endfacet
  facet normal 0.932008 -0.362438 0
    outer loop
      vertex -0.00785298 0.00325281 0
      vertex -0.00785298 0.00325281 0.024
      vertex -0.00798739 0.00290717 0
    endloop
  endfacet
  facet normal 0.932008 -0.362438 0
    outer loop
      vertex -0.00785298 0.00325281 0.024
      vertex -0.00798739 0.00290717 0.024
      vertex -0.00798739 0.00290717 0
    endloop
  endfacet
  facet normal 0.94693 -0.321439 0
    outer loop
      vertex -0.00798739 0.00290717 0
      vertex -0.00798739 0.00290717 0.024
      vertex -0.00810659 0.002556 0
    endloop
  endfacet
  facet normal 0.94693 -0.321439 0
    outer loop
      vertex -0.00798739 0.00290717 0.024
      vertex -0.00810659 0.002556 0.024
      vertex -0.00810659 0.002556 0
    endloop
  endfacet
  facet normal 0.96005 -0.279829 0
    outer loop
      vertex -0.00810659 0.002556 0
      vertex -0.00810659 0.002556 0.024
      vertex -0.00821037 0.00219996 0
    endloop
  endfacet
  facet normal 0.96005 -0.279829 0
    outer loop
      vertex -0.00810659 0.002556 0.024
      vertex -0.00821037 0.00219996 0.024
      vertex -0.00821037 0.00219996 0
    endloop
  endfacet
  facet normal 0.971342 -0.237687 0
    outer loop
      vertex -0.00821037 0.00219996 0
      vertex -0.00821037 0.00219996 0.024
      vertex -0.00829852 0.00183974 0
    endloop
  endfacet
  facet normal 0.971342 -0.237687 0
    outer loop
      vertex -0.00821037 0.00219996 0.024
      vertex -0.00829852 0.00183974 0.024
      vertex -0.00829852 0.00183974 0
    endloop
  endfacet
  facet normal 0.980785 -0.19509 0
    outer loop
      vertex -0.00829852 0.00183974 0
      vertex -0.00829852 0.00183974 0.024
      vertex -0.00837087 0.00147601 0
    endloop
  endfacet
  facet normal 0.980785 -0.19509 0
    outer loop
      vertex -0.00829852 0.00183974 0.024
      vertex -0.00837087 0.00147601 0.024
      vertex -0.00837087 0.00147601 0
    endloop
  endfacet
  facet normal 0.988362 -0.152122 0
    outer loop
      vertex -0.00837087 0.00147601 0
      vertex -0.00837087 0.00147601 0.024
      vertex -0.00842728 0.00110947 0
    endloop
  endfacet
  facet normal 0.988362 -0.152122 0
    outer loop
      vertex -0.00837087 0.00147601 0.024
      vertex -0.00842728 0.00110947 0.024
      vertex -0.00842728 0.00110947 0
    endloop
  endfacet
  facet normal 0.994056 -0.108867 0
    outer loop
      vertex -0.00842728 0.00110947 0
      vertex -0.00842728 0.00110947 0.024
      vertex -0.00846765 0.000740824 0
    endloop
  endfacet
  facet normal 0.994056 -0.108867 0
    outer loop
      vertex -0.00842728 0.00110947 0.024
      vertex -0.00846765 0.000740824 0.024
      vertex -0.00846765 0.000740824 0
    endloop
  endfacet
  facet normal 0.997859 -0.0654042 0
    outer loop
      vertex -0.00846765 0.000740824 0
      vertex -0.00846765 0.000740824 0.024
      vertex -0.00849191 0.000370765 0
    endloop
  endfacet
  facet normal 0.997859 -0.0654042 0
    outer loop
      vertex -0.00846765 0.000740824 0.024
      vertex -0.00849191 0.000370765 0.024
      vertex -0.00849191 0.000370765 0
    endloop
  endfacet
  facet normal 0.999762 -0.0218156 0
    outer loop
      vertex -0.00849191 0.000370765 0
      vertex -0.00849191 0.000370765 0.024
      vertex -0.0085 1.56142e-18 0
    endloop
  endfacet
  facet normal 0.999762 -0.0218156 2.05855e-17
    outer loop
      vertex -0.00849191 0.000370765 0.024
      vertex -0.0085 2.421e-17 0.024
      vertex -0.0085 1.56142e-18 0
    endloop
  endfacet
  facet normal 0.999762 0.0218156 -2.05872e-17
    outer loop
      vertex -0.0085 1.56142e-18 0
      vertex -0.0085 2.421e-17 0.024
      vertex -0.00849191 -0.000370765 0
    endloop
  endfacet
  facet normal 0.999762 0.0218156 0
    outer loop
      vertex -0.0085 2.421e-17 0.024
      vertex -0.00849191 -0.000370765 0.024
      vertex -0.00849191 -0.000370765 0
    endloop
  endfacet
  facet normal 0.997859 0.0654042 0
    outer loop
      vertex -0.00849191 -0.000370765 0
      vertex -0.00849191 -0.000370765 0.024
      vertex -0.00846765 -0.000740824 0
    endloop
  endfacet
  facet normal 0.997859 0.0654042 0
    outer loop
      vertex -0.00849191 -0.000370765 0.024
      vertex -0.00846765 -0.000740824 0.024
      vertex -0.00846765 -0.000740824 0
    endloop
  endfacet
  facet normal 0.994056 0.108867 0
    outer loop
      vertex -0.00846765 -0.000740824 0
      vertex -0.00846765 -0.000740824 0.024
      vertex -0.00842728 -0.00110947 0
    endloop
  endfacet
  facet normal 0.994056 0.108867 0
    outer loop
      vertex -0.00846765 -0.000740824 0.024
      vertex -0.00842728 -0.00110947 0.024
      vertex -0.00842728 -0.00110947 0
    endloop
  endfacet
  facet normal 0.988362 0.152122 0
    outer loop
      vertex -0.00842728 -0.00110947 0
      vertex -0.00842728 -0.00110947 0.024
      vertex -0.00837087 -0.00147601 0
    endloop
  endfacet
  facet normal 0.988362 0.152122 0
    outer loop
      vertex -0.00842728 -0.00110947 0.024
      vertex -0.00837087 -0.00147601 0.024
      vertex -0.00837087 -0.00147601 0
    endloop
  endfacet
  facet normal 0.980785 0.19509 0
    outer loop
      vertex -0.00837087 -0.00147601 0
      vertex -0.00837087 -0.00147601 0.024
      vertex -0.00829852 -0.00183974 0
    endloop
  endfacet
  facet normal 0.980785 0.19509 0
    outer loop
      vertex -0.00837087 -0.00147601 0.024
      vertex -0.00829852 -0.00183974 0.024
      vertex -0.00829852 -0.00183974 0
    endloop
  endfacet
  facet normal 0.971342 0.237687 0
    outer loop
      vertex -0.00829852 -0.00183974 0
      vertex -0.00829852 -0.00183974 0.024
      vertex -0.00821037 -0.00219996 0
    endloop
  endfacet
  facet normal 0.971342 0.237687 0
    outer loop
      vertex -0.00829852 -0.00183974 0.024
      vertex -0.00821037 -0.00219996 0.024
      vertex -0.00821037 -0.00219996 0
    endloop
  endfacet
  facet normal 0.96005 0.279829 0
    outer loop
      vertex -0.00821037 -0.00219996 0
      vertex -0.00821037 -0.00219996 0.024
      vertex -0.00810659 -0.002556 0
    endloop
  endfacet
  facet normal 0.96005 0.279829 0
    outer loop
      vertex -0.00821037 -0.00219996 0.024
      vertex -0.00810659 -0.002556 0.024
      vertex -0.00810659 -0.002556 0
    endloop
  endfacet
  facet normal 0.94693 0.321439 0
    outer loop
      vertex -0.00810659 -0.002556 0
      vertex -0.00810659 -0.002556 0.024
      vertex -0.00798739 -0.00290717 0
    endloop
  endfacet
  facet normal 0.94693 0.321439 0
    outer loop
      vertex -0.00810659 -0.002556 0.024
      vertex -0.00798739 -0.00290717 0.024
      vertex -0.00798739 -0.00290717 0
    endloop
  endfacet
  facet normal 0.932008 0.362438 0
    outer loop
      vertex -0.00798739 -0.00290717 0
      vertex -0.00798739 -0.00290717 0.024
      vertex -0.00785298 -0.00325281 0
    endloop
  endfacet
  facet normal 0.932008 0.362438 0
    outer loop
      vertex -0.00798739 -0.00290717 0.024
      vertex -0.00785298 -0.00325281 0.024
      vertex -0.00785298 -0.00325281 0
    endloop
  endfacet
  facet normal 0.915311 0.402747 0
    outer loop
      vertex -0.00785298 -0.00325281 0
      vertex -0.00785298 -0.00325281 0.024
      vertex -0.00770362 -0.00359226 0
    endloop
  endfacet
  facet normal 0.915311 0.402747 0
    outer loop
      vertex -0.00785298 -0.00325281 0.024
      vertex -0.00770362 -0.00359226 0.024
      vertex -0.00770362 -0.00359226 0
    endloop
  endfacet
  facet normal 0.896873 0.442288 0
    outer loop
      vertex -0.00770362 -0.00359226 0
      vertex -0.00770362 -0.00359226 0.024
      vertex -0.00753959 -0.00392486 0
    endloop
  endfacet
  facet normal 0.896873 0.442288 0
    outer loop
      vertex -0.00770362 -0.00359226 0.024
      vertex -0.00753959 -0.00392486 0.024
      vertex -0.00753959 -0.00392486 0
    endloop
  endfacet
  facet normal 0.876727 0.480989 0
    outer loop
      vertex -0.00753959 -0.00392486 0
      vertex -0.00753959 -0.00392486 0.024
      vertex -0.00736122 -0.00425 0
    endloop
  endfacet
  facet normal 0.876727 0.480989 0
    outer loop
      vertex -0.00753959 -0.00392486 0.024
      vertex -0.00736122 -0.00425 0.024
      vertex -0.00736122 -0.00425 0
    endloop
  endfacet
  facet normal 0.854911 0.518774 0
    outer loop
      vertex -0.00736122 -0.00425 0
      vertex -0.00736122 -0.00425 0.024
      vertex -0.00716883 -0.00456705 0
    endloop
  endfacet
  facet normal 0.854911 0.518774 0
    outer loop
      vertex -0.00736122 -0.00425 0.024
      vertex -0.00716883 -0.00456705 0.024
      vertex -0.00716883 -0.00456705 0
    endloop
  endfacet
  facet normal 0.83147 0.55557 0
    outer loop
      vertex -0.00716883 -0.00456705 0
      vertex -0.00716883 -0.00456705 0.024
      vertex -0.00696279 -0.0048754 0
    endloop
  endfacet
  facet normal 0.83147 0.55557 0
    outer loop
      vertex -0.00716883 -0.00456705 0.024
      vertex -0.00696279 -0.0048754 0.024
      vertex -0.00696279 -0.0048754 0
    endloop
  endfacet
  facet normal 0.806444 0.59131 0
    outer loop
      vertex -0.00696279 -0.0048754 0
      vertex -0.00696279 -0.0048754 0.024
      vertex -0.0067435 -0.00517447 0
    endloop
  endfacet
  facet normal 0.806444 0.59131 0
    outer loop
      vertex -0.00696279 -0.0048754 0.024
      vertex -0.0067435 -0.00517447 0.024
      vertex -0.0067435 -0.00517447 0
    endloop
  endfacet
  facet normal 0.779885 0.625923 0
    outer loop
      vertex -0.0067435 -0.00517447 0
      vertex -0.0067435 -0.00517447 0.024
      vertex -0.00651138 -0.00546369 0
    endloop
  endfacet
  facet normal 0.779885 0.625923 0
    outer loop
      vertex -0.0067435 -0.00517447 0.024
      vertex -0.00651138 -0.00546369 0.024
      vertex -0.00651138 -0.00546369 0
    endloop
  endfacet
  facet normal 0.75184 0.659345 0
    outer loop
      vertex -0.00651138 -0.00546369 0
      vertex -0.00651138 -0.00546369 0.024
      vertex -0.00626686 -0.00574252 0
    endloop
  endfacet
  facet normal 0.75184 0.659345 0
    outer loop
      vertex -0.00651138 -0.00546369 0.024
      vertex -0.00626686 -0.00574252 0.024
      vertex -0.00626686 -0.00574252 0
    endloop
  endfacet
  facet normal 0.722364 0.691513 0
    outer loop
      vertex -0.00626686 -0.00574252 0
      vertex -0.00626686 -0.00574252 0.024
      vertex -0.00601041 -0.00601041 0
    endloop
  endfacet
  facet normal 0.722364 0.691513 0
    outer loop
      vertex -0.00626686 -0.00574252 0.024
      vertex -0.00601041 -0.00601041 0.024
      vertex -0.00601041 -0.00601041 0
    endloop
  endfacet
  facet normal 0.691513 0.722364 0
    outer loop
      vertex -0.00601041 -0.00601041 0
      vertex -0.00601041 -0.00601041 0.024
      vertex -0.00574252 -0.00626686 0
    endloop
  endfacet
  facet normal 0.691513 0.722364 0
    outer loop
      vertex -0.00601041 -0.00601041 0.024
      vertex -0.00574252 -0.00626686 0.024
      vertex -0.00574252 -0.00626686 0
    endloop
  endfacet
  facet normal 0.659345 0.75184 0
    outer loop
      vertex -0.00574252 -0.00626686 0
      vertex -0.00574252 -0.00626686 0.024
      vertex -0.00546369 -0.00651138 0
    endloop
  endfacet
  facet normal 0.659345 0.75184 0
    outer loop
      vertex -0.00574252 -0.00626686 0.024
      vertex -0.00546369 -0.00651138 0.024
      vertex -0.00546369 -0.00651138 0
    endloop
  endfacet
  facet normal 0.625923 0.779885 0
    outer loop
      vertex -0.00546369 -0.00651138 0
      vertex -0.00546369 -0.00651138 0.024
      vertex -0.00517447 -0.0067435 0
    endloop
  endfacet
  facet normal 0.625923 0.779885 0
    outer loop
      vertex -0.00546369 -0.00651138 0.024
      vertex -0.00517447 -0.0067435 0.024
      vertex -0.00517447 -0.0067435 0
    endloop
  endfacet
  facet normal 0.59131 0.806444 0
    outer loop
      vertex -0.00517447 -0.0067435 0
      vertex -0.00517447 -0.0067435 0.024
      vertex -0.0048754 -0.00696279 0
    endloop
  endfacet
  facet normal 0.59131 0.806444 0
    outer loop
      vertex -0.00517447 -0.0067435 0.024
      vertex -0.0048754 -0.00696279 0.024
      vertex -0.0048754 -0.00696279 0
    endloop
  endfacet
  facet normal 0.55557 0.83147 0
    outer loop
      vertex -0.0048754 -0.00696279 0
      vertex -0.0048754 -0.00696279 0.024
      vertex -0.00456705 -0.00716883 0
    endloop
  endfacet
  facet normal 0.55557 0.83147 0
    outer loop
      vertex -0.0048754 -0.00696279 0.024
      vertex -0.00456705 -0.00716883 0.024
      vertex -0.00456705 -0.00716883 0
    endloop
  endfacet
  facet normal 0.518774 0.854911 0
    outer loop
      vertex -0.00456705 -0.00716883 0
      vertex -0.00456705 -0.00716883 0.024
      vertex -0.00425 -0.00736122 0
    endloop
  endfacet
  facet normal 0.518774 0.854911 0
    outer loop
      vertex -0.00456705 -0.00716883 0.024
      vertex -0.00425 -0.00736122 0.024
      vertex -0.00425 -0.00736122 0
    endloop
  endfacet
  facet normal 0.480989 0.876727 0
    outer loop
      vertex -0.00425 -0.00736122 0
      vertex -0.00425 -0.00736122 0.024
      vertex -0.00392486 -0.00753959 0
    endloop
  endfacet
  facet normal 0.480989 0.876727 0
    outer loop
      vertex -0.00425 -0.00736122 0.024
      vertex -0.00392486 -0.00753959 0.024
      vertex -0.00392486 -0.00753959 0
    endloop
  endfacet
  facet normal 0.442288 0.896873 0
    outer loop
      vertex -0.00392486 -0.00753959 0
      vertex -0.00392486 -0.00753959 0.024
      vertex -0.00359226 -0.00770362 0
    endloop
  endfacet
  facet normal 0.442288 0.896873 0
    outer loop
      vertex -0.00392486 -0.00753959 0.024
      vertex -0.00359226 -0.00770362 0.024
      vertex -0.00359226 -0.00770362 0
    endloop
  endfacet
  facet normal 0.402747 0.915311 0
    outer loop
      vertex -0.00359226 -0.00770362 0
      vertex -0.00359226 -0.00770362 0.024
      vertex -0.00325281 -0.00785298 0
    endloop
  endfacet
  facet normal 0.402747 0.915311 0
    outer loop
      vertex -0.00359226 -0.00770362 0.024
      vertex -0.00325281 -0.00785298 0.024
      vertex -0.00325281 -0.00785298 0
    endloop
  endfacet
  facet normal 0.362438 0.932008 0
    outer loop
      vertex -0.00325281 -0.00785298 0
      vertex -0.00325281 -0.00785298 0.024
      vertex -0.00290717 -0.00798739 0
    endloop
  endfacet
  facet normal 0.362438 0.932008 0
    outer loop
      vertex -0.00325281 -0.00785298 0.024
      vertex -0.00290717 -0.00798739 0.024
      vertex -0.00290717 -0.00798739 0
    endloop
  endfacet
  facet normal 0.321439 0.94693 0
    outer loop
      vertex -0.00290717 -0.00798739 0
      vertex -0.00290717 -0.00798739 0.024
      vertex -0.002556 -0.00810659 0
    endloop
  endfacet
  facet normal 0.321439 0.94693 0
    outer loop
      vertex -0.00290717 -0.00798739 0.024
      vertex -0.002556 -0.00810659 0.024
      vertex -0.002556 -0.00810659 0
    endloop
  endfacet
  facet normal 0.279829 0.96005 0
    outer loop
      vertex -0.002556 -0.00810659 0
      vertex -0.002556 -0.00810659 0.024
      vertex -0.00219996 -0.00821037 0
    endloop
  endfacet
  facet normal 0.279829 0.96005 0
    outer loop
      vertex -0.002556 -0.00810659 0.024
      vertex -0.00219996 -0.00821037 0.024
      vertex -0.00219996 -0.00821037 0
    endloop
  endfacet
  facet normal 0.237687 0.971342 0
    outer loop
      vertex -0.00219996 -0.00821037 0
      vertex -0.00219996 -0.00821037 0.024
      vertex -0.00183974 -0.00829852 0
    endloop
  endfacet
  facet normal 0.237687 0.971342 0
    outer loop
      vertex -0.00219996 -0.00821037 0.024
      vertex -0.00183974 -0.00829852 0.024
      vertex -0.00183974 -0.00829852 0
    endloop
  endfacet
  facet normal 0.19509 0.980785 0
    outer loop
      vertex -0.00183974 -0.00829852 0
      vertex -0.00183974 -0.00829852 0.024
      vertex -0.00147601 -0.00837087 0
    endloop
  endfacet
  facet normal 0.19509 0.980785 0
    outer loop
      vertex -0.00183974 -0.00829852 0.024
      vertex -0.00147601 -0.00837087 0.024
      vertex -0.00147601 -0.00837087 0
    endloop
  endfacet
  facet normal 0.152122 0.988362 0
    outer loop
      vertex -0.00147601 -0.00837087 0
      vertex -0.00147601 -0.00837087 0.024
      vertex -0.00110947 -0.00842728 0
    endloop
  endfacet
  facet normal 0.152122 0.988362 0
    outer loop
      vertex -0.00147601 -0.00837087 0.024
      vertex -0.00110947 -0.00842728 0.024
      vertex -0.00110947 -0.00842728 0
    endloop
  endfacet
  facet normal 0.108867 0.994056 0
    outer loop
      vertex -0.00110947 -0.00842728 0
      vertex -0.00110947 -0.00842728 0.024
      vertex -0.000740824 -0.00846765 0
    endloop
  endfacet
  facet normal 0.108867 0.994056 0
    outer loop
      vertex -0.00110947 -0.00842728 0.024
      vertex -0.000740824 -0.00846765 0.024
      vertex -0.000740824 -0.00846765 0
    endloop
  endfacet
  facet normal 0.0654042 0.997859 0
    outer loop
      vertex -0.000740824 -0.00846765 0
      vertex -0.000740824 -0.00846765 0.024
      vertex -0.000370765 -0.00849191 0
    endloop
  endfacet
  facet normal 0.0654042 0.997859 0
    outer loop
      vertex -0.000740824 -0.00846765 0.024
      vertex -0.000370765 -0.00849191 0.024
      vertex -0.000370765 -0.00849191 0
    endloop
  endfacet
  facet normal 0.0218156 0.999762 0
    outer loop
      vertex -0.000370765 -0.00849191 0
      vertex -0.000370765 -0.00849191 0.024
      vertex -1.56142e-18 -0.0085 0
    endloop
  endfacet
  facet normal 0.0218156 0.999762 3.42936e-17
    outer loop
      vertex -0.000370765 -0.00849191 0.024
      vertex -3.9309e-17 -0.0085 0.024
      vertex -1.56142e-18 -0.0085 0
    endloop
  endfacet
  facet normal -0.0218156 0.999762 -3.4312e-17
    outer loop
      vertex -1.56142e-18 -0.0085 0
      vertex -3.9309e-17 -0.0085 0.024
      vertex 0.000370765 -0.00849191 0
    endloop
  endfacet
  facet normal -0.0218156 0.999762 0
    outer loop
      vertex -3.9309e-17 -0.0085 0.024
      vertex 0.000370765 -0.00849191 0.024
      vertex 0.000370765 -0.00849191 0
    endloop
  endfacet
  facet normal -0.0654042 0.997859 0
    outer loop
      vertex 0.000370765 -0.00849191 0
      vertex 0.000370765 -0.00849191 0.024
      vertex 0.000740824 -0.00846765 0
    endloop
  endfacet
  facet normal -0.0654042 0.997859 0
    outer loop
      vertex 0.000370765 -0.00849191 0.024
      vertex 0.000740824 -0.00846765 0.024
      vertex 0.000740824 -0.00846765 0
    endloop
  endfacet
  facet normal -0.108867 0.994056 0
    outer loop
      vertex 0.000740824 -0.00846765 0
      vertex 0.000740824 -0.00846765 0.024
      vertex 0.00110947 -0.00842728 0
    endloop
  endfacet
  facet normal -0.108867 0.994056 0
    outer loop
      vertex 0.000740824 -0.00846765 0.024
      vertex 0.00110947 -0.00842728 0.024
      vertex 0.00110947 -0.00842728 0
    endloop
  endfacet
  facet normal -0.152122 0.988362 0
    outer loop
      vertex 0.00110947 -0.00842728 0
      vertex 0.00110947 -0.00842728 0.024
      vertex 0.00147601 -0.00837087 0
    endloop
  endfacet
  facet normal -0.152122 0.988362 0
    outer loop
      vertex 0.00110947 -0.00842728 0.024
      vertex 0.00147601 -0.00837087 0.024
      vertex 0.00147601 -0.00837087 0
    endloop
  endfacet
  facet normal -0.19509 0.980785 0
    outer loop
      vertex 0.00147601 -0.00837087 0
      vertex 0.00147601 -0.00837087 0.024
      vertex 0.00183974 -0.00829852 0
    endloop
  endfacet
  facet normal -0.19509 0.980785 0
    outer loop
      vertex 0.00147601 -0.00837087 0.024
      vertex 0.00183974 -0.00829852 0.024
      vertex 0.00183974 -0.00829852 0
    endloop
  endfacet
  facet normal -0.237687 0.971342 0
    outer loop
      vertex 0.00183974 -0.00829852 0
      vertex 0.00183974 -0.00829852 0.024
      vertex 0.00219996 -0.00821037 0
    endloop
  endfacet
  facet normal -0.237687 0.971342 0
    outer loop
      vertex 0.00183974 -0.00829852 0.024
      vertex 0.00219996 -0.00821037 0.024
      vertex 0.00219996 -0.00821037 0
    endloop
  endfacet
  facet normal -0.279829 0.96005 0
    outer loop
      vertex 0.00219996 -0.00821037 0
      vertex 0.00219996 -0.00821037 0.024
      vertex 0.002556 -0.00810659 0
    endloop
  endfacet
  facet normal -0.279829 0.96005 0
    outer loop
      vertex 0.00219996 -0.00821037 0.024
      vertex 0.002556 -0.00810659 0.024
      vertex 0.002556 -0.00810659 0
    endloop
  endfacet
  facet normal -0.321439 0.94693 0
    outer loop
      vertex 0.002556 -0.00810659 0
      vertex 0.002556 -0.00810659 0.024
      vertex 0.00290717 -0.00798739 0
    endloop
  endfacet
  facet normal -0.321439 0.94693 0
    outer loop
      vertex 0.002556 -0.00810659 0.024
      vertex 0.00290717 -0.00798739 0.024
      vertex 0.00290717 -0.00798739 0
    endloop
  endfacet
  facet normal -0.362438 0.932008 0
    outer loop
      vertex 0.00290717 -0.00798739 0
      vertex 0.00290717 -0.00798739 0.024
      vertex 0.00325281 -0.00785298 0
    endloop
  endfacet
  facet normal -0.362438 0.932008 0
    outer loop
      vertex 0.00290717 -0.00798739 0.024
      vertex 0.00325281 -0.00785298 0.024
      vertex 0.00325281 -0.00785298 0
    endloop
  endfacet
  facet normal -0.402747 0.915311 0
    outer loop
      vertex 0.00325281 -0.00785298 0
      vertex 0.00325281 -0.00785298 0.024
      vertex 0.00359226 -0.00770362 0
    endloop
  endfacet
  facet normal -0.402747 0.915311 0
    outer loop
      vertex 0.00325281 -0.00785298 0.024
      vertex 0.00359226 -0.00770362 0.024
      vertex 0.00359226 -0.00770362 0
    endloop
  endfacet
  facet normal -0.442288 0.896873 0
    outer loop
      vertex 0.00359226 -0.00770362 0
      vertex 0.00359226 -0.00770362 0.024
      vertex 0.00392486 -0.00753959 0
    endloop
  endfacet
  facet normal -0.442288 0.896873 0
    outer loop
      vertex 0.00359226 -0.00770362 0.024
      vertex 0.00392486 -0.00753959 0.024
      vertex 0.00392486 -0.00753959 0
    endloop
  endfacet
  facet normal -0.480989 0.876727 0
    outer loop
      vertex 0.00392486 -0.00753959 0
      vertex 0.00392486 -0.00753959 0.024
      vertex 0.00425 -0.00736122 0
    endloop
  endfacet
  facet normal -0.480989 0.876727 0
    outer loop
      vertex 0.00392486 -0.00753959 0.024
      vertex 0.00425 -0.00736122 0.024
      vertex 0.00425 -0.00736122 0
    endloop
  endfacet
  facet normal -0.518774 0.854911 0
    outer loop
      vertex 0.00425 -0.00736122 0
      vertex 0.00425 -0.00736122 0.024
      vertex 0.00456705 -0.00716883 0
    endloop
  endfacet
  facet normal -0.518774 0.854911 0
    outer loop
      vertex 0.00425 -0.00736122 0.024
      vertex 0.00456705 -0.00716883 0.024
      vertex 0.00456705 -0.00716883 0
    endloop
  endfacet
  facet normal -0.55557 0.83147 0
    outer loop
      vertex 0.00456705 -0.00716883 0
      vertex 0.00456705 -0.00716883 0.024
      vertex 0.0048754 -0.00696279 0
    endloop
  endfacet
  facet normal -0.55557 0.83147 0
    outer loop
      vertex 0.00456705 -0.00716883 0.024
      vertex 0.0048754 -0.00696279 0.024
      vertex 0.0048754 -0.00696279 0
    endloop
  endfacet
  facet normal -0.59131 0.806444 0
    outer loop
      vertex 0.0048754 -0.00696279 0
      vertex 0.0048754 -0.00696279 0.024
      vertex 0.00517447 -0.0067435 0
    endloop
  endfacet
  facet normal -0.59131 0.806444 0
    outer loop
      vertex 0.0048754 -0.00696279 0.024
      vertex 0.00517447 -0.0067435 0.024
      vertex 0.00517447 -0.0067435 0
    endloop
  endfacet
  facet normal -0.625923 0.779885 0
    outer loop
      vertex 0.00517447 -0.0067435 0
      vertex 0.00517447 -0.0067435 0.024
      vertex 0.00546369 -0.00651138 0
    endloop
  endfacet
  facet normal -0.625923 0.779885 0
    outer loop
      vertex 0.00517447 -0.0067435 0.024
      vertex 0.00546369 -0.00651138 0.024
      vertex 0.00546369 -0.00651138 0
    endloop
  endfacet
  facet normal -0.659345 0.75184 0
    outer loop
      vertex 0.00546369 -0.00651138 0
      vertex 0.00546369 -0.00651138 0.024
      vertex 0.00574252 -0.00626686 0
    endloop
  endfacet
  facet normal -0.659345 0.75184 0
    outer loop
      vertex 0.00546369 -0.00651138 0.024
      vertex 0.00574252 -0.00626686 0.024
      vertex 0.00574252 -0.00626686 0
    endloop
  endfacet
  facet normal -0.691513 0.722364 0
    outer loop
      vertex 0.00574252 -0.00626686 0
      vertex 0.00574252 -0.00626686 0.024
      vertex 0.00601041 -0.00601041 0
    endloop
  endfacet
  facet normal -0.691513 0.722364 0
    outer loop
      vertex 0.00574252 -0.00626686 0.024
      vertex 0.00601041 -0.00601041 0.024
      vertex 0.00601041 -0.00601041 0
    endloop
  endfacet
  facet normal -0.722364 0.691513 0
    outer loop
      vertex 0.00601041 -0.00601041 0
      vertex 0.00601041 -0.00601041 0.024
      vertex 0.00626686 -0.00574252 0
    endloop
  endfacet
  facet normal -0.722364 0.691513 0
    outer loop
      vertex 0.00601041 -0.00601041 0.024
      vertex 0.00626686 -0.00574252 0.024
      vertex 0.00626686 -0.00574252 0
    endloop
  endfacet
  facet normal -0.75184 0.659345 0
    outer loop
      vertex 0.00626686 -0.00574252 0
      vertex 0.00626686 -0.00574252 0.024
      vertex 0.00651138 -0.00546369 0
    endloop
  endfacet
  facet normal -0.75184 0.659345 0
    outer loop
      vertex 0.00626686 -0.00574252 0.024
      vertex 0.00651138 -0.00546369 0.024
      vertex 0.00651138 -0.00546369 0
    endloop
  endfacet
  facet normal -0.779885 0.625923 0
    outer loop
      vertex 0.00651138 -0.00546369 0
      vertex 0.00651138 -0.00546369 0.024
      vertex 0.0067435 -0.00517447 0
    endloop
  endfacet
  facet normal -0.779885 0.625923 0
    outer loop
      vertex 0.00651138 -0.00546369 0.024
      vertex 0.0067435 -0.00517447 0.024
      vertex 0.0067435 -0.00517447 0
    endloop
  endfacet
  facet normal -0.806444 0.59131 0
    outer loop
      vertex 0.0067435 -0.00517447 0
      vertex 0.0067435 -0.00517447 0.024
      vertex 0.00696279 -0.0048754 0
    endloop
  endfacet
  facet normal -0.806444 0.59131 0
    outer loop
      vertex 0.0067435 -0.00517447 0.024
      vertex 0.00696279 -0.0048754 0.024
      vertex 0.00696279 -0.0048754 0
    endloop
  endfacet
  facet normal -0.83147 0.55557 0
    outer loop
      vertex 0.00696279 -0.0048754 0
      vertex 0.00696279 -0.0048754 0.024
      vertex 0.00716883 -0.00456705 0
    endloop
  endfacet
  facet normal -0.83147 0.55557 0
    outer loop
      vertex 0.00696279 -0.0048754 0.024
      vertex 0.00716883 -0.00456705 0.024
      vertex 0.00716883 -0.00456705 0
    endloop
  endfacet
  facet normal -0.854911 0.518774 0
    outer loop
      vertex 0.00716883 -0.00456705 0
      vertex 0.00716883 -0.00456705 0.024
      vertex 0.00736122 -0.00425 0
    endloop
  endfacet
  facet normal -0.854911 0.518774 0
    outer loop
      vertex 0.00716883 -0.00456705 0.024
      vertex 0.00736122 -0.00425 0.024
      vertex 0.00736122 -0.00425 0
    endloop
  endfacet
  facet normal -0.876727 0.480989 0
    outer loop
      vertex 0.00736122 -0.00425 0
      vertex 0.00736122 -0.00425 0.024
      vertex 0.00753959 -0.00392486 0
    endloop
  endfacet
  facet normal -0.876727 0.480989 0
    outer loop
      vertex 0.00736122 -0.00425 0.024
      vertex 0.00753959 -0.00392486 0.024
      vertex 0.00753959 -0.00392486 0
    endloop
  endfacet
  facet normal -0.896873 0.442288 0
    outer loop
      vertex 0.00753959 -0.00392486 0
      vertex 0.00753959 -0.00392486 0.024
      vertex 0.00770362 -0.00359226 0
    endloop
  endfacet
  facet normal -0.896873 0.442288 0
    outer loop
      vertex 0.00753959 -0.00392486 0.024
      vertex 0.00770362 -0.00359226 0.024
      vertex 0.00770362 -0.00359226 0
    endloop
  endfacet
  facet normal -0.915311 0.402747 0
    outer loop
      vertex 0.00770362 -0.00359226 0
      vertex 0.00770362 -0.00359226 0.024
      vertex 0.00785298 -0.00325281 0
    endloop
  endfacet
  facet normal -0.915311 0.402747 0
    outer loop
      vertex 0.00770362 -0.00359226 0.024
      vertex 0.00785298 -0.00325281 0.024
      vertex 0.00785298 -0.00325281 0
    endloop
  endfacet
  facet normal -0.932008 0.362438 0
    outer loop
      vertex 0.00785298 -0.00325281 0
      vertex 0.00785298 -0.00325281 0.024
      vertex 0.00798739 -0.00290717 0
    endloop
  endfacet
  facet normal -0.932008 0.362438 0
    outer loop
      vertex 0.00785298 -0.00325281 0.024
      vertex 0.00798739 -0.00290717 0.024
      vertex 0.00798739 -0.00290717 0
    endloop
  endfacet
  facet normal -0.94693 0.321439 0
    outer loop
      vertex 0.00798739 -0.00290717 0
      vertex 0.00798739 -0.00290717 0.024
      vertex 0.00810659 -0.002556 0
    endloop
  endfacet
  facet normal -0.94693 0.321439 0
    outer loop
      vertex 0.00798739 -0.00290717 0.024
      vertex 0.00810659 -0.002556 0.024
      vertex 0.00810659 -0.002556 0
    endloop
  endfacet
  facet normal -0.96005 0.279829 0
    outer loop
      vertex 0.00810659 -0.002556 0
      vertex 0.00810659 -0.002556 0.024
      vertex 0.00821037 -0.00219996 0
    endloop
  endfacet
  facet normal -0.96005 0.279829 0
    outer loop
      vertex 0.00810659 -0.002556 0.024
      vertex 0.00821037 -0.00219996 0.024
      vertex 0.00821037 -0.00219996 0
    endloop
  endfacet
  facet normal -0.971342 0.237687 0
    outer loop
      vertex 0.00821037 -0.00219996 0
      vertex 0.00821037 -0.00219996 0.024
      vertex 0.00829852 -0.00183974 0
    endloop
  endfacet
  facet normal -0.971342 0.237687 0
    outer loop
      vertex 0.00821037 -0.00219996 0.024
      vertex 0.00829852 -0.00183974 0.024
      vertex 0.00829852 -0.00183974 0
    endloop
  endfacet
  facet normal -0.980785 0.19509 0
    outer loop
      vertex 0.00829852 -0.00183974 0
      vertex 0.00829852 -0.00183974 0.024
      vertex 0.00837087 -0.00147601 0
    endloop
  endfacet
  facet normal -0.980785 0.19509 0
    outer loop
      vertex 0.00829852 -0.00183974 0.024
      vertex 0.00837087 -0.00147601 0.024
      vertex 0.00837087 -0.00147601 0
    endloop
  endfacet
  facet normal -0.988362 0.152122 0
    outer loop
      vertex 0.00837087 -0.00147601 0
      vertex 0.00837087 -0.00147601 0.024
      vertex 0.00842728 -0.00110947 0
    endloop
  endfacet
  facet normal -0.988362 0.152122 0
    outer loop
      vertex 0.00837087 -0.00147601 0.024
      vertex 0.00842728 -0.00110947 0.024
      vertex 0.00842728 -0.00110947 0
    endloop
  endfacet
  facet normal -0.994056 0.108867 0
    outer loop
      vertex 0.00842728 -0.00110947 0
      vertex 0.00842728 -0.00110947 0.024
      vertex 0.00846765 -0.000740824 0
    endloop
  endfacet
  facet normal -0.994056 0.108867 0
    outer loop
      vertex 0.00842728 -0.00110947 0.024
      vertex 0.00846765 -0.000740824 0.024
      vertex 0.00846765 -0.000740824 0
    endloop
  endfacet
  facet normal -0.997859 0.0654042 0
    outer loop
      vertex 0.00846765 -0.000740824 0
      vertex 0.00846765 -0.000740824 0.024
      vertex 0.00849191 -0.000370765 0
    endloop
  endfacet
  facet normal -0.997859 0.0654042 0
    outer loop
      vertex 0.00846765 -0.000740824 0.024
      vertex 0.00849191 -0.000370765 0.024
      vertex 0.00849191 -0.000370765 0
    endloop
  endfacet
  facet normal -0.999762 0.0218156 0
    outer loop
      vertex 0.00849191 -0.000370765 0
      vertex 0.00849191 -0.000370765 0.024
      vertex 0.0085 5.20475e-19 0
    endloop
  endfacet
  facet normal -0.999762 0.0218156 0
    outer loop
      vertex 0.00849191 -0.000370765 0.024
      vertex 0.0085 5.20475e-19 0.024
      vertex 0.0085 5.20475e-19 0
    endloop
  endfacet
  facet normal 0 -1 0
    outer loop
      vertex 0.007 -0.0125 0
      vertex 0.007 -0.0125 0.025
      vertex 1.73472e-18 -0.0125 0
    endloop
  endfacet
  facet normal 0 -1 0
    outer loop
      vertex 0.007 -0.0125 0.025
      vertex -0.007 -0.0125 0.025
      vertex 1.73472e-18 -0.0125 0
    endloop
  endfacet
  facet normal 0 -1 0
    outer loop
      vertex 1.73472e-18 -0.0125 0
      vertex -0.007 -0.0125 0.025
      vertex -0.007 -0.0125 0
    endloop
  endfacet
  facet normal -1 0 0
    outer loop
      vertex -0.0125 -0.007 0
      vertex -0.0125 -0.007 0.025
      vertex -0.0125 -3.46945e-18 0
    endloop
  endfacet
  facet normal -1 0 0
    outer loop
      vertex -0.0125 -0.007 0.025
      vertex -0.0125 0.007 0.025
      vertex -0.0125 -3.46945e-18 0
    endloop
  endfacet
  facet normal -1 0 0
    outer loop
      vertex -0.0125 -3.46945e-18 0
      vertex -0.0125 0.007 0.025
      vertex -0.0125 0.007 0
    endloop
  endfacet
  facet normal -0.705677 -0.0462533 0.707023
    outer loop
      vertex 0.00849191 0.000370765 0.024
      vertex 0.00949096 0.000414384 0.025
      vertex 0.00846765 0.000740824 0.024
    endloop
  endfacet
  facet normal -0.705677 -0.0462533 0.707023
    outer loop
      vertex 0.00949096 0.000414384 0.025
      vertex 0.00946385 0.00082798 0.025
      vertex 0.00846765 0.000740824 0.024
    endloop
  endfacet
  facet normal -0.702988 -0.07699 0.707023
    outer loop
      vertex 0.00846765 0.000740824 0.024
      vertex 0.00946385 0.00082798 0.025
      vertex 0.00842728 0.00110947 0.024
    endloop
  endfacet
  facet normal -0.702988 -0.0769898 0.707023
    outer loop
      vertex 0.00946385 0.00082798 0.025
      vertex 0.00941873 0.00124 0.025
      vertex 0.00842728 0.00110947 0.024
    endloop
  endfacet
  facet normal -0.69896 -0.107579 0.707023
    outer loop
      vertex 0.00842728 0.00110947 0.024
      vertex 0.00941873 0.00124 0.025
      vertex 0.00837087 0.00147601 0.024
    endloop
  endfacet
  facet normal -0.69896 -0.10758 0.707022
    outer loop
      vertex 0.00941873 0.00124 0.025
      vertex 0.00935567 0.00164966 0.025
      vertex 0.00837087 0.00147601 0.024
    endloop
  endfacet
  facet normal -0.693603 -0.137966 0.707022
    outer loop
      vertex 0.00837087 0.00147601 0.024
      vertex 0.00935567 0.00164966 0.025
      vertex 0.00829852 0.00183974 0.024
    endloop
  endfacet
  facet normal -0.693603 -0.137965 0.707023
    outer loop
      vertex 0.00935567 0.00164966 0.025
      vertex 0.00927481 0.00205618 0.025
      vertex 0.00829852 0.00183974 0.024
    endloop
  endfacet
  facet normal -0.686924 -0.16809 0.707023
    outer loop
      vertex 0.00829852 0.00183974 0.024
      vertex 0.00927481 0.00205618 0.025
      vertex 0.00821037 0.00219996 0.024
    endloop
  endfacet
  facet normal -0.686924 -0.16809 0.707023
    outer loop
      vertex 0.00927481 0.00205618 0.025
      vertex 0.0091763 0.00245878 0.025
      vertex 0.00821037 0.00219996 0.024
    endloop
  endfacet
  facet normal -0.678939 -0.197892 0.707023
    outer loop
      vertex 0.00821037 0.00219996 0.024
      vertex 0.0091763 0.00245878 0.025
      vertex 0.00810659 0.002556 0.024
    endloop
  endfacet
  facet normal -0.678939 -0.197892 0.707023
    outer loop
      vertex 0.0091763 0.00245878 0.025
      vertex 0.00906031 0.00285671 0.025
      vertex 0.00810659 0.002556 0.024
    endloop
  endfacet
  facet normal -0.669661 -0.227319 0.707023
    outer loop
      vertex 0.00810659 0.002556 0.024
      vertex 0.00906031 0.00285671 0.025
      vertex 0.00798739 0.00290717 0.024
    endloop
  endfacet
  facet normal -0.66966 -0.227319 0.707023
    outer loop
      vertex 0.00906031 0.00285671 0.025
      vertex 0.00892708 0.00324919 0.025
      vertex 0.00798739 0.00290717 0.024
    endloop
  endfacet
  facet normal -0.659108 -0.256313 0.707023
    outer loop
      vertex 0.00798739 0.00290717 0.024
      vertex 0.00892708 0.00324919 0.025
      vertex 0.00785298 0.00325281 0.024
    endloop
  endfacet
  facet normal -0.659108 -0.256313 0.707023
    outer loop
      vertex 0.00892708 0.00324919 0.025
      vertex 0.00877686 0.00363549 0.025
      vertex 0.00785298 0.00325281 0.024
    endloop
  endfacet
  facet normal -0.6473 -0.284819 0.707023
    outer loop
      vertex 0.00785298 0.00325281 0.024
      vertex 0.00877686 0.00363549 0.025
      vertex 0.00770362 0.00359226 0.024
    endloop
  endfacet
  facet normal -0.6473 -0.28482 0.707022
    outer loop
      vertex 0.00877686 0.00363549 0.025
      vertex 0.00860992 0.00401487 0.025
      vertex 0.00770362 0.00359226 0.024
    endloop
  endfacet
  facet normal -0.634261 -0.312782 0.707022
    outer loop
      vertex 0.00770362 0.00359226 0.024
      vertex 0.00860992 0.00401487 0.025
      vertex 0.00753959 0.00392486 0.024
    endloop
  endfacet
  facet normal -0.634261 -0.312782 0.707022
    outer loop
      vertex 0.00860992 0.00401487 0.025
      vertex 0.0084266 0.00438661 0.025
      vertex 0.00753959 0.00392486 0.024
    endloop
  endfacet
  facet normal -0.620013 -0.340151 0.707022
    outer loop
      vertex 0.00753959 0.00392486 0.024
      vertex 0.0084266 0.00438661 0.025
      vertex 0.00736122 0.00425 0.024
    endloop
  endfacet
  facet normal -0.620013 -0.340151 0.707022
    outer loop
      vertex 0.0084266 0.00438661 0.025
      vertex 0.00822724 0.00475 0.025
      vertex 0.00736122 0.00425 0.024
    endloop
  endfacet
  facet normal -0.604586 -0.366872 0.707022
    outer loop
      vertex 0.00736122 0.00425 0.024
      vertex 0.00822724 0.00475 0.025
      vertex 0.00716883 0.00456705 0.024
    endloop
  endfacet
  facet normal -0.604586 -0.366872 0.707023
    outer loop
      vertex 0.00822724 0.00475 0.025
      vertex 0.00801222 0.00510435 0.025
      vertex 0.00716883 0.00456705 0.024
    endloop
  endfacet
  facet normal -0.588008 -0.392894 0.707023
    outer loop
      vertex 0.00716883 0.00456705 0.024
      vertex 0.00801222 0.00510435 0.025
      vertex 0.00696279 0.0048754 0.024
    endloop
  endfacet
  facet normal -0.588008 -0.392894 0.707022
    outer loop
      vertex 0.00801222 0.00510435 0.025
      vertex 0.00778194 0.00544898 0.025
      vertex 0.00696279 0.0048754 0.024
    endloop
  endfacet
  facet normal -0.57031 -0.418169 0.707022
    outer loop
      vertex 0.00696279 0.0048754 0.024
      vertex 0.00778194 0.00544898 0.025
      vertex 0.0067435 0.00517447 0.024
    endloop
  endfacet
  facet normal -0.570311 -0.418168 0.707023
    outer loop
      vertex 0.00778194 0.00544898 0.025
      vertex 0.00753686 0.00578323 0.025
      vertex 0.0067435 0.00517447 0.024
    endloop
  endfacet
  facet normal -0.551527 -0.442647 0.707023
    outer loop
      vertex 0.0067435 0.00517447 0.024
      vertex 0.00753686 0.00578323 0.025
      vertex 0.00651138 0.00546369 0.024
    endloop
  endfacet
  facet normal -0.551527 -0.442648 0.707023
    outer loop
      vertex 0.00753686 0.00578323 0.025
      vertex 0.00727742 0.00610648 0.025
      vertex 0.00651138 0.00546369 0.024
    endloop
  endfacet
  facet normal -0.531695 -0.466283 0.707023
    outer loop
      vertex 0.00651138 0.00546369 0.024
      vertex 0.00727742 0.00610648 0.025
      vertex 0.00626686 0.00574252 0.024
    endloop
  endfacet
  facet normal -0.531695 -0.466283 0.707023
    outer loop
      vertex 0.00727742 0.00610648 0.025
      vertex 0.00700413 0.00641811 0.025
      vertex 0.00626686 0.00574252 0.024
    endloop
  endfacet
  facet normal -0.510849 -0.489032 0.707023
    outer loop
      vertex 0.00626686 0.00574252 0.024
      vertex 0.00700413 0.00641811 0.025
      vertex 0.00601041 0.00601041 0.024
    endloop
  endfacet
  facet normal -0.510849 -0.489032 0.707023
    outer loop
      vertex 0.00700413 0.00641811 0.025
      vertex 0.00671751 0.00671751 0.025
      vertex 0.00601041 0.00601041 0.024
    endloop
  endfacet
  facet normal -0.489032 -0.510849 0.707023
    outer loop
      vertex 0.00601041 0.00601041 0.024
      vertex 0.00671751 0.00671751 0.025
      vertex 0.00574252 0.00626686 0.024
    endloop
  endfacet
  facet normal -0.489032 -0.510849 0.707023
    outer loop
      vertex 0.00671751 0.00671751 0.025
      vertex 0.00641811 0.00700413 0.025
      vertex 0.00574252 0.00626686 0.024
    endloop
  endfacet
  facet normal -0.466283 -0.531695 0.707023
    outer loop
      vertex 0.00574252 0.00626686 0.024
      vertex 0.00641811 0.00700413 0.025
      vertex 0.00546369 0.00651138 0.024
    endloop
  endfacet
  facet normal -0.466283 -0.531695 0.707023
    outer loop
      vertex 0.00641811 0.00700413 0.025
      vertex 0.00610648 0.00727742 0.025
      vertex 0.00546369 0.00651138 0.024
    endloop
  endfacet
  facet normal -0.442647 -0.551527 0.707023
    outer loop
      vertex 0.00546369 0.00651138 0.024
      vertex 0.00610648 0.00727742 0.025
      vertex 0.00517447 0.0067435 0.024
    endloop
  endfacet
  facet normal -0.442648 -0.551527 0.707023
    outer loop
      vertex 0.00610648 0.00727742 0.025
      vertex 0.00578323 0.00753686 0.025
      vertex 0.00517447 0.0067435 0.024
    endloop
  endfacet
  facet normal -0.418169 -0.57031 0.707023
    outer loop
      vertex 0.00517447 0.0067435 0.024
      vertex 0.00578323 0.00753686 0.025
      vertex 0.0048754 0.00696279 0.024
    endloop
  endfacet
  facet normal -0.418168 -0.570311 0.707022
    outer loop
      vertex 0.00578323 0.00753686 0.025
      vertex 0.00544898 0.00778194 0.025
      vertex 0.0048754 0.00696279 0.024
    endloop
  endfacet
  facet normal -0.392894 -0.588008 0.707022
    outer loop
      vertex 0.0048754 0.00696279 0.024
      vertex 0.00544898 0.00778194 0.025
      vertex 0.00456705 0.00716883 0.024
    endloop
  endfacet
  facet normal -0.392894 -0.588008 0.707023
    outer loop
      vertex 0.00544898 0.00778194 0.025
      vertex 0.00510435 0.00801222 0.025
      vertex 0.00456705 0.00716883 0.024
    endloop
  endfacet
  facet normal -0.366872 -0.604586 0.707023
    outer loop
      vertex 0.00456705 0.00716883 0.024
      vertex 0.00510435 0.00801222 0.025
      vertex 0.00425 0.00736122 0.024
    endloop
  endfacet
  facet normal -0.366872 -0.604586 0.707022
    outer loop
      vertex 0.00510435 0.00801222 0.025
      vertex 0.00475 0.00822724 0.025
      vertex 0.00425 0.00736122 0.024
    endloop
  endfacet
  facet normal -0.340151 -0.620013 0.707022
    outer loop
      vertex 0.00425 0.00736122 0.024
      vertex 0.00475 0.00822724 0.025
      vertex 0.00392486 0.00753959 0.024
    endloop
  endfacet
  facet normal -0.340151 -0.620013 0.707022
    outer loop
      vertex 0.00475 0.00822724 0.025
      vertex 0.00438661 0.0084266 0.025
      vertex 0.00392486 0.00753959 0.024
    endloop
  endfacet
  facet normal -0.312782 -0.63426 0.707022
    outer loop
      vertex 0.00392486 0.00753959 0.024
      vertex 0.00438661 0.0084266 0.025
      vertex 0.00359226 0.00770362 0.024
    endloop
  endfacet
  facet normal -0.312782 -0.634261 0.707022
    outer loop
      vertex 0.00438661 0.0084266 0.025
      vertex 0.00401487 0.00860992 0.025
      vertex 0.00359226 0.00770362 0.024
    endloop
  endfacet
  facet normal -0.284819 -0.6473 0.707022
    outer loop
      vertex 0.00359226 0.00770362 0.024
      vertex 0.00401487 0.00860992 0.025
      vertex 0.00325281 0.00785298 0.024
    endloop
  endfacet
  facet normal -0.28482 -0.6473 0.707023
    outer loop
      vertex 0.00401487 0.00860992 0.025
      vertex 0.00363549 0.00877686 0.025
      vertex 0.00325281 0.00785298 0.024
    endloop
  endfacet
  facet normal -0.256313 -0.659108 0.707023
    outer loop
      vertex 0.00325281 0.00785298 0.024
      vertex 0.00363549 0.00877686 0.025
      vertex 0.00290717 0.00798739 0.024
    endloop
  endfacet
  facet normal -0.256313 -0.659108 0.707023
    outer loop
      vertex 0.00363549 0.00877686 0.025
      vertex 0.00324919 0.00892708 0.025
      vertex 0.00290717 0.00798739 0.024
    endloop
  endfacet
  facet normal -0.227319 -0.669661 0.707022
    outer loop
      vertex 0.00290717 0.00798739 0.024
      vertex 0.00324919 0.00892708 0.025
      vertex 0.002556 0.00810659 0.024
    endloop
  endfacet
  facet normal -0.227319 -0.66966 0.707023
    outer loop
      vertex 0.00324919 0.00892708 0.025
      vertex 0.00285671 0.00906031 0.025
      vertex 0.002556 0.00810659 0.024
    endloop
  endfacet
  facet normal -0.197892 -0.678939 0.707023
    outer loop
      vertex 0.002556 0.00810659 0.024
      vertex 0.00285671 0.00906031 0.025
      vertex 0.00219996 0.00821037 0.024
    endloop
  endfacet
  facet normal -0.197892 -0.678939 0.707023
    outer loop
      vertex 0.00285671 0.00906031 0.025
      vertex 0.00245878 0.0091763 0.025
      vertex 0.00219996 0.00821037 0.024
    endloop
  endfacet
  facet normal -0.16809 -0.686924 0.707023
    outer loop
      vertex 0.00219996 0.00821037 0.024
      vertex 0.00245878 0.0091763 0.025
      vertex 0.00183974 0.00829852 0.024
    endloop
  endfacet
  facet normal -0.16809 -0.686924 0.707023
    outer loop
      vertex 0.00245878 0.0091763 0.025
      vertex 0.00205618 0.00927481 0.025
      vertex 0.00183974 0.00829852 0.024
    endloop
  endfacet
  facet normal -0.137966 -0.693602 0.707023
    outer loop
      vertex 0.00183974 0.00829852 0.024
      vertex 0.00205618 0.00927481 0.025
      vertex 0.00147601 0.00837087 0.024
    endloop
  endfacet
  facet normal -0.137965 -0.693603 0.707022
    outer loop
      vertex 0.00205618 0.00927481 0.025
      vertex 0.00164966 0.00935567 0.025
      vertex 0.00147601 0.00837087 0.024
    endloop
  endfacet
  facet normal -0.107579 -0.698961 0.707022
    outer loop
      vertex 0.00147601 0.00837087 0.024
      vertex 0.00164966 0.00935567 0.025
      vertex 0.00110947 0.00842728 0.024
    endloop
  endfacet
  facet normal -0.10758 -0.69896 0.707023
    outer loop
      vertex 0.00164966 0.00935567 0.025
      vertex 0.00124 0.00941873 0.025
      vertex 0.00110947 0.00842728 0.024
    endloop
  endfacet
  facet normal -0.07699 -0.702988 0.707023
    outer loop
      vertex 0.00110947 0.00842728 0.024
      vertex 0.00124 0.00941873 0.025
      vertex 0.000740824 0.00846765 0.024
    endloop
  endfacet
  facet normal -0.0769898 -0.702988 0.707023
    outer loop
      vertex 0.00124 0.00941873 0.025
      vertex 0.00082798 0.00946385 0.025
      vertex 0.000740824 0.00846765 0.024
    endloop
  endfacet
  facet normal -0.0462533 -0.705677 0.707023
    outer loop
      vertex 0.000740824 0.00846765 0.024
      vertex 0.00082798 0.00946385 0.025
      vertex 0.000370765 0.00849191 0.024
    endloop
  endfacet
  facet normal -0.0462533 -0.705677 0.707023
    outer loop
      vertex 0.00082798 0.00946385 0.025
      vertex 0.000414384 0.00949096 0.025
      vertex 0.000370765 0.00849191 0.024
    endloop
  endfacet
  facet normal -0.0154278 -0.707023 0.707023
    outer loop
      vertex 0.000370765 0.00849191 0.024
      vertex 0.000414384 0.00949096 0.025
      vertex 9.95737e-18 0.0085 0.024
    endloop
  endfacet
  facet normal -0.0154262 -0.707023 0.707022
    outer loop
      vertex 0.000414384 0.00949096 0.025
      vertex 1.11288e-17 0.0095 0.025
      vertex 9.95737e-18 0.0085 0.024
    endloop
  endfacet
  facet normal 0.0154278 -0.707023 0.707022
    outer loop
      vertex 9.95737e-18 0.0085 0.024
      vertex 1.11288e-17 0.0095 0.025
      vertex -0.000370765 0.00849191 0.024
    endloop
  endfacet
  facet normal 0.0154262 -0.707023 0.707023
    outer loop
      vertex 1.11288e-17 0.0095 0.025
      vertex -0.000414384 0.00949096 0.025
      vertex -0.000370765 0.00849191 0.024
    endloop
  endfacet
  facet normal 0.0462533 -0.705677 0.707023
    outer loop
      vertex -0.000370765 0.00849191 0.024
      vertex -0.000414384 0.00949096 0.025
      vertex -0.000740824 0.00846765 0.024
    endloop
  endfacet
  facet normal 0.0462533 -0.705677 0.707023
    outer loop
      vertex -0.000414384 0.00949096 0.025
      vertex -0.00082798 0.00946385 0.025
      vertex -0.000740824 0.00846765 0.024
    endloop
  endfacet
  facet normal 0.07699 -0.702988 0.707023
    outer loop
      vertex -0.000740824 0.00846765 0.024
      vertex -0.00082798 0.00946385 0.025
      vertex -0.00110947 0.00842728 0.024
    endloop
  endfacet
  facet normal 0.0769898 -0.702988 0.707023
    outer loop
      vertex -0.00082798 0.00946385 0.025
      vertex -0.00124 0.00941873 0.025
      vertex -0.00110947 0.00842728 0.024
    endloop
  endfacet
  facet normal 0.107579 -0.69896 0.707023
    outer loop
      vertex -0.00110947 0.00842728 0.024
      vertex -0.00124 0.00941873 0.025
      vertex -0.00147601 0.00837087 0.024
    endloop
  endfacet
  facet normal 0.10758 -0.69896 0.707022
    outer loop
      vertex -0.00124 0.00941873 0.025
      vertex -0.00164966 0.00935567 0.025
      vertex -0.00147601 0.00837087 0.024
    endloop
  endfacet
  facet normal 0.137966 -0.693603 0.707022
    outer loop
      vertex -0.00147601 0.00837087 0.024
      vertex -0.00164966 0.00935567 0.025
      vertex -0.00183974 0.00829852 0.024
    endloop
  endfacet
  facet normal 0.137965 -0.693603 0.707023
    outer loop
      vertex -0.00164966 0.00935567 0.025
      vertex -0.00205618 0.00927481 0.025
      vertex -0.00183974 0.00829852 0.024
    endloop
  endfacet
  facet normal 0.16809 -0.686924 0.707023
    outer loop
      vertex -0.00183974 0.00829852 0.024
      vertex -0.00205618 0.00927481 0.025
      vertex -0.00219996 0.00821037 0.024
    endloop
  endfacet
  facet normal 0.16809 -0.686924 0.707023
    outer loop
      vertex -0.00205618 0.00927481 0.025
      vertex -0.00245878 0.0091763 0.025
      vertex -0.00219996 0.00821037 0.024
    endloop
  endfacet
  facet normal 0.197892 -0.678939 0.707023
    outer loop
      vertex -0.00219996 0.00821037 0.024
      vertex -0.00245878 0.0091763 0.025
      vertex -0.002556 0.00810659 0.024
    endloop
  endfacet
  facet normal 0.197892 -0.678939 0.707023
    outer loop
      vertex -0.00245878 0.0091763 0.025
      vertex -0.00285671 0.00906031 0.025
      vertex -0.002556 0.00810659 0.024
    endloop
  endfacet
  facet normal 0.227319 -0.669661 0.707023
    outer loop
      vertex -0.002556 0.00810659 0.024
      vertex -0.00285671 0.00906031 0.025
      vertex -0.00290717 0.00798739 0.024
    endloop
  endfacet
  facet normal 0.227319 -0.66966 0.707023
    outer loop
      vertex -0.00285671 0.00906031 0.025
      vertex -0.00324919 0.00892708 0.025
      vertex -0.00290717 0.00798739 0.024
    endloop
  endfacet
  facet normal 0.256313 -0.659108 0.707023
    outer loop
      vertex -0.00290717 0.00798739 0.024
      vertex -0.00324919 0.00892708 0.025
      vertex -0.00325281 0.00785298 0.024
    endloop
  endfacet
  facet normal 0.256313 -0.659108 0.707023
    outer loop
      vertex -0.00324919 0.00892708 0.025
      vertex -0.00363549 0.00877686 0.025
      vertex -0.00325281 0.00785298 0.024
    endloop
  endfacet
  facet normal 0.284819 -0.6473 0.707023
    outer loop
      vertex -0.00325281 0.00785298 0.024
      vertex -0.00363549 0.00877686 0.025
      vertex -0.00359226 0.00770362 0.024
    endloop
  endfacet
  facet normal 0.28482 -0.6473 0.707022
    outer loop
      vertex -0.00363549 0.00877686 0.025
      vertex -0.00401487 0.00860992 0.025
      vertex -0.00359226 0.00770362 0.024
    endloop
  endfacet
  facet normal 0.312782 -0.634261 0.707022
    outer loop
      vertex -0.00359226 0.00770362 0.024
      vertex -0.00401487 0.00860992 0.025
      vertex -0.00392486 0.00753959 0.024
    endloop
  endfacet
  facet normal 0.312782 -0.634261 0.707022
    outer loop
      vertex -0.00401487 0.00860992 0.025
      vertex -0.00438661 0.0084266 0.025
      vertex -0.00392486 0.00753959 0.024
    endloop
  endfacet
  facet normal 0.340151 -0.620013 0.707022
    outer loop
      vertex -0.00392486 0.00753959 0.024
      vertex -0.00438661 0.0084266 0.025
      vertex -0.00425 0.00736122 0.024
    endloop
  endfacet
  facet normal 0.340151 -0.620013 0.707022
    outer loop
      vertex -0.00438661 0.0084266 0.025
      vertex -0.00475 0.00822724 0.025
      vertex -0.00425 0.00736122 0.024
    endloop
  endfacet
  facet normal 0.366872 -0.604586 0.707022
    outer loop
      vertex -0.00425 0.00736122 0.024
      vertex -0.00475 0.00822724 0.025
      vertex -0.00456705 0.00716883 0.024
    endloop
  endfacet
  facet normal 0.366872 -0.604586 0.707023
    outer loop
      vertex -0.00475 0.00822724 0.025
      vertex -0.00510435 0.00801222 0.025
      vertex -0.00456705 0.00716883 0.024
    endloop
  endfacet
  facet normal 0.392894 -0.588008 0.707023
    outer loop
      vertex -0.00456705 0.00716883 0.024
      vertex -0.00510435 0.00801222 0.025
      vertex -0.0048754 0.00696279 0.024
    endloop
  endfacet
  facet normal 0.392894 -0.588008 0.707022
    outer loop
      vertex -0.00510435 0.00801222 0.025
      vertex -0.00544898 0.00778194 0.025
      vertex -0.0048754 0.00696279 0.024
    endloop
  endfacet
  facet normal 0.418169 -0.57031 0.707022
    outer loop
      vertex -0.0048754 0.00696279 0.024
      vertex -0.00544898 0.00778194 0.025
      vertex -0.00517447 0.0067435 0.024
    endloop
  endfacet
  facet normal 0.418168 -0.570311 0.707023
    outer loop
      vertex -0.00544898 0.00778194 0.025
      vertex -0.00578323 0.00753686 0.025
      vertex -0.00517447 0.0067435 0.024
    endloop
  endfacet
  facet normal 0.442647 -0.551527 0.707023
    outer loop
      vertex -0.00517447 0.0067435 0.024
      vertex -0.00578323 0.00753686 0.025
      vertex -0.00546369 0.00651138 0.024
    endloop
  endfacet
  facet normal 0.442648 -0.551527 0.707023
    outer loop
      vertex -0.00578323 0.00753686 0.025
      vertex -0.00610648 0.00727742 0.025
      vertex -0.00546369 0.00651138 0.024
    endloop
  endfacet
  facet normal 0.466283 -0.531695 0.707023
    outer loop
      vertex -0.00546369 0.00651138 0.024
      vertex -0.00610648 0.00727742 0.025
      vertex -0.00574252 0.00626686 0.024
    endloop
  endfacet
  facet normal 0.466283 -0.531695 0.707023
    outer loop
      vertex -0.00610648 0.00727742 0.025
      vertex -0.00641811 0.00700413 0.025
      vertex -0.00574252 0.00626686 0.024
    endloop
  endfacet
  facet normal 0.489032 -0.510849 0.707023
    outer loop
      vertex -0.00574252 0.00626686 0.024
      vertex -0.00641811 0.00700413 0.025
      vertex -0.00601041 0.00601041 0.024
    endloop
  endfacet
  facet normal 0.489032 -0.510849 0.707023
    outer loop
      vertex -0.00641811 0.00700413 0.025
      vertex -0.00671751 0.00671751 0.025
      vertex -0.00601041 0.00601041 0.024
    endloop
  endfacet
  facet normal 0.510849 -0.489032 0.707023
    outer loop
      vertex -0.00601041 0.00601041 0.024
      vertex -0.00671751 0.00671751 0.025
      vertex -0.00626686 0.00574252 0.024
    endloop
  endfacet
  facet normal 0.510849 -0.489032 0.707023
    outer loop
      vertex -0.00671751 0.00671751 0.025
      vertex -0.00700413 0.00641811 0.025
      vertex -0.00626686 0.00574252 0.024
    endloop
  endfacet
  facet normal 0.531695 -0.466283 0.707023
    outer loop
      vertex -0.00626686 0.00574252 0.024
      vertex -0.00700413 0.00641811 0.025
      vertex -0.00651138 0.00546369 0.024
    endloop
  endfacet
  facet normal 0.531695 -0.466283 0.707023
    outer loop
      vertex -0.00700413 0.00641811 0.025
      vertex -0.00727742 0.00610648 0.025
      vertex -0.00651138 0.00546369 0.024
    endloop
  endfacet
  facet normal 0.551527 -0.442647 0.707023
    outer loop
      vertex -0.00651138 0.00546369 0.024
      vertex -0.00727742 0.00610648 0.025
      vertex -0.0067435 0.00517447 0.024
    endloop
  endfacet
  facet normal 0.551527 -0.442648 0.707023
    outer loop
      vertex -0.00727742 0.00610648 0.025
      vertex -0.00753686 0.00578323 0.025
      vertex -0.0067435 0.00517447 0.024
    endloop
  endfacet
  facet normal 0.57031 -0.418169 0.707023
    outer loop
      vertex -0.0067435 0.00517447 0.024
      vertex -0.00753686 0.00578323 0.025
      vertex -0.00696279 0.0048754 0.024
    endloop
  endfacet
  facet normal 0.570311 -0.418168 0.707022
    outer loop
      vertex -0.00753686 0.00578323 0.025
      vertex -0.00778194 0.00544898 0.025
      vertex -0.00696279 0.0048754 0.024
    endloop
  endfacet
  facet normal 0.588008 -0.392894 0.707022
    outer loop
      vertex -0.00696279 0.0048754 0.024
      vertex -0.00778194 0.00544898 0.025
      vertex -0.00716883 0.00456705 0.024
    endloop
  endfacet
  facet normal 0.588008 -0.392894 0.707023
    outer loop
      vertex -0.00778194 0.00544898 0.025
      vertex -0.00801222 0.00510435 0.025
      vertex -0.00716883 0.00456705 0.024
    endloop
  endfacet
  facet normal 0.604586 -0.366872 0.707023
    outer loop
      vertex -0.00716883 0.00456705 0.024
      vertex -0.00801222 0.00510435 0.025
      vertex -0.00736122 0.00425 0.024
    endloop
  endfacet
  facet normal 0.604586 -0.366872 0.707022
    outer loop
      vertex -0.00801222 0.00510435 0.025
      vertex -0.00822724 0.00475 0.025
      vertex -0.00736122 0.00425 0.024
    endloop
  endfacet
  facet normal 0.620013 -0.340151 0.707022
    outer loop
      vertex -0.00736122 0.00425 0.024
      vertex -0.00822724 0.00475 0.025
      vertex -0.00753959 0.00392486 0.024
    endloop
  endfacet
  facet normal 0.620013 -0.340151 0.707022
    outer loop
      vertex -0.00822724 0.00475 0.025
      vertex -0.0084266 0.00438661 0.025
      vertex -0.00753959 0.00392486 0.024
    endloop
  endfacet
  facet normal 0.63426 -0.312782 0.707022
    outer loop
      vertex -0.00753959 0.00392486 0.024
      vertex -0.0084266 0.00438661 0.025
      vertex -0.00770362 0.00359226 0.024
    endloop
  endfacet
  facet normal 0.634261 -0.312782 0.707022
    outer loop
      vertex -0.0084266 0.00438661 0.025
      vertex -0.00860992 0.00401487 0.025
      vertex -0.00770362 0.00359226 0.024
    endloop
  endfacet
  facet normal 0.6473 -0.284819 0.707022
    outer loop
      vertex -0.00770362 0.00359226 0.024
      vertex -0.00860992 0.00401487 0.025
      vertex -0.00785298 0.00325281 0.024
    endloop
  endfacet
  facet normal 0.6473 -0.28482 0.707023
    outer loop
      vertex -0.00860992 0.00401487 0.025
      vertex -0.00877686 0.00363549 0.025
      vertex -0.00785298 0.00325281 0.024
    endloop
  endfacet
  facet normal 0.659108 -0.256313 0.707023
    outer loop
      vertex -0.00785298 0.00325281 0.024
      vertex -0.00877686 0.00363549 0.025
      vertex -0.00798739 0.00290717 0.024
    endloop
  endfacet
  facet normal 0.659108 -0.256313 0.707023
    outer loop
      vertex -0.00877686 0.00363549 0.025
      vertex -0.00892708 0.00324919 0.025
      vertex -0.00798739 0.00290717 0.024
    endloop
  endfacet
  facet normal 0.669661 -0.227319 0.707022
    outer loop
      vertex -0.00798739 0.00290717 0.024
      vertex -0.00892708 0.00324919 0.025
      vertex -0.00810659 0.002556 0.024
    endloop
  endfacet
  facet normal 0.66966 -0.227319 0.707023
    outer loop
      vertex -0.00892708 0.00324919 0.025
      vertex -0.00906031 0.00285671 0.025
      vertex -0.00810659 0.002556 0.024
    endloop
  endfacet
  facet normal 0.678939 -0.197892 0.707023
    outer loop
      vertex -0.00810659 0.002556 0.024
      vertex -0.00906031 0.00285671 0.025
      vertex -0.00821037 0.00219996 0.024
    endloop
  endfacet
  facet normal 0.678939 -0.197892 0.707023
    outer loop
      vertex -0.00906031 0.00285671 0.025
      vertex -0.0091763 0.00245878 0.025
      vertex -0.00821037 0.00219996 0.024
    endloop
  endfacet
  facet normal 0.686924 -0.16809 0.707023
    outer loop
      vertex -0.00821037 0.00219996 0.024
      vertex -0.0091763 0.00245878 0.025
      vertex -0.00829852 0.00183974 0.024
    endloop
  endfacet
  facet normal 0.686924 -0.16809 0.707023
    outer loop
      vertex -0.0091763 0.00245878 0.025
      vertex -0.00927481 0.00205618 0.025
      vertex -0.00829852 0.00183974 0.024
    endloop
  endfacet
  facet normal 0.693602 -0.137966 0.707023
    outer loop
      vertex -0.00829852 0.00183974 0.024
      vertex -0.00927481 0.00205618 0.025
      vertex -0.00837087 0.00147601 0.024
    endloop
  endfacet
  facet normal 0.693603 -0.137965 0.707022
    outer loop
      vertex -0.00927481 0.00205618 0.025
      vertex -0.00935567 0.00164966 0.025
      vertex -0.00837087 0.00147601 0.024
    endloop
  endfacet
  facet normal 0.698961 -0.107579 0.707022
    outer loop
      vertex -0.00837087 0.00147601 0.024
      vertex -0.00935567 0.00164966 0.025
      vertex -0.00842728 0.00110947 0.024
    endloop
  endfacet
  facet normal 0.69896 -0.10758 0.707023
    outer loop
      vertex -0.00935567 0.00164966 0.025
      vertex -0.00941873 0.00124 0.025
      vertex -0.00842728 0.00110947 0.024
    endloop
  endfacet
  facet normal 0.702988 -0.07699 0.707023
    outer loop
      vertex -0.00842728 0.00110947 0.024
      vertex -0.00941873 0.00124 0.025
      vertex -0.00846765 0.000740824 0.024
    endloop
  endfacet
  facet normal 0.702988 -0.0769898 0.707023
    outer loop
      vertex -0.00941873 0.00124 0.025
      vertex -0.00946385 0.00082798 0.025
      vertex -0.00846765 0.000740824 0.024
    endloop
  endfacet
  facet normal 0.705677 -0.0462533 0.707023
    outer loop
      vertex -0.00846765 0.000740824 0.024
      vertex -0.00946385 0.00082798 0.025
      vertex -0.00849191 0.000370765 0.024
    endloop
  endfacet
  facet normal 0.705677 -0.0462533 0.707023
    outer loop
      vertex -0.00946385 0.00082798 0.025
      vertex -0.00949096 0.000414384 0.025
      vertex -0.00849191 0.000370765 0.024
    endloop
  endfacet
  facet normal 0.707023 -0.0154278 0.707023
    outer loop
      vertex -0.00849191 0.000370765 0.024
      vertex -0.00949096 0.000414384 0.025
      vertex -0.0085 2.421e-17 0.024
    endloop
  endfacet
  facet normal 0.707023 -0.0154262 0.707022
    outer loop
      vertex -0.00949096 0.000414384 0.025
      vertex -0.0095 2.6997e-17 0.025
      vertex -0.0085 2.421e-17 0.024
    endloop
  endfacet
  facet normal 0.707023 0.0154278 0.707022
    outer loop
      vertex -0.0085 2.421e-17 0.024
      vertex -0.0095 2.6997e-17 0.025
      vertex -0.00849191 -0.000370765 0.024
    endloop
  endfacet
  facet normal 0.707023 0.0154262 0.707023
    outer loop
      vertex -0.0095 2.6997e-17 0.025
      vertex -0.00949096 -0.000414384 0.025
      vertex -0.00849191 -0.000370765 0.024
    endloop
  endfacet
  facet normal 0.705677 0.0462533 0.707023
    outer loop
      vertex -0.00849191 -0.000370765 0.024
      vertex -0.00949096 -0.000414384 0.025
      vertex -0.00846765 -0.000740824 0.024
    endloop
  endfacet
  facet normal 0.705677 0.0462533 0.707023
    outer loop
      vertex -0.00949096 -0.000414384 0.025
      vertex -0.00946385 -0.00082798 0.025
      vertex -0.00846765 -0.000740824 0.024
    endloop
  endfacet
  facet normal 0.702988 0.07699 0.707023
    outer loop
      vertex -0.00846765 -0.000740824 0.024
      vertex -0.00946385 -0.00082798 0.025
      vertex -0.00842728 -0.00110947 0.024
    endloop
  endfacet
  facet normal 0.702988 0.0769898 0.707023
    outer loop
      vertex -0.00946385 -0.00082798 0.025
      vertex -0.00941873 -0.00124 0.025
      vertex -0.00842728 -0.00110947 0.024
    endloop
  endfacet
  facet normal 0.69896 0.107579 0.707023
    outer loop
      vertex -0.00842728 -0.00110947 0.024
      vertex -0.00941873 -0.00124 0.025
      vertex -0.00837087 -0.00147601 0.024
    endloop
  endfacet
  facet normal 0.69896 0.10758 0.707022
    outer loop
      vertex -0.00941873 -0.00124 0.025
      vertex -0.00935567 -0.00164966 0.025
      vertex -0.00837087 -0.00147601 0.024
    endloop
  endfacet
  facet normal 0.693603 0.137966 0.707022
    outer loop
      vertex -0.00837087 -0.00147601 0.024
      vertex -0.00935567 -0.00164966 0.025
      vertex -0.00829852 -0.00183974 0.024
    endloop
  endfacet
  facet normal 0.693603 0.137965 0.707023
    outer loop
      vertex -0.00935567 -0.00164966 0.025
      vertex -0.00927481 -0.00205618 0.025
      vertex -0.00829852 -0.00183974 0.024
    endloop
  endfacet
  facet normal 0.686924 0.16809 0.707023
    outer loop
      vertex -0.00829852 -0.00183974 0.024
      vertex -0.00927481 -0.00205618 0.025
      vertex -0.00821037 -0.00219996 0.024
    endloop
  endfacet
  facet normal 0.686924 0.16809 0.707023
    outer loop
      vertex -0.00927481 -0.00205618 0.025
      vertex -0.0091763 -0.00245878 0.025
      vertex -0.00821037 -0.00219996 0.024
    endloop
  endfacet
  facet normal 0.678939 0.197892 0.707023
    outer loop
      vertex -0.00821037 -0.00219996 0.024
      vertex -0.0091763 -0.00245878 0.025
      vertex -0.00810659 -0.002556 0.024
    endloop
  endfacet
  facet normal 0.678939 0.197892 0.707023
    outer loop
      vertex -0.0091763 -0.00245878 0.025
      vertex -0.00906031 -0.00285671 0.025
      vertex -0.00810659 -0.002556 0.024
    endloop
  endfacet
  facet normal 0.669661 0.227319 0.707023
    outer loop
      vertex -0.00810659 -0.002556 0.024
      vertex -0.00906031 -0.00285671 0.025
      vertex -0.00798739 -0.00290717 0.024
    endloop
  endfacet
  facet normal 0.66966 0.227319 0.707023
    outer loop
      vertex -0.00906031 -0.00285671 0.025
      vertex -0.00892708 -0.00324919 0.025
      vertex -0.00798739 -0.00290717 0.024
    endloop
  endfacet
  facet normal 0.659108 0.256313 0.707023
    outer loop
      vertex -0.00798739 -0.00290717 0.024
      vertex -0.00892708 -0.00324919 0.025
      vertex -0.00785298 -0.00325281 0.024
    endloop
  endfacet
  facet normal 0.659108 0.256313 0.707023
    outer loop
      vertex -0.00892708 -0.00324919 0.025
      vertex -0.00877686 -0.00363549 0.025
      vertex -0.00785298 -0.00325281 0.024
    endloop
  endfacet
  facet normal 0.6473 0.284819 0.707023
    outer loop
      vertex -0.00785298 -0.00325281 0.024
      vertex -0.00877686 -0.00363549 0.025
      vertex -0.00770362 -0.00359226 0.024
    endloop
  endfacet
  facet normal 0.6473 0.28482 0.707022
    outer loop
      vertex -0.00877686 -0.00363549 0.025
      vertex -0.00860992 -0.00401487 0.025
      vertex -0.00770362 -0.00359226 0.024
    endloop
  endfacet
  facet normal 0.634261 0.312782 0.707022
    outer loop
      vertex -0.00770362 -0.00359226 0.024
      vertex -0.00860992 -0.00401487 0.025
      vertex -0.00753959 -0.00392486 0.024
    endloop
  endfacet
  facet normal 0.634261 0.312782 0.707022
    outer loop
      vertex -0.00860992 -0.00401487 0.025
      vertex -0.0084266 -0.00438661 0.025
      vertex -0.00753959 -0.00392486 0.024
    endloop
  endfacet
  facet normal 0.620013 0.340151 0.707022
    outer loop
      vertex -0.00753959 -0.00392486 0.024
      vertex -0.0084266 -0.00438661 0.025
      vertex -0.00736122 -0.00425 0.024
    endloop
  endfacet
  facet normal 0.620013 0.340151 0.707022
    outer loop
      vertex -0.0084266 -0.00438661 0.025
      vertex -0.00822724 -0.00475 0.025
      vertex -0.00736122 -0.00425 0.024
    endloop
  endfacet
  facet normal 0.604586 0.366872 0.707022
    outer loop
      vertex -0.00736122 -0.00425 0.024
      vertex -0.00822724 -0.00475 0.025
      vertex -0.00716883 -0.00456705 0.024
    endloop
  endfacet
  facet normal 0.604586 0.366872 0.707023
    outer loop
      vertex -0.00822724 -0.00475 0.025
      vertex -0.00801222 -0.00510435 0.025
      vertex -0.00716883 -0.00456705 0.024
    endloop
  endfacet
  facet normal 0.588008 0.392894 0.707023
    outer loop
      vertex -0.00716883 -0.00456705 0.024
      vertex -0.00801222 -0.00510435 0.025
      vertex -0.00696279 -0.0048754 0.024
    endloop
  endfacet
  facet normal 0.588008 0.392894 0.707022
    outer loop
      vertex -0.00801222 -0.00510435 0.025
      vertex -0.00778194 -0.00544898 0.025
      vertex -0.00696279 -0.0048754 0.024
    endloop
  endfacet
  facet normal 0.57031 0.418169 0.707022
    outer loop
      vertex -0.00696279 -0.0048754 0.024
      vertex -0.00778194 -0.00544898 0.025
      vertex -0.0067435 -0.00517447 0.024
    endloop
  endfacet
  facet normal 0.570311 0.418168 0.707023
    outer loop
      vertex -0.00778194 -0.00544898 0.025
      vertex -0.00753686 -0.00578323 0.025
      vertex -0.0067435 -0.00517447 0.024
    endloop
  endfacet
  facet normal 0.551527 0.442647 0.707023
    outer loop
      vertex -0.0067435 -0.00517447 0.024
      vertex -0.00753686 -0.00578323 0.025
      vertex -0.00651138 -0.00546369 0.024
    endloop
  endfacet
  facet normal 0.551527 0.442648 0.707023
    outer loop
      vertex -0.00753686 -0.00578323 0.025
      vertex -0.00727742 -0.00610648 0.025
      vertex -0.00651138 -0.00546369 0.024
    endloop
  endfacet
  facet normal 0.531695 0.466283 0.707023
    outer loop
      vertex -0.00651138 -0.00546369 0.024
      vertex -0.00727742 -0.00610648 0.025
      vertex -0.00626686 -0.00574252 0.024
    endloop
  endfacet
  facet normal 0.531695 0.466283 0.707023
    outer loop
      vertex -0.00727742 -0.00610648 0.025
      vertex -0.00700413 -0.00641811 0.025
      vertex -0.00626686 -0.00574252 0.024
    endloop
  endfacet
  facet normal 0.510849 0.489032 0.707023
    outer loop
      vertex -0.00626686 -0.00574252 0.024
      vertex -0.00700413 -0.00641811 0.025
      vertex -0.00601041 -0.00601041 0.024
    endloop
  endfacet
  facet normal 0.510849 0.489032 0.707023
    outer loop
      vertex -0.00700413 -0.00641811 0.025
      vertex -0.00671751 -0.00671751 0.025
      vertex -0.00601041 -0.00601041 0.024
    endloop
  endfacet
  facet normal 0.489032 0.510849 0.707023
    outer loop
      vertex -0.00601041 -0.00601041 0.024
      vertex -0.00671751 -0.00671751 0.025
      vertex -0.00574252 -0.00626686 0.024
    endloop
  endfacet
  facet normal 0.489032 0.510849 0.707023
    outer loop
      vertex -0.00671751 -0.00671751 0.025
      vertex -0.00641811 -0.00700413 0.025
      vertex -0.00574252 -0.00626686 0.024
    endloop
  endfacet
  facet normal 0.466283 0.531695 0.707023
    outer loop
      vertex -0.00574252 -0.00626686 0.024
      vertex -0.00641811 -0.00700413 0.025
      vertex -0.00546369 -0.00651138 0.024
    endloop
  endfacet
  facet normal 0.466283 0.531695 0.707023
    outer loop
      vertex -0.00641811 -0.00700413 0.025
      vertex -0.00610648 -0.00727742 0.025
      vertex -0.00546369 -0.00651138 0.024
    endloop
  endfacet
  facet normal 0.442647 0.551527 0.707023
    outer loop
      vertex -0.00546369 -0.00651138 0.024
      vertex -0.00610648 -0.00727742 0.025
      vertex -0.00517447 -0.0067435 0.024
    endloop
  endfacet
  facet normal 0.442648 0.551527 0.707023
    outer loop
      vertex -0.00610648 -0.00727742 0.025
      vertex -0.00578323 -0.00753686 0.025
      vertex -0.00517447 -0.0067435 0.024
    endloop
  endfacet
  facet normal 0.418169 0.57031 0.707023
    outer loop
      vertex -0.00517447 -0.0067435 0.024
      vertex -0.00578323 -0.00753686 0.025
      vertex -0.0048754 -0.00696279 0.024
    endloop
  endfacet
  facet normal 0.418168 0.570311 0.707022
    outer loop
      vertex -0.00578323 -0.00753686 0.025
      vertex -0.00544898 -0.00778194 0.025
      vertex -0.0048754 -0.00696279 0.024
    endloop
  endfacet
  facet normal 0.392894 0.588008 0.707022
    outer loop
      vertex -0.0048754 -0.00696279 0.024
      vertex -0.00544898 -0.00778194 0.025
      vertex -0.00456705 -0.00716883 0.024
    endloop
  endfacet
  facet normal 0.392894 0.588008 0.707023
    outer loop
      vertex -0.00544898 -0.00778194 0.025
      vertex -0.00510435 -0.00801222 0.025
      vertex -0.00456705 -0.00716883 0.024
    endloop
  endfacet
  facet normal 0.366872 0.604586 0.707023
    outer loop
      vertex -0.00456705 -0.00716883 0.024
      vertex -0.00510435 -0.00801222 0.025
      vertex -0.00425 -0.00736122 0.024
    endloop
  endfacet
  facet normal 0.366872 0.604586 0.707022
    outer loop
      vertex -0.00510435 -0.00801222 0.025
      vertex -0.00475 -0.00822724 0.025
      vertex -0.00425 -0.00736122 0.024
    endloop
  endfacet
  facet normal 0.340151 0.620013 0.707022
    outer loop
      vertex -0.00425 -0.00736122 0.024
      vertex -0.00475 -0.00822724 0.025
      vertex -0.00392486 -0.00753959 0.024
    endloop
  endfacet
  facet normal 0.340151 0.620013 0.707022
    outer loop
      vertex -0.00475 -0.00822724 0.025
      vertex -0.00438661 -0.0084266 0.025
      vertex -0.00392486 -0.00753959 0.024
    endloop
  endfacet
  facet normal 0.312782 0.63426 0.707022
    outer loop
      vertex -0.00392486 -0.00753959 0.024
      vertex -0.00438661 -0.0084266 0.025
      vertex -0.00359226 -0.00770362 0.024
    endloop
  endfacet
  facet normal 0.312782 0.634261 0.707022
    outer loop
      vertex -0.00438661 -0.0084266 0.025
      vertex -0.00401487 -0.00860992 0.025
      vertex -0.00359226 -0.00770362 0.024
    endloop
  endfacet
  facet normal 0.284819 0.6473 0.707022
    outer loop
      vertex -0.00359226 -0.00770362 0.024
      vertex -0.00401487 -0.00860992 0.025
      vertex -0.00325281 -0.00785298 0.024
    endloop
  endfacet
  facet normal 0.28482 0.6473 0.707023
    outer loop
      vertex -0.00401487 -0.00860992 0.025
      vertex -0.00363549 -0.00877686 0.025
      vertex -0.00325281 -0.00785298 0.024
    endloop
  endfacet
  facet normal 0.256313 0.659108 0.707023
    outer loop
      vertex -0.00325281 -0.00785298 0.024
      vertex -0.00363549 -0.00877686 0.025
      vertex -0.00290717 -0.00798739 0.024
    endloop
  endfacet
  facet normal 0.256313 0.659108 0.707023
    outer loop
      vertex -0.00363549 -0.00877686 0.025
      vertex -0.00324919 -0.00892708 0.025
      vertex -0.00290717 -0.00798739 0.024
    endloop
  endfacet
  facet normal 0.227319 0.669661 0.707022
    outer loop
      vertex -0.00290717 -0.00798739 0.024
      vertex -0.00324919 -0.00892708 0.025
      vertex -0.002556 -0.00810659 0.024
    endloop
  endfacet
  facet normal 0.227319 0.66966 0.707023
    outer loop
      vertex -0.00324919 -0.00892708 0.025
      vertex -0.00285671 -0.00906031 0.025
      vertex -0.002556 -0.00810659 0.024
    endloop
  endfacet
  facet normal 0.197892 0.678939 0.707023
    outer loop
      vertex -0.002556 -0.00810659 0.024
      vertex -0.00285671 -0.00906031 0.025
      vertex -0.00219996 -0.00821037 0.024
    endloop
  endfacet
  facet normal 0.197892 0.678939 0.707023
    outer loop
      vertex -0.00285671 -0.00906031 0.025
      vertex -0.00245878 -0.0091763 0.025
      vertex -0.00219996 -0.00821037 0.024
    endloop
  endfacet
  facet normal 0.16809 0.686924 0.707023
    outer loop
      vertex -0.00219996 -0.00821037 0.024
      vertex -0.00245878 -0.0091763 0.025
      vertex -0.00183974 -0.00829852 0.024
    endloop
  endfacet
  facet normal 0.16809 0.686924 0.707023
    outer loop
      vertex -0.00245878 -0.0091763 0.025
      vertex -0.00205618 -0.00927481 0.025
      vertex -0.00183974 -0.00829852 0.024
    endloop
  endfacet
  facet normal 0.137966 0.693602 0.707023
    outer loop
      vertex -0.00183974 -0.00829852 0.024
      vertex -0.00205618 -0.00927481 0.025
      vertex -0.00147601 -0.00837087 0.024
    endloop
  endfacet
  facet normal 0.137965 0.693603 0.707022
    outer loop
      vertex -0.00205618 -0.00927481 0.025
      vertex -0.00164966 -0.00935567 0.025
      vertex -0.00147601 -0.00837087 0.024
    endloop
  endfacet
  facet normal 0.107579 0.698961 0.707022
    outer loop
      vertex -0.00147601 -0.00837087 0.024
      vertex -0.00164966 -0.00935567 0.025
      vertex -0.00110947 -0.00842728 0.024
    endloop
  endfacet
  facet normal 0.10758 0.69896 0.707023
    outer loop
      vertex -0.00164966 -0.00935567 0.025
      vertex -0.00124 -0.00941873 0.025
      vertex -0.00110947 -0.00842728 0.024
    endloop
  endfacet
  facet normal 0.07699 0.702988 0.707023
    outer loop
      vertex -0.00110947 -0.00842728 0.024
      vertex -0.00124 -0.00941873 0.025
      vertex -0.000740824 -0.00846765 0.024
    endloop
  endfacet
  facet normal 0.0769898 0.702988 0.707023
    outer loop
      vertex -0.00124 -0.00941873 0.025
      vertex -0.00082798 -0.00946385 0.025
      vertex -0.000740824 -0.00846765 0.024
    endloop
  endfacet
  facet normal 0.0462533 0.705677 0.707023
    outer loop
      vertex -0.000740824 -0.00846765 0.024
      vertex -0.00082798 -0.00946385 0.025
      vertex -0.000370765 -0.00849191 0.024
    endloop
  endfacet
  facet normal 0.0462533 0.705677 0.707023
    outer loop
      vertex -0.00082798 -0.00946385 0.025
      vertex -0.000414384 -0.00949096 0.025
      vertex -0.000370765 -0.00849191 0.024
    endloop
  endfacet
  facet normal 0.0154278 0.707023 0.707023
    outer loop
      vertex -0.000370765 -0.00849191 0.024
      vertex -0.000414384 -0.00949096 0.025
      vertex -3.9309e-17 -0.0085 0.024
    endloop
  endfacet
  facet normal 0.0154262 0.707023 0.707022
    outer loop
      vertex -0.000414384 -0.00949096 0.025
      vertex -4.39336e-17 -0.0095 0.025
      vertex -3.9309e-17 -0.0085 0.024
    endloop
  endfacet
  facet normal -0.0154278 0.707023 0.707022
    outer loop
      vertex -3.9309e-17 -0.0085 0.024
      vertex -4.39336e-17 -0.0095 0.025
      vertex 0.000370765 -0.00849191 0.024
    endloop
  endfacet
  facet normal -0.0154262 0.707023 0.707023
    outer loop
      vertex -4.39336e-17 -0.0095 0.025
      vertex 0.000414384 -0.00949096 0.025
      vertex 0.000370765 -0.00849191 0.024
    endloop
  endfacet
  facet normal -0.0462533 0.705677 0.707023
    outer loop
      vertex 0.000370765 -0.00849191 0.024
      vertex 0.000414384 -0.00949096 0.025
      vertex 0.000740824 -0.00846765 0.024
    endloop
  endfacet
  facet normal -0.0462533 0.705677 0.707023
    outer loop
      vertex 0.000414384 -0.00949096 0.025
      vertex 0.00082798 -0.00946385 0.025
      vertex 0.000740824 -0.00846765 0.024
    endloop
  endfacet
  facet normal -0.07699 0.702988 0.707023
    outer loop
      vertex 0.000740824 -0.00846765 0.024
      vertex 0.00082798 -0.00946385 0.025
      vertex 0.00110947 -0.00842728 0.024
    endloop
  endfacet
  facet normal -0.0769898 0.702988 0.707023
    outer loop
      vertex 0.00082798 -0.00946385 0.025
      vertex 0.00124 -0.00941873 0.025
      vertex 0.00110947 -0.00842728 0.024
    endloop
  endfacet
  facet normal -0.107579 0.69896 0.707023
    outer loop
      vertex 0.00110947 -0.00842728 0.024
      vertex 0.00124 -0.00941873 0.025
      vertex 0.00147601 -0.00837087 0.024
    endloop
  endfacet
  facet normal -0.10758 0.69896 0.707022
    outer loop
      vertex 0.00124 -0.00941873 0.025
      vertex 0.00164966 -0.00935567 0.025
      vertex 0.00147601 -0.00837087 0.024
    endloop
  endfacet
  facet normal -0.137966 0.693603 0.707022
    outer loop
      vertex 0.00147601 -0.00837087 0.024
      vertex 0.00164966 -0.00935567 0.025
      vertex 0.00183974 -0.00829852 0.024
    endloop
  endfacet
  facet normal -0.137965 0.693603 0.707023
    outer loop
      vertex 0.00164966 -0.00935567 0.025
      vertex 0.00205618 -0.00927481 0.025
      vertex 0.00183974 -0.00829852 0.024
    endloop
  endfacet
  facet normal -0.16809 0.686924 0.707023
    outer loop
      vertex 0.00183974 -0.00829852 0.024
      vertex 0.00205618 -0.00927481 0.025
      vertex 0.00219996 -0.00821037 0.024
    endloop
  endfacet
  facet normal -0.16809 0.686924 0.707023
    outer loop
      vertex 0.00205618 -0.00927481 0.025
      vertex 0.00245878 -0.0091763 0.025
      vertex 0.00219996 -0.00821037 0.024
    endloop
  endfacet
  facet normal -0.197892 0.678939 0.707023
    outer loop
      vertex 0.00219996 -0.00821037 0.024
      vertex 0.00245878 -0.0091763 0.025
      vertex 0.002556 -0.00810659 0.024
    endloop
  endfacet
  facet normal -0.197892 0.678939 0.707023
    outer loop
      vertex 0.00245878 -0.0091763 0.025
      vertex 0.00285671 -0.00906031 0.025
      vertex 0.002556 -0.00810659 0.024
    endloop
  endfacet
  facet normal -0.227319 0.669661 0.707023
    outer loop
      vertex 0.002556 -0.00810659 0.024
      vertex 0.00285671 -0.00906031 0.025
      vertex 0.00290717 -0.00798739 0.024
    endloop
  endfacet
  facet normal -0.227319 0.66966 0.707023
    outer loop
      vertex 0.00285671 -0.00906031 0.025
      vertex 0.00324919 -0.00892708 0.025
      vertex 0.00290717 -0.00798739 0.024
    endloop
  endfacet
  facet normal -0.256313 0.659108 0.707023
    outer loop
      vertex 0.00290717 -0.00798739 0.024
      vertex 0.00324919 -0.00892708 0.025
      vertex 0.00325281 -0.00785298 0.024
    endloop
  endfacet
  facet normal -0.256313 0.659108 0.707023
    outer loop
      vertex 0.00324919 -0.00892708 0.025
      vertex 0.00363549 -0.00877686 0.025
      vertex 0.00325281 -0.00785298 0.024
    endloop
  endfacet
  facet normal -0.284819 0.6473 0.707023
    outer loop
      vertex 0.00325281 -0.00785298 0.024
      vertex 0.00363549 -0.00877686 0.025
      vertex 0.00359226 -0.00770362 0.024
    endloop
  endfacet
  facet normal -0.28482 0.6473 0.707022
    outer loop
      vertex 0.00363549 -0.00877686 0.025
      vertex 0.00401487 -0.00860992 0.025
      vertex 0.00359226 -0.00770362 0.024
    endloop
  endfacet
  facet normal -0.312782 0.634261 0.707022
    outer loop
      vertex 0.00359226 -0.00770362 0.024
      vertex 0.00401487 -0.00860992 0.025
      vertex 0.00392486 -0.00753959 0.024
    endloop
  endfacet
  facet normal -0.312782 0.634261 0.707022
    outer loop
      vertex 0.00401487 -0.00860992 0.025
      vertex 0.00438661 -0.0084266 0.025
      vertex 0.00392486 -0.00753959 0.024
    endloop
  endfacet
  facet normal -0.340151 0.620013 0.707022
    outer loop
      vertex 0.00392486 -0.00753959 0.024
      vertex 0.00438661 -0.0084266 0.025
      vertex 0.00425 -0.00736122 0.024
    endloop
  endfacet
  facet normal -0.340151 0.620013 0.707022
    outer loop
      vertex 0.00438661 -0.0084266 0.025
      vertex 0.00475 -0.00822724 0.025
      vertex 0.00425 -0.00736122 0.024
    endloop
  endfacet
  facet normal -0.366872 0.604586 0.707022
    outer loop
      vertex 0.00425 -0.00736122 0.024
      vertex 0.00475 -0.00822724 0.025
      vertex 0.00456705 -0.00716883 0.024
    endloop
  endfacet
  facet normal -0.366872 0.604586 0.707023
    outer loop
      vertex 0.00475 -0.00822724 0.025
      vertex 0.00510435 -0.00801222 0.025
      vertex 0.00456705 -0.00716883 0.024
    endloop
  endfacet
  facet normal -0.392894 0.588008 0.707023
    outer loop
      vertex 0.00456705 -0.00716883 0.024
      vertex 0.00510435 -0.00801222 0.025
      vertex 0.0048754 -0.00696279 0.024
    endloop
  endfacet
  facet normal -0.392894 0.588008 0.707022
    outer loop
      vertex 0.00510435 -0.00801222 0.025
      vertex 0.00544898 -0.00778194 0.025
      vertex 0.0048754 -0.00696279 0.024
    endloop
  endfacet
  facet normal -0.418169 0.57031 0.707022
    outer loop
      vertex 0.0048754 -0.00696279 0.024
      vertex 0.00544898 -0.00778194 0.025
      vertex 0.00517447 -0.0067435 0.024
    endloop
  endfacet
  facet normal -0.418168 0.570311 0.707023
    outer loop
      vertex 0.00544898 -0.00778194 0.025
      vertex 0.00578323 -0.00753686 0.025
      vertex 0.00517447 -0.0067435 0.024
    endloop
  endfacet
  facet normal -0.442647 0.551527 0.707023
    outer loop
      vertex 0.00517447 -0.0067435 0.024
      vertex 0.00578323 -0.00753686 0.025
      vertex 0.00546369 -0.00651138 0.024
    endloop
  endfacet
  facet normal -0.442648 0.551527 0.707023
    outer loop
      vertex 0.00578323 -0.00753686 0.025
      vertex 0.00610648 -0.00727742 0.025
      vertex 0.00546369 -0.00651138 0.024
    endloop
  endfacet
  facet normal -0.466283 0.531695 0.707023
    outer loop
      vertex 0.00546369 -0.00651138 0.024
      vertex 0.00610648 -0.00727742 0.025
      vertex 0.00574252 -0.00626686 0.024
    endloop
  endfacet
  facet normal -0.466283 0.531695 0.707023
    outer loop
      vertex 0.00610648 -0.00727742 0.025
      vertex 0.00641811 -0.00700413 0.025
      vertex 0.00574252 -0.00626686 0.024
    endloop
  endfacet
  facet normal -0.489032 0.510849 0.707023
    outer loop
      vertex 0.00574252 -0.00626686 0.024
      vertex 0.00641811 -0.00700413 0.025
      vertex 0.00601041 -0.00601041 0.024
    endloop
  endfacet
  facet normal -0.489032 0.510849 0.707023
    outer loop
      vertex 0.00641811 -0.00700413 0.025
      vertex 0.00671751 -0.00671751 0.025
      vertex 0.00601041 -0.00601041 0.024
    endloop
  endfacet
  facet normal -0.510849 0.489032 0.707023
    outer loop
      vertex 0.00601041 -0.00601041 0.024
      vertex 0.00671751 -0.00671751 0.025
      vertex 0.00626686 -0.00574252 0.024
    endloop
  endfacet
  facet normal -0.510849 0.489032 0.707023
    outer loop
      vertex 0.00671751 -0.00671751 0.025
      vertex 0.00700413 -0.00641811 0.025
      vertex 0.00626686 -0.00574252 0.024
    endloop
  endfacet
  facet normal -0.531695 0.466283 0.707023
    outer loop
      vertex 0.00626686 -0.00574252 0.024
      vertex 0.00700413 -0.00641811 0.025
      vertex 0.00651138 -0.00546369 0.024
    endloop
  endfacet
  facet normal -0.531695 0.466283 0.707023
    outer loop
      vertex 0.00700413 -0.00641811 0.025
      vertex 0.00727742 -0.00610648 0.025
      vertex 0.00651138 -0.00546369 0.024
    endloop
  endfacet
  facet normal -0.551527 0.442647 0.707023
    outer loop
      vertex 0.00651138 -0.00546369 0.024
      vertex 0.00727742 -0.00610648 0.025
      vertex 0.0067435 -0.00517447 0.024
    endloop
  endfacet
  facet normal -0.551527 0.442648 0.707023
    outer loop
      vertex 0.00727742 -0.00610648 0.025
      vertex 0.00753686 -0.00578323 0.025
      vertex 0.0067435 -0.00517447 0.024
    endloop
  endfacet
  facet normal -0.57031 0.418169 0.707023
    outer loop
      vertex 0.0067435 -0.00517447 0.024
      vertex 0.00753686 -0.00578323 0.025
      vertex 0.00696279 -0.0048754 0.024
    endloop
  endfacet
  facet normal -0.570311 0.418168 0.707022
    outer loop
      vertex 0.00753686 -0.00578323 0.025
      vertex 0.00778194 -0.00544898 0.025
      vertex 0.00696279 -0.0048754 0.024
    endloop
  endfacet
  facet normal -0.588008 0.392894 0.707022
    outer loop
      vertex 0.00696279 -0.0048754 0.024
      vertex 0.00778194 -0.00544898 0.025
      vertex 0.00716883 -0.00456705 0.024
    endloop
  endfacet
  facet normal -0.588008 0.392894 0.707023
    outer loop
      vertex 0.00778194 -0.00544898 0.025
      vertex 0.00801222 -0.00510435 0.025
      vertex 0.00716883 -0.00456705 0.024
    endloop
  endfacet
  facet normal -0.604586 0.366872 0.707023
    outer loop
      vertex 0.00716883 -0.00456705 0.024
      vertex 0.00801222 -0.00510435 0.025
      vertex 0.00736122 -0.00425 0.024
    endloop
  endfacet
  facet normal -0.604586 0.366872 0.707022
    outer loop
      vertex 0.00801222 -0.00510435 0.025
      vertex 0.00822724 -0.00475 0.025
      vertex 0.00736122 -0.00425 0.024
    endloop
  endfacet
  facet normal -0.620013 0.340151 0.707022
    outer loop
      vertex 0.00736122 -0.00425 0.024
      vertex 0.00822724 -0.00475 0.025
      vertex 0.00753959 -0.00392486 0.024
    endloop
  endfacet
  facet normal -0.620013 0.340151 0.707022
    outer loop
      vertex 0.00822724 -0.00475 0.025
      vertex 0.0084266 -0.00438661 0.025
      vertex 0.00753959 -0.00392486 0.024
    endloop
  endfacet
  facet normal -0.63426 0.312782 0.707022
    outer loop
      vertex 0.00753959 -0.00392486 0.024
      vertex 0.0084266 -0.00438661 0.025
      vertex 0.00770362 -0.00359226 0.024
    endloop
  endfacet
  facet normal -0.634261 0.312782 0.707022
    outer loop
      vertex 0.0084266 -0.00438661 0.025
      vertex 0.00860992 -0.00401487 0.025
      vertex 0.00770362 -0.00359226 0.024
    endloop
  endfacet
  facet normal -0.6473 0.284819 0.707022
    outer loop
      vertex 0.00770362 -0.00359226 0.024
      vertex 0.00860992 -0.00401487 0.025
      vertex 0.00785298 -0.00325281 0.024
    endloop
  endfacet
  facet normal -0.6473 0.28482 0.707023
    outer loop
      vertex 0.00860992 -0.00401487 0.025
      vertex 0.00877686 -0.00363549 0.025
      vertex 0.00785298 -0.00325281 0.024
    endloop
  endfacet
  facet normal -0.659108 0.256313 0.707023
    outer loop
      vertex 0.00785298 -0.00325281 0.024
      vertex 0.00877686 -0.00363549 0.025
      vertex 0.00798739 -0.00290717 0.024
    endloop
  endfacet
  facet normal -0.659108 0.256313 0.707023
    outer loop
      vertex 0.00877686 -0.00363549 0.025
      vertex 0.00892708 -0.00324919 0.025
      vertex 0.00798739 -0.00290717 0.024
    endloop
  endfacet
  facet normal -0.669661 0.227319 0.707022
    outer loop
      vertex 0.00798739 -0.00290717 0.024
      vertex 0.00892708 -0.00324919 0.025
      vertex 0.00810659 -0.002556 0.024
    endloop
  endfacet
  facet normal -0.66966 0.227319 0.707023
    outer loop
      vertex 0.00892708 -0.00324919 0.025
      vertex 0.00906031 -0.00285671 0.025
      vertex 0.00810659 -0.002556 0.024
    endloop
  endfacet
  facet normal -0.678939 0.197892 0.707023
    outer loop
      vertex 0.00810659 -0.002556 0.024
      vertex 0.00906031 -0.00285671 0.025
      vertex 0.00821037 -0.00219996 0.024
    endloop
  endfacet
  facet normal -0.678939 0.197892 0.707023
    outer loop
      vertex 0.00906031 -0.00285671 0.025
      vertex 0.0091763 -0.00245878 0.025
      vertex 0.00821037 -0.00219996 0.024
    endloop
  endfacet
  facet normal -0.686924 0.16809 0.707023
    outer loop
      vertex 0.00821037 -0.00219996 0.024
      vertex 0.0091763 -0.00245878 0.025
      vertex 0.00829852 -0.00183974 0.024
    endloop
  endfacet
  facet normal -0.686924 0.16809 0.707023
    outer loop
      vertex 0.0091763 -0.00245878 0.025
      vertex 0.00927481 -0.00205618 0.025
      vertex 0.00829852 -0.00183974 0.024
    endloop
  endfacet
  facet normal -0.693602 0.137966 0.707023
    outer loop
      vertex 0.00829852 -0.00183974 0.024
      vertex 0.00927481 -0.00205618 0.025
      vertex 0.00837087 -0.00147601 0.024
    endloop
  endfacet
  facet normal -0.693603 0.137965 0.707022
    outer loop
      vertex 0.00927481 -0.00205618 0.025
      vertex 0.00935567 -0.00164966 0.025
      vertex 0.00837087 -0.00147601 0.024
    endloop
  endfacet
  facet normal -0.698961 0.107579 0.707022
    outer loop
      vertex 0.00837087 -0.00147601 0.024
      vertex 0.00935567 -0.00164966 0.025
      vertex 0.00842728 -0.00110947 0.024
    endloop
  endfacet
  facet normal -0.69896 0.10758 0.707023
    outer loop
      vertex 0.00935567 -0.00164966 0.025
      vertex 0.00941873 -0.00124 0.025
      vertex 0.00842728 -0.00110947 0.024
    endloop
  endfacet
  facet normal -0.702988 0.07699 0.707023
    outer loop
      vertex 0.00842728 -0.00110947 0.024
      vertex 0.00941873 -0.00124 0.025
      vertex 0.00846765 -0.000740824 0.024
    endloop
  endfacet
  facet normal -0.702988 0.0769898 0.707023
    outer loop
      vertex 0.00941873 -0.00124 0.025
      vertex 0.00946385 -0.00082798 0.025
      vertex 0.00846765 -0.000740824 0.024
    endloop
  endfacet
  facet normal -0.705677 0.0462533 0.707023
    outer loop
      vertex 0.00846765 -0.000740824 0.024
      vertex 0.00946385 -0.00082798 0.025
      vertex 0.00849191 -0.000370765 0.024
    endloop
  endfacet
  facet normal -0.705677 0.0462533 0.707023
    outer loop
      vertex 0.00946385 -0.00082798 0.025
      vertex 0.00949096 -0.000414384 0.025
      vertex 0.00849191 -0.000370765 0.024
    endloop
  endfacet
  facet normal -0.707023 0.0154278 0.707023
    outer loop
      vertex 0.00849191 -0.000370765 0.024
      vertex 0.00949096 -0.000414384 0.025
      vertex 0.0085 5.20475e-19 0.024
    endloop
  endfacet
  facet normal -0.707023 0.0154262 0.707022
    outer loop
      vertex 0.00949096 -0.000414384 0.025
      vertex 0.0095 -1.80635e-18 0.025
      vertex 0.0085 5.20475e-19 0.024
    endloop
  endfacet
  facet normal -0.707023 -0.0154278 0.707022
    outer loop
      vertex 0.0085 5.20475e-19 0.024
      vertex 0.0095 -1.80635e-18 0.025
      vertex 0.00849191 0.000370765 0.024
    endloop
  endfacet
  facet normal -0.707023 -0.0154262 0.707023
    outer loop
      vertex 0.0095 -1.80635e-18 0.025
      vertex 0.00949096 0.000414384 0.025
      vertex 0.00849191 0.000370765 0.024
    endloop
  endfacet
  facet normal 0 1 0
    outer loop
      vertex -0.007 0.0125 0
      vertex -0.007 0.0125 0.025
      vertex 1.73472e-18 0.0125 0
    endloop
  endfacet
  facet normal 0 1 0
    outer loop
      vertex -0.007 0.0125 0.025
      vertex 0.007 0.0125 0.025
      vertex 1.73472e-18 0.0125 0
    endloop
  endfacet
  facet normal 0 1 0
    outer loop
      vertex 1.73472e-18 0.0125 0
      vertex 0.007 0.0125 0.025
      vertex 0.007 0.0125 0
    endloop
  endfacet
  facet normal 0 0 1
    outer loop
      vertex 0.0104911 0.0151181 0
      vertex 0.0106072 0.0152032 0
      vertex 1.73472e-18 0.02 0
    endloop
  endfacet
  facet normal 0 0 1
    outer loop
      vertex 0.02 0.02 0
      vertex 0.0157969 0.0123561 0
      vertex 0.02 -3.46945e-18 0
    endloop
  endfacet
  facet normal 0 0 1
    outer loop
      vertex 0.0157969 0.0123561 0
      vertex 0.0157874 0.0122124 0
      vertex 0.02 -3.46945e-18 0
    endloop
  endfacet
  facet normal 0 0 1
    outer loop
      vertex 0.02 -3.46945e-18 0
      vertex 0.0157874 0.0122124 0
      vertex 0.0157718 0.0120693 0
    endloop
  endfacet
  facet normal 0 0 1
    outer loop
      vertex 0.0153579 0.01085 0
      vertex 0.0152832 0.0107269 0
      vertex 0.02 -3.46945e-18 0
    endloop
  endfacet
  facet normal 0 0 1
    outer loop
      vertex 0.0152832 0.0107269 0
      vertex 0.0152032 0.0106072 0
      vertex 0.02 -3.46945e-18 0
    endloop
  endfacet
  facet normal 0 0 1
    outer loop
      vertex 0.02 -3.46945e-18 0
      vertex 0.0152032 0.0106072 0
      vertex 0.0151181 0.0104911 0
    endloop
  endfacet
  facet normal 0 0 1
    outer loop
      vertex 0.0104911 0.0151181 0
      vertex 1.73472e-18 0.02 0
      vertex 0.007 0.0125 0
    endloop
  endfacet
  facet normal 0 0 1
    outer loop
      vertex 0.0157718 0.0129307 0
      vertex 0.0157874 0.0127876 0
      vertex 0.02 0.02 0
    endloop
  endfacet
  facet normal 0 0 1
    outer loop
      vertex 0.0157718 0.0120693 0
      vertex 0.0157499 0.011927 0
      vertex 0.02 -3.46945e-18 0
    endloop
  endfacet
  facet normal 0 0 1
    outer loop
      vertex 0.0157499 0.011927 0
      vertex 0.0157218 0.0117857 0
      vertex 0.02 -3.46945e-18 0
    endloop
  endfacet
  facet normal 0 0 1
    outer loop
      vertex 0.02 -3.46945e-18 0
      vertex 0.0157218 0.0117857 0
      vertex 0.0156876 0.0116459 0
    endloop
  endfacet
  facet normal 0 0 1
    outer loop
      vertex 0.0156876 0.0116459 0
      vertex 0.0156473 0.0115077 0
      vertex 0.02 -3.46945e-18 0
    endloop
  endfacet
  facet normal 0 0 1
    outer loop
      vertex 0.0156473 0.0115077 0
      vertex 0.015601 0.0113713 0
      vertex 0.02 -3.46945e-18 0
    endloop
  endfacet
  facet normal 0 0 1
    outer loop
      vertex 0.02 -3.46945e-18 0
      vertex 0.015601 0.0113713 0
      vertex 0.0155488 0.0112371 0
    endloop
  endfacet
  facet normal 0 0 1
    outer loop
      vertex 0.0155488 0.0112371 0
      vertex 0.0154908 0.0111054 0
      vertex 0.02 -3.46945e-18 0
    endloop
  endfacet
  facet normal 0 0 1
    outer loop
      vertex 0.0154908 0.0111054 0
      vertex 0.0154271 0.0109762 0
      vertex 0.02 -3.46945e-18 0
    endloop
  endfacet
  facet normal 0 0 1
    outer loop
      vertex 0.02 -3.46945e-18 0
      vertex 0.0154271 0.0109762 0
      vertex 0.0153579 0.01085 0
    endloop
  endfacet
  facet normal 0 0 1
    outer loop
      vertex 0.0106072 0.0152032 0
      vertex 0.0107269 0.0152832 0
      vertex 1.73472e-18 0.02 0
    endloop
  endfacet
  facet normal 0 0 1
    outer loop
      vertex 0.0107269 0.0152832 0
      vertex 0.01085 0.0153579 0
      vertex 1.73472e-18 0.02 0
    endloop
  endfacet
  facet normal 0 0 1
    outer loop
      vertex 1.73472e-18 0.02 0
      vertex 0.01085 0.0153579 0
      vertex 0.0109762 0.0154271 0
    endloop
  endfacet
  facet normal 0 0 1
    outer loop
      vertex 0.0109762 0.0154271 0
      vertex 0.0111054 0.0154908 0
      vertex 1.73472e-18 0.02 0
    endloop
  endfacet
  facet normal 0 0 1
    outer loop
      vertex 0.0111054 0.0154908 0
      vertex 0.0112371 0.0155488 0
      vertex 1.73472e-18 0.02 0
    endloop
  endfacet
  facet normal 0 0 1
    outer loop
      vertex 1.73472e-18 0.02 0
      vertex 0.0112371 0.0155488 0
      vertex 0.0113713 0.015601 0
    endloop
  endfacet
  facet normal 0 0 1
    outer loop
      vertex 0.0146212 0.0150279 0
      vertex 0.0147294 0.014933 0
      vertex 0.02 0.02 0
    endloop
  endfacet
  facet normal 0 0 1
    outer loop
      vertex 0.02 0.02 0
      vertex 0.0156473 0.0134923 0
      vertex 0.0156876 0.0133541 0
    endloop
  endfacet
  facet normal 0 0 1
    outer loop
      vertex 0.0157874 0.0127876 0
      vertex 0.0157969 0.0126439 0
      vertex 0.02 0.02 0
    endloop
  endfacet
  facet normal 0 0 1
    outer loop
      vertex 0.0157969 0.0126439 0
      vertex 0.0158 0.0125 0
      vertex 0.02 0.02 0
    endloop
  endfacet
  facet normal 0 0 1
    outer loop
      vertex 0.02 0.02 0
      vertex 0.0158 0.0125 0
      vertex 0.0157969 0.0123561 0
    endloop
  endfacet
  facet normal 0 0 1
    outer loop
      vertex 0.0142731 0.00971681 0
      vertex 0.01415 0.00964212 0
      vertex 0.0125 0.007 0
    endloop
  endfacet
  facet normal 0 0 1
    outer loop
      vertex 0.00920314 0.0126439 0
      vertex 0.00921256 0.0127876 0
      vertex 0.007 0.0125 0
    endloop
  endfacet
  facet normal 0 0 1
    outer loop
      vertex 0.00921256 0.0127876 0
      vertex 0.00922823 0.0129307 0
      vertex 0.007 0.0125 0
    endloop
  endfacet
  facet normal 0 0 1
    outer loop
      vertex 0.0113713 0.015601 0
      vertex 0.0115077 0.0156473 0
      vertex 1.73472e-18 0.02 0
    endloop
  endfacet
  facet normal 0 0 1
    outer loop
      vertex 0.0115077 0.0156473 0
      vertex 0.0116459 0.0156876 0
      vertex 1.73472e-18 0.02 0
    endloop
  endfacet
  facet normal 0 0 1
    outer loop
      vertex 1.73472e-18 0.02 0
      vertex 0.0116459 0.0156876 0
      vertex 0.0117857 0.0157218 0
    endloop
  endfacet
  facet normal 0 0 1
    outer loop
      vertex 0.02 0.02 0
      vertex 0.0123561 0.0157969 0
      vertex 0.0125 0.0158 0
    endloop
  endfacet
  facet normal 0 0 1
    outer loop
      vertex 0.0146212 0.0150279 0
      vertex 0.02 0.02 0
      vertex 0.0145089 0.0151181 0
    endloop
  endfacet
  facet normal 0 0 1
    outer loop
      vertex 0.0156876 0.0133541 0
      vertex 0.0157218 0.0132143 0
      vertex 0.02 0.02 0
    endloop
  endfacet
  facet normal 0 0 1
    outer loop
      vertex 0.0157218 0.0132143 0
      vertex 0.0157499 0.013073 0
      vertex 0.02 0.02 0
    endloop
  endfacet
  facet normal 0 0 1
    outer loop
      vertex 0.02 0.02 0
      vertex 0.0157499 0.013073 0
      vertex 0.0157718 0.0129307 0
    endloop
  endfacet
  facet normal 0 0 1
    outer loop
      vertex 0.014933 0.0102706 0
      vertex 0.0148335 0.0101665 0
      vertex 0.0125 0.007 0
    endloop
  endfacet
  facet normal 0 0 1
    outer loop
      vertex 0.0148335 0.0101665 0
      vertex 0.0147294 0.010067 0
      vertex 0.0125 0.007 0
    endloop
  endfacet
  facet normal 0 0 1
    outer loop
      vertex 0.0125 0.007 0
      vertex 0.0147294 0.010067 0
      vertex 0.0146212 0.00997205 0
    endloop
  endfacet
  facet normal 0 0 1
    outer loop
      vertex 0.0125 0.007 0
      vertex 0.0133541 0.00931244 0
      vertex 0.0132143 0.00927822 0
    endloop
  endfacet
  facet normal 0 0 1
    outer loop
      vertex 0.0132143 0.00927822 0
      vertex 0.013073 0.00925013 0
      vertex 0.0125 0.007 0
    endloop
  endfacet
  facet normal 0 0 1
    outer loop
      vertex 0.013073 0.00925013 0
      vertex 0.0129307 0.00922823 0
      vertex 0.0125 0.007 0
    endloop
  endfacet
  facet normal 0 0 1
    outer loop
      vertex 0.0125 0.007 0
      vertex 0.0129307 0.00922823 0
      vertex 0.0127876 0.00921256 0
    endloop
  endfacet
  facet normal 0 0 1
    outer loop
      vertex 0.00922823 0.0129307 0
      vertex 0.00925013 0.013073 0
      vertex 0.007 0.0125 0
    endloop
  endfacet
  facet normal 0 0 1
    outer loop
      vertex 0.00925013 0.013073 0
      vertex 0.00927822 0.0132143 0
      vertex 0.007 0.0125 0
    endloop
  endfacet
  facet normal 0 0 1
    outer loop
      vertex 0.007 0.0125 0
      vertex 0.00927822 0.0132143 0
      vertex 0.00931244 0.0133541 0
    endloop
  endfacet
  facet normal 0 0 1
    outer loop
      vertex 0.00931244 0.0133541 0
      vertex 0.00935273 0.0134923 0
      vertex 0.007 0.0125 0
    endloop
  endfacet
  facet normal 0 0 1
    outer loop
      vertex 0.00935273 0.0134923 0
      vertex 0.00939901 0.0136287 0
      vertex 0.007 0.0125 0
    endloop
  endfacet
  facet normal 0 0 1
    outer loop
      vertex 0.007 0.0125 0
      vertex 0.00939901 0.0136287 0
      vertex 0.0094512 0.0137629 0
    endloop
  endfacet
  facet normal 0 0 1
    outer loop
      vertex 0.0094512 0.0137629 0
      vertex 0.00950918 0.0138946 0
      vertex 0.007 0.0125 0
    endloop
  endfacet
  facet normal 0 0 1
    outer loop
      vertex 0.00950918 0.0138946 0
      vertex 0.00957286 0.0140238 0
      vertex 0.007 0.0125 0
    endloop
  endfacet
  facet normal 0 0 1
    outer loop
      vertex 0.007 0.0125 0
      vertex 0.00957286 0.0140238 0
      vertex 0.00964212 0.01415 0
    endloop
  endfacet
  facet normal 0 0 1
    outer loop
      vertex 0.00964212 0.01415 0
      vertex 0.00971681 0.0142731 0
      vertex 0.007 0.0125 0
    endloop
  endfacet
  facet normal 0 0 1
    outer loop
      vertex 0.00971681 0.0142731 0
      vertex 0.0097968 0.0143928 0
      vertex 0.007 0.0125 0
    endloop
  endfacet
  facet normal 0 0 1
    outer loop
      vertex 0.007 0.0125 0
      vertex 0.0097968 0.0143928 0
      vertex 0.00988193 0.0145089 0
    endloop
  endfacet
  facet normal 0 0 1
    outer loop
      vertex 0.0147294 0.014933 0
      vertex 0.0148335 0.0148335 0
      vertex 0.02 0.02 0
    endloop
  endfacet
  facet normal 0 0 1
    outer loop
      vertex 0.0148335 0.0148335 0
      vertex 0.014933 0.0147294 0
      vertex 0.02 0.02 0
    endloop
  endfacet
  facet normal 0 0 1
    outer loop
      vertex 0.02 0.02 0
      vertex 0.014933 0.0147294 0
      vertex 0.0150279 0.0146212 0
    endloop
  endfacet
  facet normal 0 0 1
    outer loop
      vertex 0.0152832 0.0142731 0
      vertex 0.0153579 0.01415 0
      vertex 0.02 0.02 0
    endloop
  endfacet
  facet normal 0 0 1
    outer loop
      vertex 0.0153579 0.01415 0
      vertex 0.0154271 0.0140238 0
      vertex 0.02 0.02 0
    endloop
  endfacet
  facet normal 0 0 1
    outer loop
      vertex 0.02 0.02 0
      vertex 0.0154271 0.0140238 0
      vertex 0.0154908 0.0138946 0
    endloop
  endfacet
  facet normal 0 0 1
    outer loop
      vertex 0.0154908 0.0138946 0
      vertex 0.0155488 0.0137629 0
      vertex 0.02 0.02 0
    endloop
  endfacet
  facet normal 0 0 1
    outer loop
      vertex 0.0155488 0.0137629 0
      vertex 0.015601 0.0136287 0
      vertex 0.02 0.02 0
    endloop
  endfacet
  facet normal 0 0 1
    outer loop
      vertex 0.02 0.02 0
      vertex 0.015601 0.0136287 0
      vertex 0.0156473 0.0134923 0
    endloop
  endfacet
  facet normal 0 0 1
    outer loop
      vertex 0.0146212 0.00997205 0
      vertex 0.0145089 0.00988193 0
      vertex 0.0125 0.007 0
    endloop
  endfacet
  facet normal 0 0 1
    outer loop
      vertex 0.0145089 0.00988193 0
      vertex 0.0143928 0.0097968 0
      vertex 0.0125 0.007 0
    endloop
  endfacet
  facet normal 0 0 1
    outer loop
      vertex 0.0125 0.007 0
      vertex 0.0143928 0.0097968 0
      vertex 0.0142731 0.00971681 0
    endloop
  endfacet
  facet normal 0 0 1
    outer loop
      vertex 0.01415 0.00964212 0
      vertex 0.0140238 0.00957286 0
      vertex 0.0125 0.007 0
    endloop
  endfacet
  facet normal 0 0 1
    outer loop
      vertex 0.0140238 0.00957286 0
      vertex 0.0138946 0.00950918 0
      vertex 0.0125 0.007 0
    endloop
  endfacet
  facet normal 0 0 1
    outer loop
      vertex 0.0125 0.007 0
      vertex 0.0138946 0.00950918 0
      vertex 0.0137629 0.0094512 0
    endloop
  endfacet
  facet normal 0 0 1
    outer loop
      vertex 0.00988193 0.0145089 0
      vertex 0.00997205 0.0146212 0
      vertex 0.007 0.0125 0
    endloop
  endfacet
  facet normal 0 0 1
    outer loop
      vertex 0.00997205 0.0146212 0
      vertex 0.010067 0.0147294 0
      vertex 0.007 0.0125 0
    endloop
  endfacet
  facet normal 0 0 1
    outer loop
      vertex 0.007 0.0125 0
      vertex 0.010067 0.0147294 0
      vertex 0.0101665 0.0148335 0
    endloop
  endfacet
  facet normal 0 0 1
    outer loop
      vertex 0.0117857 0.0157218 0
      vertex 0.011927 0.0157499 0
      vertex 1.73472e-18 0.02 0
    endloop
  endfacet
  facet normal 0 0 1
    outer loop
      vertex 0.011927 0.0157499 0
      vertex 0.0120693 0.0157718 0
      vertex 1.73472e-18 0.02 0
    endloop
  endfacet
  facet normal 0 0 1
    outer loop
      vertex 1.73472e-18 0.02 0
      vertex 0.0120693 0.0157718 0
      vertex 0.02 0.02 0
    endloop
  endfacet
  facet normal 0 0 1
    outer loop
      vertex 0.0120693 0.0157718 0
      vertex 0.0122124 0.0157874 0
      vertex 0.02 0.02 0
    endloop
  endfacet
  facet normal 0 0 1
    outer loop
      vertex 0.02 0.02 0
      vertex 0.0122124 0.0157874 0
      vertex 0.0123561 0.0157969 0
    endloop
  endfacet
  facet normal 0 0 1
    outer loop
      vertex 0.0125 0.0158 0
      vertex 0.0126439 0.0157969 0
      vertex 0.02 0.02 0
    endloop
  endfacet
  facet normal 0 0 1
    outer loop
      vertex 0.0126439 0.0157969 0
      vertex 0.0127876 0.0157874 0
      vertex 0.02 0.02 0
    endloop
  endfacet
  facet normal 0 0 1
    outer loop
      vertex 0.02 0.02 0
      vertex 0.0127876 0.0157874 0
      vertex 0.0129307 0.0157718 0
    endloop
  endfacet
  facet normal 0 0 1
    outer loop
      vertex 0.0150279 0.0146212 0
      vertex 0.0151181 0.0145089 0
      vertex 0.02 0.02 0
    endloop
  endfacet
  facet normal 0 0 1
    outer loop
      vertex 0.0151181 0.0145089 0
      vertex 0.0152032 0.0143928 0
      vertex 0.02 0.02 0
    endloop
  endfacet
  facet normal 0 0 1
    outer loop
      vertex 0.02 0.02 0
      vertex 0.0152032 0.0143928 0
      vertex 0.0152832 0.0142731 0
    endloop
  endfacet
  facet normal 0 0 1
    outer loop
      vertex 0.0137629 0.0094512 0
      vertex 0.0136287 0.00939901 0
      vertex 0.0125 0.007 0
    endloop
  endfacet
  facet normal 0 0 1
    outer loop
      vertex 0.0136287 0.00939901 0
      vertex 0.0134923 0.00935273 0
      vertex 0.0125 0.007 0
    endloop
  endfacet
  facet normal 0 0 1
    outer loop
      vertex 0.0125 0.007 0
      vertex 0.0134923 0.00935273 0
      vertex 0.0133541 0.00931244 0
    endloop
  endfacet
  facet normal 0 0 1
    outer loop
      vertex 0.0101665 0.0148335 0
      vertex 0.0102706 0.014933 0
      vertex 0.007 0.0125 0
    endloop
  endfacet
  facet normal 0 0 1
    outer loop
      vertex 0.0102706 0.014933 0
      vertex 0.0103788 0.0150279 0
      vertex 0.007 0.0125 0
    endloop
  endfacet
  facet normal 0 0 1
    outer loop
      vertex 0.007 0.0125 0
      vertex 0.0103788 0.0150279 0
      vertex 0.0104911 0.0151181 0
    endloop
  endfacet
  facet normal 0 0 1
    outer loop
      vertex 0.0129307 0.0157718 0
      vertex 0.013073 0.0157499 0
      vertex 0.02 0.02 0
    endloop
  endfacet
  facet normal 0 0 1
    outer loop
      vertex 0.013073 0.0157499 0
      vertex 0.0132143 0.0157218 0
      vertex 0.02 0.02 0
    endloop
  endfacet
  facet normal 0 0 1
    outer loop
      vertex 0.02 0.02 0
      vertex 0.0132143 0.0157218 0
      vertex 0.0133541 0.0156876 0
    endloop
  endfacet
  facet normal 0 0 1
    outer loop
      vertex 0.0133541 0.0156876 0
      vertex 0.0134923 0.0156473 0
      vertex 0.02 0.02 0
    endloop
  endfacet
  facet normal 0 0 1
    outer loop
      vertex 0.0134923 0.0156473 0
      vertex 0.0136287 0.015601 0
      vertex 0.02 0.02 0
    endloop
  endfacet
  facet normal 0 0 1
    outer loop
      vertex 0.02 0.02 0
      vertex 0.0136287 0.015601 0
      vertex 0.0137629 0.0155488 0
    endloop
  endfacet
  facet normal 0 0 1
    outer loop
      vertex 0.0137629 0.0155488 0
      vertex 0.0138946 0.0154908 0
      vertex 0.02 0.02 0
    endloop
  endfacet
  facet normal 0 0 1
    outer loop
      vertex 0.0138946 0.0154908 0
      vertex 0.0140238 0.0154271 0
      vertex 0.02 0.02 0
    endloop
  endfacet
  facet normal 0 0 1
    outer loop
      vertex 0.02 0.02 0
      vertex 0.0140238 0.0154271 0
      vertex 0.01415 0.0153579 0
    endloop
  endfacet
  facet normal 0 0 1
    outer loop
      vertex 0.01415 0.0153579 0
      vertex 0.0142731 0.0152832 0
      vertex 0.02 0.02 0
    endloop
  endfacet
  facet normal 0 0 1
    outer loop
      vertex 0.0142731 0.0152832 0
      vertex 0.0143928 0.0152032 0
      vertex 0.02 0.02 0
    endloop
  endfacet
  facet normal 0 0 1
    outer loop
      vertex 0.02 0.02 0
      vertex 0.0143928 0.0152032 0
      vertex 0.0145089 0.0151181 0
    endloop
  endfacet
  facet normal 0 0 1
    outer loop
      vertex 0.0127876 0.00921256 0
      vertex 0.0126439 0.00920314 0
      vertex 0.0125 0.007 0
    endloop
  endfacet
  facet normal 0 0 1
    outer loop
      vertex 0.0126439 0.00920314 0
      vertex 0.0125 0.0092 0
      vertex 0.0125 0.007 0
    endloop
  endfacet
  facet normal 0 0 1
    outer loop
      vertex 0.0125 0.007 0
      vertex 0.0125 0.0092 0
      vertex 0.0122601 0.00700523 0
    endloop
  endfacet
  facet normal 0 0 1
    outer loop
      vertex 0.0125 0.0092 0
      vertex 0.0123561 0.00920314 0
      vertex 0.0122601 0.00700523 0
    endloop
  endfacet
  facet normal 0 0 1
    outer loop
      vertex 0.0122601 0.00700523 0
      vertex 0.0123561 0.00920314 0
      vertex 0.0120206 0.00702093 0
    endloop
  endfacet
  facet normal 0 0 1
    outer loop
      vertex 0.0123561 0.00920314 0
      vertex 0.0122124 0.00921256 0
      vertex 0.0120206 0.00702093 0
    endloop
  endfacet
  facet normal 0 0 1
    outer loop
      vertex 0.0120206 0.00702093 0
      vertex 0.0122124 0.00921256 0
      vertex 0.0117821 0.00704705 0
    endloop
  endfacet
  facet normal 0 0 1
    outer loop
      vertex 0.0122124 0.00921256 0
      vertex 0.0120693 0.00922823 0
      vertex 0.0117821 0.00704705 0
    endloop
  endfacet
  facet normal 0 0 1
    outer loop
      vertex 0.0117821 0.00704705 0
      vertex 0.0120693 0.00922823 0
      vertex 0.0115449 0.00708356 0
    endloop
  endfacet
  facet normal 0 0 1
    outer loop
      vertex 0.0120693 0.00922823 0
      vertex 0.011927 0.00925013 0
      vertex 0.0115449 0.00708356 0
    endloop
  endfacet
  facet normal 0 0 1
    outer loop
      vertex 0.0115449 0.00708356 0
      vertex 0.011927 0.00925013 0
      vertex 0.0113096 0.00713037 0
    endloop
  endfacet
  facet normal 0 0 1
    outer loop
      vertex 0.011927 0.00925013 0
      vertex 0.0117857 0.00927822 0
      vertex 0.0113096 0.00713037 0
    endloop
  endfacet
  facet normal 0 0 1
    outer loop
      vertex 0.0113096 0.00713037 0
      vertex 0.0117857 0.00927822 0
      vertex 0.0110765 0.00718741 0
    endloop
  endfacet
  facet normal 0 0 1
    outer loop
      vertex 0.0117857 0.00927822 0
      vertex 0.0116459 0.00931244 0
      vertex 0.0110765 0.00718741 0
    endloop
  endfacet
  facet normal 0 0 1
    outer loop
      vertex 0.0110765 0.00718741 0
      vertex 0.0116459 0.00931244 0
      vertex 0.0108461 0.00725456 0
    endloop
  endfacet
  facet normal 0 0 1
    outer loop
      vertex 0.0116459 0.00931244 0
      vertex 0.0115077 0.00935273 0
      vertex 0.0108461 0.00725456 0
    endloop
  endfacet
  facet normal 0 0 1
    outer loop
      vertex 0.0108461 0.00725456 0
      vertex 0.0115077 0.00935273 0
      vertex 0.0106189 0.00733169 0
    endloop
  endfacet
  facet normal 0 0 1
    outer loop
      vertex 0.0115077 0.00935273 0
      vertex 0.0113713 0.00939901 0
      vertex 0.0106189 0.00733169 0
    endloop
  endfacet
  facet normal 0 0 1
    outer loop
      vertex 0.0106189 0.00733169 0
      vertex 0.0113713 0.00939901 0
      vertex 0.0103952 0.00741866 0
    endloop
  endfacet
  facet normal 0 0 1
    outer loop
      vertex 0.0113713 0.00939901 0
      vertex 0.0112371 0.0094512 0
      vertex 0.0103952 0.00741866 0
    endloop
  endfacet
  facet normal 0 0 1
    outer loop
      vertex 0.0103952 0.00741866 0
      vertex 0.0112371 0.0094512 0
      vertex 0.0101756 0.00751531 0
    endloop
  endfacet
  facet normal 0 0 1
    outer loop
      vertex 0.0112371 0.0094512 0
      vertex 0.0111054 0.00950918 0
      vertex 0.0101756 0.00751531 0
    endloop
  endfacet
  facet normal 0 0 1
    outer loop
      vertex 0.0101756 0.00751531 0
      vertex 0.0111054 0.00950918 0
      vertex 0.00996038 0.00762144 0
    endloop
  endfacet
  facet normal 0 0 1
    outer loop
      vertex 0.0111054 0.00950918 0
      vertex 0.0109762 0.00957286 0
      vertex 0.00996038 0.00762144 0
    endloop
  endfacet
  facet normal 0 0 1
    outer loop
      vertex 0.00996038 0.00762144 0
      vertex 0.0109762 0.00957286 0
      vertex 0.00975 0.00773686 0
    endloop
  endfacet
  facet normal 0 0 1
    outer loop
      vertex 0.0109762 0.00957286 0
      vertex 0.01085 0.00964212 0
      vertex 0.00975 0.00773686 0
    endloop
  endfacet
  facet normal 0 0 1
    outer loop
      vertex 0.00975 0.00773686 0
      vertex 0.01085 0.00964212 0
      vertex 0.00954485 0.00786135 0
    endloop
  endfacet
  facet normal 0 0 1
    outer loop
      vertex 0.01085 0.00964212 0
      vertex 0.0107269 0.00971681 0
      vertex 0.00954485 0.00786135 0
    endloop
  endfacet
  facet normal 0 0 1
    outer loop
      vertex 0.00954485 0.00786135 0
      vertex 0.0107269 0.00971681 0
      vertex 0.00934533 0.00799466 0
    endloop
  endfacet
  facet normal 0 0 1
    outer loop
      vertex 0.0107269 0.00971681 0
      vertex 0.0106072 0.0097968 0
      vertex 0.00934533 0.00799466 0
    endloop
  endfacet
  facet normal 0 0 1
    outer loop
      vertex 0.00934533 0.00799466 0
      vertex 0.0106072 0.0097968 0
      vertex 0.00915181 0.00813656 0
    endloop
  endfacet
  facet normal 0 0 1
    outer loop
      vertex 0.0106072 0.0097968 0
      vertex 0.0104911 0.00988193 0
      vertex 0.00915181 0.00813656 0
    endloop
  endfacet
  facet normal 0 0 1
    outer loop
      vertex 0.00915181 0.00813656 0
      vertex 0.0104911 0.00988193 0
      vertex 0.00896467 0.00828676 0
    endloop
  endfacet
  facet normal 0 0 1
    outer loop
      vertex 0.0104911 0.00988193 0
      vertex 0.0103788 0.00997205 0
      vertex 0.00896467 0.00828676 0
    endloop
  endfacet
  facet normal 0 0 1
    outer loop
      vertex 0.00896467 0.00828676 0
      vertex 0.0103788 0.00997205 0
      vertex 0.00878425 0.00844497 0
    endloop
  endfacet
  facet normal 0 0 1
    outer loop
      vertex 0.0103788 0.00997205 0
      vertex 0.0102706 0.010067 0
      vertex 0.00878425 0.00844497 0
    endloop
  endfacet
  facet normal 0 0 1
    outer loop
      vertex 0.00878425 0.00844497 0
      vertex 0.0102706 0.010067 0
      vertex 0.00861091 0.00861091 0
    endloop
  endfacet
  facet normal 0 0 1
    outer loop
      vertex 0.0102706 0.010067 0
      vertex 0.0101665 0.0101665 0
      vertex 0.00861091 0.00861091 0
    endloop
  endfacet
  facet normal 0 0 1
    outer loop
      vertex 0.00861091 0.00861091 0
      vertex 0.0101665 0.0101665 0
      vertex 0.00844497 0.00878425 0
    endloop
  endfacet
  facet normal 0 0 1
    outer loop
      vertex 0.0101665 0.0101665 0
      vertex 0.010067 0.0102706 0
      vertex 0.00844497 0.00878425 0
    endloop
  endfacet
  facet normal 0 0 1
    outer loop
      vertex 0.00844497 0.00878425 0
      vertex 0.010067 0.0102706 0
      vertex 0.00828676 0.00896467 0
    endloop
  endfacet
  facet normal 0 0 1
    outer loop
      vertex 0.010067 0.0102706 0
      vertex 0.00997205 0.0103788 0
      vertex 0.00828676 0.00896467 0
    endloop
  endfacet
  facet normal 0 0 1
    outer loop
      vertex 0.00828676 0.00896467 0
      vertex 0.00997205 0.0103788 0
      vertex 0.00813656 0.00915181 0
    endloop
  endfacet
  facet normal 0 0 1
    outer loop
      vertex 0.00997205 0.0103788 0
      vertex 0.00988193 0.0104911 0
      vertex 0.00813656 0.00915181 0
    endloop
  endfacet
  facet normal 0 0 1
    outer loop
      vertex 0.00813656 0.00915181 0
      vertex 0.00988193 0.0104911 0
      vertex 0.00799466 0.00934533 0
    endloop
  endfacet
  facet normal 0 0 1
    outer loop
      vertex 0.00988193 0.0104911 0
      vertex 0.0097968 0.0106072 0
      vertex 0.00799466 0.00934533 0
    endloop
  endfacet
  facet normal 0 0 1
    outer loop
      vertex 0.00799466 0.00934533 0
      vertex 0.0097968 0.0106072 0
      vertex 0.00786135 0.00954485 0
    endloop
  endfacet
  facet normal 0 0 1
    outer loop
      vertex 0.0097968 0.0106072 0
      vertex 0.00971681 0.0107269 0
      vertex 0.00786135 0.00954485 0
    endloop
  endfacet
  facet normal 0 0 1
    outer loop
      vertex 0.00786135 0.00954485 0
      vertex 0.00971681 0.0107269 0
      vertex 0.00773686 0.00975 0
    endloop
  endfacet
  facet normal 0 0 1
    outer loop
      vertex 0.00971681 0.0107269 0
      vertex 0.00964212 0.01085 0
      vertex 0.00773686 0.00975 0
    endloop
  endfacet
  facet normal 0 0 1
    outer loop
      vertex 0.00773686 0.00975 0
      vertex 0.00964212 0.01085 0
      vertex 0.00762144 0.00996038 0
    endloop
  endfacet
  facet normal 0 0 1
    outer loop
      vertex 0.00964212 0.01085 0
      vertex 0.00957286 0.0109762 0
      vertex 0.00762144 0.00996038 0
    endloop
  endfacet
  facet normal 0 0 1
    outer loop
      vertex 0.00762144 0.00996038 0
      vertex 0.00957286 0.0109762 0
      vertex 0.00751531 0.0101756 0
    endloop
  endfacet
  facet normal 0 0 1
    outer loop
      vertex 0.00957286 0.0109762 0
      vertex 0.00950918 0.0111054 0
      vertex 0.00751531 0.0101756 0
    endloop
  endfacet
  facet normal 0 0 1
    outer loop
      vertex 0.00751531 0.0101756 0
      vertex 0.00950918 0.0111054 0
      vertex 0.00741866 0.0103952 0
    endloop
  endfacet
  facet normal 0 0 1
    outer loop
      vertex 0.00950918 0.0111054 0
      vertex 0.0094512 0.0112371 0
      vertex 0.00741866 0.0103952 0
    endloop
  endfacet
  facet normal 0 0 1
    outer loop
      vertex 0.00741866 0.0103952 0
      vertex 0.0094512 0.0112371 0
      vertex 0.00733169 0.0106189 0
    endloop
  endfacet
  facet normal 0 0 1
    outer loop
      vertex 0.0094512 0.0112371 0
      vertex 0.00939901 0.0113713 0
      vertex 0.00733169 0.0106189 0
    endloop
  endfacet
  facet normal 0 0 1
    outer loop
      vertex 0.00733169 0.0106189 0
      vertex 0.00939901 0.0113713 0
      vertex 0.00725456 0.0108461 0
    endloop
  endfacet
  facet normal 0 0 1
    outer loop
      vertex 0.00939901 0.0113713 0
      vertex 0.00935273 0.0115077 0
      vertex 0.00725456 0.0108461 0
    endloop
  endfacet
  facet normal 0 0 1
    outer loop
      vertex 0.00725456 0.0108461 0
      vertex 0.00935273 0.0115077 0
      vertex 0.00718741 0.0110765 0
    endloop
  endfacet
  facet normal 0 0 1
    outer loop
      vertex 0.00935273 0.0115077 0
      vertex 0.00931244 0.0116459 0
      vertex 0.00718741 0.0110765 0
    endloop
  endfacet
  facet normal 0 0 1
    outer loop
      vertex 0.00718741 0.0110765 0
      vertex 0.00931244 0.0116459 0
      vertex 0.00713037 0.0113096 0
    endloop
  endfacet
  facet normal 0 0 1
    outer loop
      vertex 0.00931244 0.0116459 0
      vertex 0.00927822 0.0117857 0
      vertex 0.00713037 0.0113096 0
    endloop
  endfacet
  facet normal 0 0 1
    outer loop
      vertex 0.00713037 0.0113096 0
      vertex 0.00927822 0.0117857 0
      vertex 0.00708356 0.0115449 0
    endloop
  endfacet
  facet normal 0 0 1
    outer loop
      vertex 0.00927822 0.0117857 0
      vertex 0.00925013 0.011927 0
      vertex 0.00708356 0.0115449 0
    endloop
  endfacet
  facet normal 0 0 1
    outer loop
      vertex 0.00708356 0.0115449 0
      vertex 0.00925013 0.011927 0
      vertex 0.00704705 0.0117821 0
    endloop
  endfacet
  facet normal 0 0 1
    outer loop
      vertex 0.00925013 0.011927 0
      vertex 0.00922823 0.0120693 0
      vertex 0.00704705 0.0117821 0
    endloop
  endfacet
  facet normal 0 0 1
    outer loop
      vertex 0.00704705 0.0117821 0
      vertex 0.00922823 0.0120693 0
      vertex 0.00702093 0.0120206 0
    endloop
  endfacet
  facet normal 0 0 1
    outer loop
      vertex 0.00922823 0.0120693 0
      vertex 0.00921256 0.0122124 0
      vertex 0.00702093 0.0120206 0
    endloop
  endfacet
  facet normal 0 0 1
    outer loop
      vertex 0.00702093 0.0120206 0
      vertex 0.00921256 0.0122124 0
      vertex 0.00700523 0.0122601 0
    endloop
  endfacet
  facet normal 0 0 1
    outer loop
      vertex 0.00921256 0.0122124 0
      vertex 0.00920314 0.0123561 0
      vertex 0.00700523 0.0122601 0
    endloop
  endfacet
  facet normal 0 0 1
    outer loop
      vertex 0.00700523 0.0122601 0
      vertex 0.00920314 0.0123561 0
      vertex 0.007 0.0125 0
    endloop
  endfacet
  facet normal 0 0 1
    outer loop
      vertex 0.00920314 0.0123561 0
      vertex 0.0092 0.0125 0
      vertex 0.007 0.0125 0
    endloop
  endfacet
  facet normal 0 0 1
    outer loop
      vertex 0.007 0.0125 0
      vertex 0.0092 0.0125 0
      vertex 0.00920314 0.0126439 0
    endloop
  endfacet
  facet normal 0 0 1
    outer loop
      vertex -0.0146212 0.00997205 0
      vertex -0.0147294 0.010067 0
      vertex -0.0125 0.007 0
    endloop
  endfacet
  facet normal 0 0 1
    outer loop
      vertex -0.0154908 0.0111054 0
      vertex -0.0155488 0.0112371 0
      vertex -0.02 -3.46945e-18 0
    endloop
  endfacet
  facet normal 0 0 1
    outer loop
      vertex -0.0147294 0.010067 0
      vertex -0.0148335 0.0101665 0
      vertex -0.0125 0.007 0
    endloop
  endfacet
  facet normal 0 0 1
    outer loop
      vertex -0.0148335 0.0101665 0
      vertex -0.014933 0.0102706 0
      vertex -0.0125 0.007 0
    endloop
  endfacet
  facet normal 0 0 1
    outer loop
      vertex -0.0125 0.007 0
      vertex -0.014933 0.0102706 0
      vertex -0.0150279 0.0103788 0
    endloop
  endfacet
  facet normal 0 0 1
    outer loop
      vertex -0.0145089 0.0151181 0
      vertex -0.0143928 0.0152032 0
      vertex -0.02 0.02 0
    endloop
  endfacet
  facet normal 0 0 1
    outer loop
      vertex -0.0143928 0.0152032 0
      vertex -0.0142731 0.0152832 0
      vertex -0.02 0.02 0
    endloop
  endfacet
  facet normal 0 0 1
    outer loop
      vertex -0.0142731 0.0152832 0
      vertex -0.01415 0.0153579 0
      vertex -0.02 0.02 0
    endloop
  endfacet
  facet normal 0 0 1
    outer loop
      vertex -0.01415 0.0153579 0
      vertex -0.0140238 0.0154271 0
      vertex -0.02 0.02 0
    endloop
  endfacet
  facet normal 0 0 1
    outer loop
      vertex -0.02 0.02 0
      vertex -0.0140238 0.0154271 0
      vertex -0.0138946 0.0154908 0
    endloop
  endfacet
  facet normal 0 0 1
    outer loop
      vertex -0.0138946 0.0154908 0
      vertex -0.0137629 0.0155488 0
      vertex -0.02 0.02 0
    endloop
  endfacet
  facet normal 0 0 1
    outer loop
      vertex -0.0137629 0.0155488 0
      vertex -0.0136287 0.015601 0
      vertex -0.02 0.02 0
    endloop
  endfacet
  facet normal 0 0 1
    outer loop
      vertex -0.02 0.02 0
      vertex -0.0136287 0.015601 0
      vertex -0.0134923 0.0156473 0
    endloop
  endfacet
  facet normal 0 0 1
    outer loop
      vertex -0.0103788 0.0150279 0
      vertex -0.0102706 0.014933 0
      vertex 1.73472e-18 0.02 0
    endloop
  endfacet
  facet normal 0 0 1
    outer loop
      vertex 1.73472e-18 0.02 0
      vertex -0.00935273 0.0134923 0
      vertex -0.00931244 0.0133541 0
    endloop
  endfacet
  facet normal 0 0 1
    outer loop
      vertex -0.00922823 0.0129307 0
      vertex -0.00921256 0.0127876 0
      vertex 1.73472e-18 0.02 0
    endloop
  endfacet
  facet normal 0 0 1
    outer loop
      vertex -0.00921256 0.0127876 0
      vertex -0.00920314 0.0126439 0
      vertex 1.73472e-18 0.02 0
    endloop
  endfacet
  facet normal 0 0 1
    outer loop
      vertex 1.73472e-18 0.02 0
      vertex -0.00920314 0.0126439 0
      vertex -0.0092 0.0125 0
    endloop
  endfacet
  facet normal 0 0 1
    outer loop
      vertex -0.01415 0.00964212 0
      vertex -0.0142731 0.00971681 0
      vertex -0.0125 0.007 0
    endloop
  endfacet
  facet normal 0 0 1
    outer loop
      vertex -0.0152032 0.0106072 0
      vertex -0.0152832 0.0107269 0
      vertex -0.02 -3.46945e-18 0
    endloop
  endfacet
  facet normal 0 0 1
    outer loop
      vertex -0.0157718 0.0120693 0
      vertex -0.0157874 0.0122124 0
      vertex -0.02 -3.46945e-18 0
    endloop
  endfacet
  facet normal 0 0 1
    outer loop
      vertex -0.0134923 0.0156473 0
      vertex -0.0133541 0.0156876 0
      vertex -0.02 0.02 0
    endloop
  endfacet
  facet normal 0 0 1
    outer loop
      vertex -0.0133541 0.0156876 0
      vertex -0.0132143 0.0157218 0
      vertex -0.02 0.02 0
    endloop
  endfacet
  facet normal 0 0 1
    outer loop
      vertex -0.02 0.02 0
      vertex -0.0132143 0.0157218 0
      vertex -0.013073 0.0157499 0
    endloop
  endfacet
  facet normal 0 0 1
    outer loop
      vertex -0.0103788 0.0150279 0
      vertex 1.73472e-18 0.02 0
      vertex -0.0104911 0.0151181 0
    endloop
  endfacet
  facet normal 0 0 1
    outer loop
      vertex -0.00931244 0.0133541 0
      vertex -0.00927822 0.0132143 0
      vertex 1.73472e-18 0.02 0
    endloop
  endfacet
  facet normal 0 0 1
    outer loop
      vertex -0.00927822 0.0132143 0
      vertex -0.00925013 0.013073 0
      vertex 1.73472e-18 0.02 0
    endloop
  endfacet
  facet normal 0 0 1
    outer loop
      vertex 1.73472e-18 0.02 0
      vertex -0.00925013 0.013073 0
      vertex -0.00922823 0.0129307 0
    endloop
  endfacet
  facet normal 0 0 1
    outer loop
      vertex -0.0142731 0.00971681 0
      vertex -0.0143928 0.0097968 0
      vertex -0.0125 0.007 0
    endloop
  endfacet
  facet normal 0 0 1
    outer loop
      vertex -0.0143928 0.0097968 0
      vertex -0.0145089 0.00988193 0
      vertex -0.0125 0.007 0
    endloop
  endfacet
  facet normal 0 0 1
    outer loop
      vertex -0.0125 0.007 0
      vertex -0.0145089 0.00988193 0
      vertex -0.0146212 0.00997205 0
    endloop
  endfacet
  facet normal 0 0 1
    outer loop
      vertex -0.0152032 0.0106072 0
      vertex -0.02 -3.46945e-18 0
      vertex -0.0151181 0.0104911 0
    endloop
  endfacet
  facet normal 0 0 1
    outer loop
      vertex -0.0152832 0.0107269 0
      vertex -0.0153579 0.01085 0
      vertex -0.02 -3.46945e-18 0
    endloop
  endfacet
  facet normal 0 0 1
    outer loop
      vertex -0.0153579 0.01085 0
      vertex -0.0154271 0.0109762 0
      vertex -0.02 -3.46945e-18 0
    endloop
  endfacet
  facet normal 0 0 1
    outer loop
      vertex -0.02 -3.46945e-18 0
      vertex -0.0154271 0.0109762 0
      vertex -0.0154908 0.0111054 0
    endloop
  endfacet
  facet normal 0 0 1
    outer loop
      vertex -0.0157718 0.0129307 0
      vertex -0.0157499 0.013073 0
      vertex -0.02 0.02 0
    endloop
  endfacet
  facet normal 0 0 1
    outer loop
      vertex -0.0157499 0.013073 0
      vertex -0.0157218 0.0132143 0
      vertex -0.02 0.02 0
    endloop
  endfacet
  facet normal 0 0 1
    outer loop
      vertex -0.02 0.02 0
      vertex -0.0157218 0.0132143 0
      vertex -0.0156876 0.0133541 0
    endloop
  endfacet
  facet normal 0 0 1
    outer loop
      vertex -0.0156876 0.0133541 0
      vertex -0.0156473 0.0134923 0
      vertex -0.02 0.02 0
    endloop
  endfacet
  facet normal 0 0 1
    outer loop
      vertex -0.0156473 0.0134923 0
      vertex -0.015601 0.0136287 0
      vertex -0.02 0.02 0
    endloop
  endfacet
  facet normal 0 0 1
    outer loop
      vertex -0.02 0.02 0
      vertex -0.015601 0.0136287 0
      vertex -0.0155488 0.0137629 0
    endloop
  endfacet
  facet normal 0 0 1
    outer loop
      vertex -0.0155488 0.0137629 0
      vertex -0.0154908 0.0138946 0
      vertex -0.02 0.02 0
    endloop
  endfacet
  facet normal 0 0 1
    outer loop
      vertex -0.0154908 0.0138946 0
      vertex -0.0154271 0.0140238 0
      vertex -0.02 0.02 0
    endloop
  endfacet
  facet normal 0 0 1
    outer loop
      vertex -0.02 0.02 0
      vertex -0.0154271 0.0140238 0
      vertex -0.0153579 0.01415 0
    endloop
  endfacet
  facet normal 0 0 1
    outer loop
      vertex -0.0153579 0.01415 0
      vertex -0.0152832 0.0142731 0
      vertex -0.02 0.02 0
    endloop
  endfacet
  facet normal 0 0 1
    outer loop
      vertex -0.0152832 0.0142731 0
      vertex -0.0152032 0.0143928 0
      vertex -0.02 0.02 0
    endloop
  endfacet
  facet normal 0 0 1
    outer loop
      vertex -0.02 0.02 0
      vertex -0.0152032 0.0143928 0
      vertex -0.0151181 0.0145089 0
    endloop
  endfacet
  facet normal 0 0 1
    outer loop
      vertex -0.013073 0.0157499 0
      vertex -0.0129307 0.0157718 0
      vertex -0.02 0.02 0
    endloop
  endfacet
  facet normal 0 0 1
    outer loop
      vertex -0.0129307 0.0157718 0
      vertex -0.0127876 0.0157874 0
      vertex -0.02 0.02 0
    endloop
  endfacet
  facet normal 0 0 1
    outer loop
      vertex -0.02 0.02 0
      vertex -0.0127876 0.0157874 0
      vertex -0.0126439 0.0157969 0
    endloop
  endfacet
  facet normal 0 0 1
    outer loop
      vertex -0.0102706 0.014933 0
      vertex -0.0101665 0.0148335 0
      vertex 1.73472e-18 0.02 0
    endloop
  endfacet
  facet normal 0 0 1
    outer loop
      vertex -0.0101665 0.0148335 0
      vertex -0.010067 0.0147294 0
      vertex 1.73472e-18 0.02 0
    endloop
  endfacet
  facet normal 0 0 1
    outer loop
      vertex 1.73472e-18 0.02 0
      vertex -0.010067 0.0147294 0
      vertex -0.00997205 0.0146212 0
    endloop
  endfacet
  facet normal 0 0 1
    outer loop
      vertex -0.00971681 0.0142731 0
      vertex -0.00964212 0.01415 0
      vertex 1.73472e-18 0.02 0
    endloop
  endfacet
  facet normal 0 0 1
    outer loop
      vertex -0.00964212 0.01415 0
      vertex -0.00957286 0.0140238 0
      vertex 1.73472e-18 0.02 0
    endloop
  endfacet
  facet normal 0 0 1
    outer loop
      vertex 1.73472e-18 0.02 0
      vertex -0.00957286 0.0140238 0
      vertex -0.00950918 0.0138946 0
    endloop
  endfacet
  facet normal 0 0 1
    outer loop
      vertex -0.00950918 0.0138946 0
      vertex -0.0094512 0.0137629 0
      vertex 1.73472e-18 0.02 0
    endloop
  endfacet
  facet normal 0 0 1
    outer loop
      vertex -0.0094512 0.0137629 0
      vertex -0.00939901 0.0136287 0
      vertex 1.73472e-18 0.02 0
    endloop
  endfacet
  facet normal 0 0 1
    outer loop
      vertex 1.73472e-18 0.02 0
      vertex -0.00939901 0.0136287 0
      vertex -0.00935273 0.0134923 0
    endloop
  endfacet
  facet normal 0 0 1
    outer loop
      vertex -0.0136287 0.00939901 0
      vertex -0.0137629 0.0094512 0
      vertex -0.0125 0.007 0
    endloop
  endfacet
  facet normal 0 0 1
    outer loop
      vertex -0.0158 0.0125 0
      vertex -0.0157969 0.0126439 0
      vertex -0.02 0.02 0
    endloop
  endfacet
  facet normal 0 0 1
    outer loop
      vertex -0.0157969 0.0126439 0
      vertex -0.0157874 0.0127876 0
      vertex -0.02 0.02 0
    endloop
  endfacet
  facet normal 0 0 1
    outer loop
      vertex -0.02 0.02 0
      vertex -0.0157874 0.0127876 0
      vertex -0.0157718 0.0129307 0
    endloop
  endfacet
  facet normal 0 0 1
    outer loop
      vertex -0.0151181 0.0145089 0
      vertex -0.0150279 0.0146212 0
      vertex -0.02 0.02 0
    endloop
  endfacet
  facet normal 0 0 1
    outer loop
      vertex -0.0150279 0.0146212 0
      vertex -0.014933 0.0147294 0
      vertex -0.02 0.02 0
    endloop
  endfacet
  facet normal 0 0 1
    outer loop
      vertex -0.02 0.02 0
      vertex -0.014933 0.0147294 0
      vertex -0.0148335 0.0148335 0
    endloop
  endfacet
  facet normal 0 0 1
    outer loop
      vertex -0.00997205 0.0146212 0
      vertex -0.00988193 0.0145089 0
      vertex 1.73472e-18 0.02 0
    endloop
  endfacet
  facet normal 0 0 1
    outer loop
      vertex -0.00988193 0.0145089 0
      vertex -0.0097968 0.0143928 0
      vertex 1.73472e-18 0.02 0
    endloop
  endfacet
  facet normal 0 0 1
    outer loop
      vertex 1.73472e-18 0.02 0
      vertex -0.0097968 0.0143928 0
      vertex -0.00971681 0.0142731 0
    endloop
  endfacet
  facet normal 0 0 1
    outer loop
      vertex -0.0137629 0.0094512 0
      vertex -0.0138946 0.00950918 0
      vertex -0.0125 0.007 0
    endloop
  endfacet
  facet normal 0 0 1
    outer loop
      vertex -0.0138946 0.00950918 0
      vertex -0.0140238 0.00957286 0
      vertex -0.0125 0.007 0
    endloop
  endfacet
  facet normal 0 0 1
    outer loop
      vertex -0.0125 0.007 0
      vertex -0.0140238 0.00957286 0
      vertex -0.01415 0.00964212 0
    endloop
  endfacet
  facet normal 0 0 1
    outer loop
      vertex -0.0155488 0.0112371 0
      vertex -0.015601 0.0113713 0
      vertex -0.02 -3.46945e-18 0
    endloop
  endfacet
  facet normal 0 0 1
    outer loop
      vertex -0.015601 0.0113713 0
      vertex -0.0156473 0.0115077 0
      vertex -0.02 -3.46945e-18 0
    endloop
  endfacet
  facet normal 0 0 1
    outer loop
      vertex -0.02 -3.46945e-18 0
      vertex -0.0156473 0.0115077 0
      vertex -0.0156876 0.0116459 0
    endloop
  endfacet
  facet normal 0 0 1
    outer loop
      vertex -0.02 -3.46945e-18 0
      vertex -0.0157874 0.0122124 0
      vertex -0.02 0.02 0
    endloop
  endfacet
  facet normal 0 0 1
    outer loop
      vertex -0.0157874 0.0122124 0
      vertex -0.0157969 0.0123561 0
      vertex -0.02 0.02 0
    endloop
  endfacet
  facet normal 0 0 1
    outer loop
      vertex -0.02 0.02 0
      vertex -0.0157969 0.0123561 0
      vertex -0.0158 0.0125 0
    endloop
  endfacet
  facet normal 0 0 1
    outer loop
      vertex -0.0148335 0.0148335 0
      vertex -0.0147294 0.014933 0
      vertex -0.02 0.02 0
    endloop
  endfacet
  facet normal 0 0 1
    outer loop
      vertex -0.0147294 0.014933 0
      vertex -0.0146212 0.0150279 0
      vertex -0.02 0.02 0
    endloop
  endfacet
  facet normal 0 0 1
    outer loop
      vertex -0.02 0.02 0
      vertex -0.0146212 0.0150279 0
      vertex -0.0145089 0.0151181 0
    endloop
  endfacet
  facet normal 0 0 1
    outer loop
      vertex -0.0126439 0.0157969 0
      vertex -0.0125 0.0158 0
      vertex -0.02 0.02 0
    endloop
  endfacet
  facet normal 0 0 1
    outer loop
      vertex -0.0125 0.0158 0
      vertex -0.0123561 0.0157969 0
      vertex -0.02 0.02 0
    endloop
  endfacet
  facet normal 0 0 1
    outer loop
      vertex -0.02 0.02 0
      vertex -0.0123561 0.0157969 0
      vertex 1.73472e-18 0.02 0
    endloop
  endfacet
  facet normal 0 0 1
    outer loop
      vertex -0.0123561 0.0157969 0
      vertex -0.0122124 0.0157874 0
      vertex 1.73472e-18 0.02 0
    endloop
  endfacet
  facet normal 0 0 1
    outer loop
      vertex 1.73472e-18 0.02 0
      vertex -0.0122124 0.0157874 0
      vertex -0.0120693 0.0157718 0
    endloop
  endfacet
  facet normal 0 0 1
    outer loop
      vertex -0.0120693 0.0157718 0
      vertex -0.011927 0.0157499 0
      vertex 1.73472e-18 0.02 0
    endloop
  endfacet
  facet normal 0 0 1
    outer loop
      vertex -0.011927 0.0157499 0
      vertex -0.0117857 0.0157218 0
      vertex 1.73472e-18 0.02 0
    endloop
  endfacet
  facet normal 0 0 1
    outer loop
      vertex 1.73472e-18 0.02 0
      vertex -0.0117857 0.0157218 0
      vertex -0.0116459 0.0156876 0
    endloop
  endfacet
  facet normal 0 0 1
    outer loop
      vertex -0.0127876 0.00921256 0
      vertex -0.0125 0.007 0
      vertex -0.0126439 0.00920314 0
    endloop
  endfacet
  facet normal 0 0 1
    outer loop
      vertex -0.0125 0.007 0
      vertex -0.0125 0.0092 0
      vertex -0.0126439 0.00920314 0
    endloop
  endfacet
  facet normal 0 0 1
    outer loop
      vertex -0.0156876 0.0116459 0
      vertex -0.0157218 0.0117857 0
      vertex -0.02 -3.46945e-18 0
    endloop
  endfacet
  facet normal 0 0 1
    outer loop
      vertex -0.0157218 0.0117857 0
      vertex -0.0157499 0.011927 0
      vertex -0.02 -3.46945e-18 0
    endloop
  endfacet
  facet normal 0 0 1
    outer loop
      vertex -0.02 -3.46945e-18 0
      vertex -0.0157499 0.011927 0
      vertex -0.0157718 0.0120693 0
    endloop
  endfacet
  facet normal 0 0 1
    outer loop
      vertex -0.0116459 0.0156876 0
      vertex -0.0115077 0.0156473 0
      vertex 1.73472e-18 0.02 0
    endloop
  endfacet
  facet normal 0 0 1
    outer loop
      vertex -0.0115077 0.0156473 0
      vertex -0.0113713 0.015601 0
      vertex 1.73472e-18 0.02 0
    endloop
  endfacet
  facet normal 0 0 1
    outer loop
      vertex 1.73472e-18 0.02 0
      vertex -0.0113713 0.015601 0
      vertex -0.0112371 0.0155488 0
    endloop
  endfacet
  facet normal 0 0 1
    outer loop
      vertex -0.0112371 0.0155488 0
      vertex -0.0111054 0.0154908 0
      vertex 1.73472e-18 0.02 0
    endloop
  endfacet
  facet normal 0 0 1
    outer loop
      vertex -0.0111054 0.0154908 0
      vertex -0.0109762 0.0154271 0
      vertex 1.73472e-18 0.02 0
    endloop
  endfacet
  facet normal 0 0 1
    outer loop
      vertex 1.73472e-18 0.02 0
      vertex -0.0109762 0.0154271 0
      vertex -0.01085 0.0153579 0
    endloop
  endfacet
  facet normal 0 0 1
    outer loop
      vertex -0.01085 0.0153579 0
      vertex -0.0107269 0.0152832 0
      vertex 1.73472e-18 0.02 0
    endloop
  endfacet
  facet normal 0 0 1
    outer loop
      vertex -0.0107269 0.0152832 0
      vertex -0.0106072 0.0152032 0
      vertex 1.73472e-18 0.02 0
    endloop
  endfacet
  facet normal 0 0 1
    outer loop
      vertex 1.73472e-18 0.02 0
      vertex -0.0106072 0.0152032 0
      vertex -0.0104911 0.0151181 0
    endloop
  endfacet
  facet normal 0 0 1
    outer loop
      vertex -0.0125 0.0092 0
      vertex -0.0125 0.007 0
      vertex -0.0123561 0.00920314 0
    endloop
  endfacet
  facet normal 0 0 1
    outer loop
      vertex -0.0125 0.007 0
      vertex -0.0122601 0.00700523 0
      vertex -0.0123561 0.00920314 0
    endloop
  endfacet
  facet normal 0 0 1
    outer loop
      vertex -0.0123561 0.00920314 0
      vertex -0.0122601 0.00700523 0
      vertex -0.0122124 0.00921256 0
    endloop
  endfacet
  facet normal 0 0 1
    outer loop
      vertex -0.0122601 0.00700523 0
      vertex -0.0120206 0.00702093 0
      vertex -0.0122124 0.00921256 0
    endloop
  endfacet
  facet normal 0 0 1
    outer loop
      vertex -0.0122124 0.00921256 0
      vertex -0.0120206 0.00702093 0
      vertex -0.0120693 0.00922823 0
    endloop
  endfacet
  facet normal 0 0 1
    outer loop
      vertex -0.0120206 0.00702093 0
      vertex -0.0117821 0.00704705 0
      vertex -0.0120693 0.00922823 0
    endloop
  endfacet
  facet normal 0 0 1
    outer loop
      vertex -0.0120693 0.00922823 0
      vertex -0.0117821 0.00704705 0
      vertex -0.011927 0.00925013 0
    endloop
  endfacet
  facet normal 0 0 1
    outer loop
      vertex -0.0117821 0.00704705 0
      vertex -0.0115449 0.00708356 0
      vertex -0.011927 0.00925013 0
    endloop
  endfacet
  facet normal 0 0 1
    outer loop
      vertex -0.011927 0.00925013 0
      vertex -0.0115449 0.00708356 0
      vertex -0.0117857 0.00927822 0
    endloop
  endfacet
  facet normal 0 0 1
    outer loop
      vertex -0.0115449 0.00708356 0
      vertex -0.0113096 0.00713037 0
      vertex -0.0117857 0.00927822 0
    endloop
  endfacet
  facet normal 0 0 1
    outer loop
      vertex -0.0117857 0.00927822 0
      vertex -0.0113096 0.00713037 0
      vertex -0.0116459 0.00931244 0
    endloop
  endfacet
  facet normal 0 0 1
    outer loop
      vertex -0.0113096 0.00713037 0
      vertex -0.0110765 0.00718741 0
      vertex -0.0116459 0.00931244 0
    endloop
  endfacet
  facet normal 0 0 1
    outer loop
      vertex -0.0116459 0.00931244 0
      vertex -0.0110765 0.00718741 0
      vertex -0.0115077 0.00935273 0
    endloop
  endfacet
  facet normal 0 0 1
    outer loop
      vertex -0.0110765 0.00718741 0
      vertex -0.0108461 0.00725456 0
      vertex -0.0115077 0.00935273 0
    endloop
  endfacet
  facet normal 0 0 1
    outer loop
      vertex -0.0115077 0.00935273 0
      vertex -0.0108461 0.00725456 0
      vertex -0.0113713 0.00939901 0
    endloop
  endfacet
  facet normal 0 0 1
    outer loop
      vertex -0.0108461 0.00725456 0
      vertex -0.0106189 0.00733169 0
      vertex -0.0113713 0.00939901 0
    endloop
  endfacet
  facet normal 0 0 1
    outer loop
      vertex -0.0113713 0.00939901 0
      vertex -0.0106189 0.00733169 0
      vertex -0.0112371 0.0094512 0
    endloop
  endfacet
  facet normal 0 0 1
    outer loop
      vertex -0.0106189 0.00733169 0
      vertex -0.0103952 0.00741866 0
      vertex -0.0112371 0.0094512 0
    endloop
  endfacet
  facet normal 0 0 1
    outer loop
      vertex -0.0112371 0.0094512 0
      vertex -0.0103952 0.00741866 0
      vertex -0.0111054 0.00950918 0
    endloop
  endfacet
  facet normal 0 0 1
    outer loop
      vertex -0.0103952 0.00741866 0
      vertex -0.0101756 0.00751531 0
      vertex -0.0111054 0.00950918 0
    endloop
  endfacet
  facet normal 0 0 1
    outer loop
      vertex -0.0111054 0.00950918 0
      vertex -0.0101756 0.00751531 0
      vertex -0.0109762 0.00957286 0
    endloop
  endfacet
  facet normal 0 0 1
    outer loop
      vertex -0.0101756 0.00751531 0
      vertex -0.00996038 0.00762144 0
      vertex -0.0109762 0.00957286 0
    endloop
  endfacet
  facet normal 0 0 1
    outer loop
      vertex -0.0109762 0.00957286 0
      vertex -0.00996038 0.00762144 0
      vertex -0.01085 0.00964212 0
    endloop
  endfacet
  facet normal 0 0 1
    outer loop
      vertex -0.00996038 0.00762144 0
      vertex -0.00975 0.00773686 0
      vertex -0.01085 0.00964212 0
    endloop
  endfacet
  facet normal 0 0 1
    outer loop
      vertex -0.01085 0.00964212 0
      vertex -0.00975 0.00773686 0
      vertex -0.0107269 0.00971681 0
    endloop
  endfacet
  facet normal 0 0 1
    outer loop
      vertex -0.00975 0.00773686 0
      vertex -0.00954485 0.00786135 0
      vertex -0.0107269 0.00971681 0
    endloop
  endfacet
  facet normal 0 0 1
    outer loop
      vertex -0.0107269 0.00971681 0
      vertex -0.00954485 0.00786135 0
      vertex -0.0106072 0.0097968 0
    endloop
  endfacet
  facet normal 0 0 1
    outer loop
      vertex -0.00954485 0.00786135 0
      vertex -0.00934533 0.00799466 0
      vertex -0.0106072 0.0097968 0
    endloop
  endfacet
  facet normal 0 0 1
    outer loop
      vertex -0.0106072 0.0097968 0
      vertex -0.00934533 0.00799466 0
      vertex -0.0104911 0.00988193 0
    endloop
  endfacet
  facet normal 0 0 1
    outer loop
      vertex -0.00934533 0.00799466 0
      vertex -0.00915181 0.00813656 0
      vertex -0.0104911 0.00988193 0
    endloop
  endfacet
  facet normal 0 0 1
    outer loop
      vertex -0.0104911 0.00988193 0
      vertex -0.00915181 0.00813656 0
      vertex -0.0103788 0.00997205 0
    endloop
  endfacet
  facet normal 0 0 1
    outer loop
      vertex -0.00915181 0.00813656 0
      vertex -0.00896467 0.00828676 0
      vertex -0.0103788 0.00997205 0
    endloop
  endfacet
  facet normal 0 0 1
    outer loop
      vertex -0.0103788 0.00997205 0
      vertex -0.00896467 0.00828676 0
      vertex -0.0102706 0.010067 0
    endloop
  endfacet
  facet normal 0 0 1
    outer loop
      vertex -0.00896467 0.00828676 0
      vertex -0.00878425 0.00844497 0
      vertex -0.0102706 0.010067 0
    endloop
  endfacet
  facet normal 0 0 1
    outer loop
      vertex -0.0102706 0.010067 0
      vertex -0.00878425 0.00844497 0
      vertex -0.0101665 0.0101665 0
    endloop
  endfacet
  facet normal 0 0 1
    outer loop
      vertex -0.00878425 0.00844497 0
      vertex -0.00861091 0.00861091 0
      vertex -0.0101665 0.0101665 0
    endloop
  endfacet
  facet normal 0 0 1
    outer loop
      vertex -0.0101665 0.0101665 0
      vertex -0.00861091 0.00861091 0
      vertex -0.010067 0.0102706 0
    endloop
  endfacet
  facet normal 0 0 1
    outer loop
      vertex -0.00861091 0.00861091 0
      vertex -0.00844497 0.00878425 0
      vertex -0.010067 0.0102706 0
    endloop
  endfacet
  facet normal 0 0 1
    outer loop
      vertex -0.010067 0.0102706 0
      vertex -0.00844497 0.00878425 0
      vertex -0.00997205 0.0103788 0
    endloop
  endfacet
  facet normal 0 0 1
    outer loop
      vertex -0.00844497 0.00878425 0
      vertex -0.00828676 0.00896467 0
      vertex -0.00997205 0.0103788 0
    endloop
  endfacet
  facet normal 0 0 1
    outer loop
      vertex -0.00997205 0.0103788 0
      vertex -0.00828676 0.00896467 0
      vertex -0.00988193 0.0104911 0
    endloop
  endfacet
  facet normal 0 0 1
    outer loop
      vertex -0.00828676 0.00896467 0
      vertex -0.00813656 0.00915181 0
      vertex -0.00988193 0.0104911 0
    endloop
  endfacet
  facet normal 0 0 1
    outer loop
      vertex -0.00988193 0.0104911 0
      vertex -0.00813656 0.00915181 0
      vertex -0.0097968 0.0106072 0
    endloop
  endfacet
  facet normal 0 0 1
    outer loop
      vertex -0.00813656 0.00915181 0
      vertex -0.00799466 0.00934533 0
      vertex -0.0097968 0.0106072 0
    endloop
  endfacet
  facet normal 0 0 1
    outer loop
      vertex -0.0097968 0.0106072 0
      vertex -0.00799466 0.00934533 0
      vertex -0.00971681 0.0107269 0
    endloop
  endfacet
  facet normal 0 0 1
    outer loop
      vertex -0.00799466 0.00934533 0
      vertex -0.00786135 0.00954485 0
      vertex -0.00971681 0.0107269 0
    endloop
  endfacet
  facet normal 0 0 1
    outer loop
      vertex -0.00971681 0.0107269 0
      vertex -0.00786135 0.00954485 0
      vertex -0.00964212 0.01085 0
    endloop
  endfacet
  facet normal 0 0 1
    outer loop
      vertex -0.00786135 0.00954485 0
      vertex -0.00773686 0.00975 0
      vertex -0.00964212 0.01085 0
    endloop
  endfacet
  facet normal 0 0 1
    outer loop
      vertex -0.00964212 0.01085 0
      vertex -0.00773686 0.00975 0
      vertex -0.00957286 0.0109762 0
    endloop
  endfacet
  facet normal 0 0 1
    outer loop
      vertex -0.00773686 0.00975 0
      vertex -0.00762144 0.00996038 0
      vertex -0.00957286 0.0109762 0
    endloop
  endfacet
  facet normal 0 0 1
    outer loop
      vertex -0.00957286 0.0109762 0
      vertex -0.00762144 0.00996038 0
      vertex -0.00950918 0.0111054 0
    endloop
  endfacet
  facet normal 0 0 1
    outer loop
      vertex -0.00762144 0.00996038 0
      vertex -0.00751531 0.0101756 0
      vertex -0.00950918 0.0111054 0
    endloop
  endfacet
  facet normal 0 0 1
    outer loop
      vertex -0.00950918 0.0111054 0
      vertex -0.00751531 0.0101756 0
      vertex -0.0094512 0.0112371 0
    endloop
  endfacet
  facet normal 0 0 1
    outer loop
      vertex -0.00751531 0.0101756 0
      vertex -0.00741866 0.0103952 0
      vertex -0.0094512 0.0112371 0
    endloop
  endfacet
  facet normal 0 0 1
    outer loop
      vertex -0.0094512 0.0112371 0
      vertex -0.00741866 0.0103952 0
      vertex -0.00939901 0.0113713 0
    endloop
  endfacet
  facet normal 0 0 1
    outer loop
      vertex -0.00741866 0.0103952 0
      vertex -0.00733169 0.0106189 0
      vertex -0.00939901 0.0113713 0
    endloop
  endfacet
  facet normal 0 0 1
    outer loop
      vertex -0.00939901 0.0113713 0
      vertex -0.00733169 0.0106189 0
      vertex -0.00935273 0.0115077 0
    endloop
  endfacet
  facet normal 0 0 1
    outer loop
      vertex -0.00733169 0.0106189 0
      vertex -0.00725456 0.0108461 0
      vertex -0.00935273 0.0115077 0
    endloop
  endfacet
  facet normal 0 0 1
    outer loop
      vertex -0.00935273 0.0115077 0
      vertex -0.00725456 0.0108461 0
      vertex -0.00931244 0.0116459 0
    endloop
  endfacet
  facet normal 0 0 1
    outer loop
      vertex -0.00725456 0.0108461 0
      vertex -0.00718741 0.0110765 0
      vertex -0.00931244 0.0116459 0
    endloop
  endfacet
  facet normal 0 0 1
    outer loop
      vertex -0.00931244 0.0116459 0
      vertex -0.00718741 0.0110765 0
      vertex -0.00927822 0.0117857 0
    endloop
  endfacet
  facet normal 0 0 1
    outer loop
      vertex -0.00718741 0.0110765 0
      vertex -0.00713037 0.0113096 0
      vertex -0.00927822 0.0117857 0
    endloop
  endfacet
  facet normal 0 0 1
    outer loop
      vertex -0.00927822 0.0117857 0
      vertex -0.00713037 0.0113096 0
      vertex -0.00925013 0.011927 0
    endloop
  endfacet
  facet normal 0 0 1
    outer loop
      vertex -0.00713037 0.0113096 0
      vertex -0.00708356 0.0115449 0
      vertex -0.00925013 0.011927 0
    endloop
  endfacet
  facet normal 0 0 1
    outer loop
      vertex -0.00925013 0.011927 0
      vertex -0.00708356 0.0115449 0
      vertex -0.00922823 0.0120693 0
    endloop
  endfacet
  facet normal 0 0 1
    outer loop
      vertex -0.00708356 0.0115449 0
      vertex -0.00704705 0.0117821 0
      vertex -0.00922823 0.0120693 0
    endloop
  endfacet
  facet normal 0 0 1
    outer loop
      vertex -0.00922823 0.0120693 0
      vertex -0.00704705 0.0117821 0
      vertex -0.00921256 0.0122124 0
    endloop
  endfacet
  facet normal 0 0 1
    outer loop
      vertex -0.00704705 0.0117821 0
      vertex -0.00702093 0.0120206 0
      vertex -0.00921256 0.0122124 0
    endloop
  endfacet
  facet normal 0 0 1
    outer loop
      vertex -0.00921256 0.0122124 0
      vertex -0.00702093 0.0120206 0
      vertex -0.00920314 0.0123561 0
    endloop
  endfacet
  facet normal 0 0 1
    outer loop
      vertex -0.00702093 0.0120206 0
      vertex -0.00700523 0.0122601 0
      vertex -0.00920314 0.0123561 0
    endloop
  endfacet
  facet normal 0 0 1
    outer loop
      vertex -0.00920314 0.0123561 0
      vertex -0.00700523 0.0122601 0
      vertex -0.0092 0.0125 0
    endloop
  endfacet
  facet normal 0 0 1
    outer loop
      vertex -0.00700523 0.0122601 0
      vertex -0.007 0.0125 0
      vertex -0.0092 0.0125 0
    endloop
  endfacet
  facet normal 0 0 1
    outer loop
      vertex -0.0092 0.0125 0
      vertex -0.007 0.0125 0
      vertex 1.73472e-18 0.02 0
    endloop
  endfacet
  facet normal 0 0 1
    outer loop
      vertex -0.007 0.0125 0
      vertex 1.73472e-18 0.0125 0
      vertex 1.73472e-18 0.02 0
    endloop
  endfacet
  facet normal 0 0 1
    outer loop
      vertex 1.73472e-18 0.02 0
      vertex 1.73472e-18 0.0125 0
      vertex 0.007 0.0125 0
    endloop
  endfacet
  facet normal 0 0 1
    outer loop
      vertex -0.0127876 0.00921256 0
      vertex -0.0129307 0.00922823 0
      vertex -0.0125 0.007 0
    endloop
  endfacet
  facet normal 0 0 1
    outer loop
      vertex -0.0129307 0.00922823 0
      vertex -0.013073 0.00925013 0
      vertex -0.0125 0.007 0
    endloop
  endfacet
  facet normal 0 0 1
    outer loop
      vertex -0.0125 0.007 0
      vertex -0.013073 0.00925013 0
      vertex -0.0132143 0.00927822 0
    endloop
  endfacet
  facet normal 0 0 1
    outer loop
      vertex -0.0132143 0.00927822 0
      vertex -0.0133541 0.00931244 0
      vertex -0.0125 0.007 0
    endloop
  endfacet
  facet normal 0 0 1
    outer loop
      vertex -0.0133541 0.00931244 0
      vertex -0.0134923 0.00935273 0
      vertex -0.0125 0.007 0
    endloop
  endfacet
  facet normal 0 0 1
    outer loop
      vertex -0.0125 0.007 0
      vertex -0.0134923 0.00935273 0
      vertex -0.0136287 0.00939901 0
    endloop
  endfacet
  facet normal 0 0 1
    outer loop
      vertex -0.0145089 -0.00988193 0
      vertex -0.0143928 -0.0097968 0
      vertex -0.0125 -0.007 0
    endloop
  endfacet
  facet normal 0 0 1
    outer loop
      vertex -0.0123561 -0.0157969 0
      vertex -0.0125 -0.0158 0
      vertex -0.02 -0.02 0
    endloop
  endfacet
  facet normal 0 0 1
    outer loop
      vertex -0.014933 -0.0102706 0
      vertex -0.0148335 -0.0101665 0
      vertex -0.0125 -0.007 0
    endloop
  endfacet
  facet normal 0 0 1
    outer loop
      vertex -0.0148335 -0.0101665 0
      vertex -0.0147294 -0.010067 0
      vertex -0.0125 -0.007 0
    endloop
  endfacet
  facet normal 0 0 1
    outer loop
      vertex -0.0147294 -0.010067 0
      vertex -0.0146212 -0.00997205 0
      vertex -0.0125 -0.007 0
    endloop
  endfacet
  facet normal 0 0 1
    outer loop
      vertex -0.0125 -0.007 0
      vertex -0.0146212 -0.00997205 0
      vertex -0.0145089 -0.00988193 0
    endloop
  endfacet
  facet normal 0 0 1
    outer loop
      vertex -0.00964212 -0.01415 0
      vertex -0.00971681 -0.0142731 0
      vertex 1.73472e-18 -0.02 0
    endloop
  endfacet
  facet normal 0 0 1
    outer loop
      vertex -0.00997205 -0.0146212 0
      vertex -0.010067 -0.0147294 0
      vertex 1.73472e-18 -0.02 0
    endloop
  endfacet
  facet normal 0 0 1
    outer loop
      vertex -0.010067 -0.0147294 0
      vertex -0.0101665 -0.0148335 0
      vertex 1.73472e-18 -0.02 0
    endloop
  endfacet
  facet normal 0 0 1
    outer loop
      vertex 1.73472e-18 -0.02 0
      vertex -0.0101665 -0.0148335 0
      vertex -0.0102706 -0.014933 0
    endloop
  endfacet
  facet normal 0 0 1
    outer loop
      vertex -0.0143928 -0.0097968 0
      vertex -0.0142731 -0.00971681 0
      vertex -0.0125 -0.007 0
    endloop
  endfacet
  facet normal 0 0 1
    outer loop
      vertex -0.0142731 -0.00971681 0
      vertex -0.01415 -0.00964212 0
      vertex -0.0125 -0.007 0
    endloop
  endfacet
  facet normal 0 0 1
    outer loop
      vertex -0.0125 -0.007 0
      vertex -0.01415 -0.00964212 0
      vertex -0.0140238 -0.00957286 0
    endloop
  endfacet
  facet normal 0 0 1
    outer loop
      vertex -0.007 -0.0125 0
      vertex -0.00920314 -0.0126439 0
      vertex 1.73472e-18 -0.0125 0
    endloop
  endfacet
  facet normal 0 0 1
    outer loop
      vertex -0.00920314 -0.0126439 0
      vertex -0.00921256 -0.0127876 0
      vertex 1.73472e-18 -0.0125 0
    endloop
  endfacet
  facet normal 0 0 1
    outer loop
      vertex 1.73472e-18 -0.0125 0
      vertex -0.00921256 -0.0127876 0
      vertex -0.00922823 -0.0129307 0
    endloop
  endfacet
  facet normal 0 0 1
    outer loop
      vertex -0.00922823 -0.0129307 0
      vertex -0.00925013 -0.013073 0
      vertex 1.73472e-18 -0.0125 0
    endloop
  endfacet
  facet normal 0 0 1
    outer loop
      vertex -0.00925013 -0.013073 0
      vertex -0.00927822 -0.0132143 0
      vertex 1.73472e-18 -0.0125 0
    endloop
  endfacet
  facet normal 0 0 1
    outer loop
      vertex 1.73472e-18 -0.0125 0
      vertex -0.00927822 -0.0132143 0
      vertex -0.00931244 -0.0133541 0
    endloop
  endfacet
  facet normal 0 0 1
    outer loop
      vertex -0.00971681 -0.0142731 0
      vertex -0.0097968 -0.0143928 0
      vertex 1.73472e-18 -0.02 0
    endloop
  endfacet
  facet normal 0 0 1
    outer loop
      vertex -0.0097968 -0.0143928 0
      vertex -0.00988193 -0.0145089 0
      vertex 1.73472e-18 -0.02 0
    endloop
  endfacet
  facet normal 0 0 1
    outer loop
      vertex 1.73472e-18 -0.02 0
      vertex -0.00988193 -0.0145089 0
      vertex -0.00997205 -0.0146212 0
    endloop
  endfacet
  facet normal 0 0 1
    outer loop
      vertex -0.0117857 -0.0157218 0
      vertex -0.011927 -0.0157499 0
      vertex 1.73472e-18 -0.02 0
    endloop
  endfacet
  facet normal 0 0 1
    outer loop
      vertex -0.011927 -0.0157499 0
      vertex -0.0120693 -0.0157718 0
      vertex 1.73472e-18 -0.02 0
    endloop
  endfacet
  facet normal 0 0 1
    outer loop
      vertex 1.73472e-18 -0.02 0
      vertex -0.0120693 -0.0157718 0
      vertex -0.02 -0.02 0
    endloop
  endfacet
  facet normal 0 0 1
    outer loop
      vertex -0.0120693 -0.0157718 0
      vertex -0.0122124 -0.0157874 0
      vertex -0.02 -0.02 0
    endloop
  endfacet
  facet normal 0 0 1
    outer loop
      vertex -0.02 -0.02 0
      vertex -0.0122124 -0.0157874 0
      vertex -0.0123561 -0.0157969 0
    endloop
  endfacet
  facet normal 0 0 1
    outer loop
      vertex -0.0154908 -0.0138946 0
      vertex -0.0155488 -0.0137629 0
      vertex -0.02 -0.02 0
    endloop
  endfacet
  facet normal 0 0 1
    outer loop
      vertex -0.0132143 -0.00927822 0
      vertex -0.013073 -0.00925013 0
      vertex -0.0125 -0.007 0
    endloop
  endfacet
  facet normal 0 0 1
    outer loop
      vertex -0.013073 -0.00925013 0
      vertex -0.0129307 -0.00922823 0
      vertex -0.0125 -0.007 0
    endloop
  endfacet
  facet normal 0 0 1
    outer loop
      vertex -0.0125 -0.007 0
      vertex -0.0129307 -0.00922823 0
      vertex -0.0127876 -0.00921256 0
    endloop
  endfacet
  facet normal 0 0 1
    outer loop
      vertex -0.0102706 -0.014933 0
      vertex -0.0103788 -0.0150279 0
      vertex 1.73472e-18 -0.02 0
    endloop
  endfacet
  facet normal 0 0 1
    outer loop
      vertex -0.0103788 -0.0150279 0
      vertex -0.0104911 -0.0151181 0
      vertex 1.73472e-18 -0.02 0
    endloop
  endfacet
  facet normal 0 0 1
    outer loop
      vertex 1.73472e-18 -0.02 0
      vertex -0.0104911 -0.0151181 0
      vertex -0.0106072 -0.0152032 0
    endloop
  endfacet
  facet normal 0 0 1
    outer loop
      vertex -0.0106072 -0.0152032 0
      vertex -0.0107269 -0.0152832 0
      vertex 1.73472e-18 -0.02 0
    endloop
  endfacet
  facet normal 0 0 1
    outer loop
      vertex -0.0107269 -0.0152832 0
      vertex -0.01085 -0.0153579 0
      vertex 1.73472e-18 -0.02 0
    endloop
  endfacet
  facet normal 0 0 1
    outer loop
      vertex 1.73472e-18 -0.02 0
      vertex -0.01085 -0.0153579 0
      vertex -0.0109762 -0.0154271 0
    endloop
  endfacet
  facet normal 0 0 1
    outer loop
      vertex -0.01415 -0.0153579 0
      vertex -0.0142731 -0.0152832 0
      vertex -0.02 -0.02 0
    endloop
  endfacet
  facet normal 0 0 1
    outer loop
      vertex -0.0142731 -0.0152832 0
      vertex -0.0143928 -0.0152032 0
      vertex -0.02 -0.02 0
    endloop
  endfacet
  facet normal 0 0 1
    outer loop
      vertex -0.0109762 -0.0154271 0
      vertex -0.0111054 -0.0154908 0
      vertex 1.73472e-18 -0.02 0
    endloop
  endfacet
  facet normal 0 0 1
    outer loop
      vertex -0.0111054 -0.0154908 0
      vertex -0.0112371 -0.0155488 0
      vertex 1.73472e-18 -0.02 0
    endloop
  endfacet
  facet normal 0 0 1
    outer loop
      vertex 1.73472e-18 -0.02 0
      vertex -0.0112371 -0.0155488 0
      vertex -0.0113713 -0.015601 0
    endloop
  endfacet
  facet normal 0 0 1
    outer loop
      vertex -0.0113713 -0.015601 0
      vertex -0.0115077 -0.0156473 0
      vertex 1.73472e-18 -0.02 0
    endloop
  endfacet
  facet normal 0 0 1
    outer loop
      vertex -0.0115077 -0.0156473 0
      vertex -0.0116459 -0.0156876 0
      vertex 1.73472e-18 -0.02 0
    endloop
  endfacet
  facet normal 0 0 1
    outer loop
      vertex 1.73472e-18 -0.02 0
      vertex -0.0116459 -0.0156876 0
      vertex -0.0117857 -0.0157218 0
    endloop
  endfacet
  facet normal 0 0 1
    outer loop
      vertex -0.0125 -0.0158 0
      vertex -0.0126439 -0.0157969 0
      vertex -0.02 -0.02 0
    endloop
  endfacet
  facet normal 0 0 1
    outer loop
      vertex -0.0126439 -0.0157969 0
      vertex -0.0127876 -0.0157874 0
      vertex -0.02 -0.02 0
    endloop
  endfacet
  facet normal 0 0 1
    outer loop
      vertex -0.02 -0.02 0
      vertex -0.0127876 -0.0157874 0
      vertex -0.0129307 -0.0157718 0
    endloop
  endfacet
  facet normal 0 0 1
    outer loop
      vertex -0.0129307 -0.0157718 0
      vertex -0.013073 -0.0157499 0
      vertex -0.02 -0.02 0
    endloop
  endfacet
  facet normal 0 0 1
    outer loop
      vertex -0.013073 -0.0157499 0
      vertex -0.0132143 -0.0157218 0
      vertex -0.02 -0.02 0
    endloop
  endfacet
  facet normal 0 0 1
    outer loop
      vertex -0.02 -0.02 0
      vertex -0.0132143 -0.0157218 0
      vertex -0.0133541 -0.0156876 0
    endloop
  endfacet
  facet normal 0 0 1
    outer loop
      vertex -0.0140238 -0.00957286 0
      vertex -0.0138946 -0.00950918 0
      vertex -0.0125 -0.007 0
    endloop
  endfacet
  facet normal 0 0 1
    outer loop
      vertex -0.0138946 -0.00950918 0
      vertex -0.0137629 -0.0094512 0
      vertex -0.0125 -0.007 0
    endloop
  endfacet
  facet normal 0 0 1
    outer loop
      vertex -0.0125 -0.007 0
      vertex -0.0137629 -0.0094512 0
      vertex -0.0136287 -0.00939901 0
    endloop
  endfacet
  facet normal 0 0 1
    outer loop
      vertex -0.0136287 -0.00939901 0
      vertex -0.0134923 -0.00935273 0
      vertex -0.0125 -0.007 0
    endloop
  endfacet
  facet normal 0 0 1
    outer loop
      vertex -0.0134923 -0.00935273 0
      vertex -0.0133541 -0.00931244 0
      vertex -0.0125 -0.007 0
    endloop
  endfacet
  facet normal 0 0 1
    outer loop
      vertex -0.0125 -0.007 0
      vertex -0.0133541 -0.00931244 0
      vertex -0.0132143 -0.00927822 0
    endloop
  endfacet
  facet normal 0 0 1
    outer loop
      vertex -0.00931244 -0.0133541 0
      vertex -0.00935273 -0.0134923 0
      vertex 1.73472e-18 -0.02 0
    endloop
  endfacet
  facet normal 0 0 1
    outer loop
      vertex -0.00935273 -0.0134923 0
      vertex -0.00939901 -0.0136287 0
      vertex 1.73472e-18 -0.02 0
    endloop
  endfacet
  facet normal 0 0 1
    outer loop
      vertex 1.73472e-18 -0.02 0
      vertex -0.00939901 -0.0136287 0
      vertex -0.0094512 -0.0137629 0
    endloop
  endfacet
  facet normal 0 0 1
    outer loop
      vertex -0.0094512 -0.0137629 0
      vertex -0.00950918 -0.0138946 0
      vertex 1.73472e-18 -0.02 0
    endloop
  endfacet
  facet normal 0 0 1
    outer loop
      vertex -0.00950918 -0.0138946 0
      vertex -0.00957286 -0.0140238 0
      vertex 1.73472e-18 -0.02 0
    endloop
  endfacet
  facet normal 0 0 1
    outer loop
      vertex 1.73472e-18 -0.02 0
      vertex -0.00957286 -0.0140238 0
      vertex -0.00964212 -0.01415 0
    endloop
  endfacet
  facet normal 0 0 1
    outer loop
      vertex -0.0133541 -0.0156876 0
      vertex -0.0134923 -0.0156473 0
      vertex -0.02 -0.02 0
    endloop
  endfacet
  facet normal 0 0 1
    outer loop
      vertex -0.0134923 -0.0156473 0
      vertex -0.0136287 -0.015601 0
      vertex -0.02 -0.02 0
    endloop
  endfacet
  facet normal 0 0 1
    outer loop
      vertex -0.02 -0.02 0
      vertex -0.0136287 -0.015601 0
      vertex -0.0137629 -0.0155488 0
    endloop
  endfacet
  facet normal 0 0 1
    outer loop
      vertex -0.0137629 -0.0155488 0
      vertex -0.0138946 -0.0154908 0
      vertex -0.02 -0.02 0
    endloop
  endfacet
  facet normal 0 0 1
    outer loop
      vertex -0.0138946 -0.0154908 0
      vertex -0.0140238 -0.0154271 0
      vertex -0.02 -0.02 0
    endloop
  endfacet
  facet normal 0 0 1
    outer loop
      vertex -0.02 -0.02 0
      vertex -0.0140238 -0.0154271 0
      vertex -0.01415 -0.0153579 0
    endloop
  endfacet
  facet normal 0 0 1
    outer loop
      vertex -0.0143928 -0.0152032 0
      vertex -0.0145089 -0.0151181 0
      vertex -0.02 -0.02 0
    endloop
  endfacet
  facet normal 0 0 1
    outer loop
      vertex -0.0145089 -0.0151181 0
      vertex -0.0146212 -0.0150279 0
      vertex -0.02 -0.02 0
    endloop
  endfacet
  facet normal 0 0 1
    outer loop
      vertex -0.02 -0.02 0
      vertex -0.0146212 -0.0150279 0
      vertex -0.0147294 -0.014933 0
    endloop
  endfacet
  facet normal 0 0 1
    outer loop
      vertex -0.0157718 -0.0120693 0
      vertex -0.0157499 -0.011927 0
      vertex -0.02 -3.46945e-18 0
    endloop
  endfacet
  facet normal 0 0 1
    outer loop
      vertex -0.0157499 -0.011927 0
      vertex -0.0157218 -0.0117857 0
      vertex -0.02 -3.46945e-18 0
    endloop
  endfacet
  facet normal 0 0 1
    outer loop
      vertex -0.02 -3.46945e-18 0
      vertex -0.0157218 -0.0117857 0
      vertex -0.0156876 -0.0116459 0
    endloop
  endfacet
  facet normal 0 0 1
    outer loop
      vertex -0.0156876 -0.0116459 0
      vertex -0.0156473 -0.0115077 0
      vertex -0.02 -3.46945e-18 0
    endloop
  endfacet
  facet normal 0 0 1
    outer loop
      vertex -0.0156473 -0.0115077 0
      vertex -0.015601 -0.0113713 0
      vertex -0.02 -3.46945e-18 0
    endloop
  endfacet
  facet normal 0 0 1
    outer loop
      vertex -0.02 -3.46945e-18 0
      vertex -0.015601 -0.0113713 0
      vertex -0.0155488 -0.0112371 0
    endloop
  endfacet
  facet normal 0 0 1
    outer loop
      vertex -0.0155488 -0.0112371 0
      vertex -0.0154908 -0.0111054 0
      vertex -0.02 -3.46945e-18 0
    endloop
  endfacet
  facet normal 0 0 1
    outer loop
      vertex -0.0154908 -0.0111054 0
      vertex -0.0154271 -0.0109762 0
      vertex -0.02 -3.46945e-18 0
    endloop
  endfacet
  facet normal 0 0 1
    outer loop
      vertex -0.02 -3.46945e-18 0
      vertex -0.0154271 -0.0109762 0
      vertex -0.0153579 -0.01085 0
    endloop
  endfacet
  facet normal 0 0 1
    outer loop
      vertex -0.0153579 -0.01085 0
      vertex -0.0152832 -0.0107269 0
      vertex -0.02 -3.46945e-18 0
    endloop
  endfacet
  facet normal 0 0 1
    outer loop
      vertex -0.0152832 -0.0107269 0
      vertex -0.0152032 -0.0106072 0
      vertex -0.02 -3.46945e-18 0
    endloop
  endfacet
  facet normal 0 0 1
    outer loop
      vertex -0.02 -3.46945e-18 0
      vertex -0.0152032 -0.0106072 0
      vertex -0.0151181 -0.0104911 0
    endloop
  endfacet
  facet normal 0 0 1
    outer loop
      vertex -0.0147294 -0.014933 0
      vertex -0.0148335 -0.0148335 0
      vertex -0.02 -0.02 0
    endloop
  endfacet
  facet normal 0 0 1
    outer loop
      vertex -0.0148335 -0.0148335 0
      vertex -0.014933 -0.0147294 0
      vertex -0.02 -0.02 0
    endloop
  endfacet
  facet normal 0 0 1
    outer loop
      vertex -0.02 -0.02 0
      vertex -0.014933 -0.0147294 0
      vertex -0.0150279 -0.0146212 0
    endloop
  endfacet
  facet normal 0 0 1
    outer loop
      vertex -0.0150279 -0.0146212 0
      vertex -0.0151181 -0.0145089 0
      vertex -0.02 -0.02 0
    endloop
  endfacet
  facet normal 0 0 1
    outer loop
      vertex -0.0151181 -0.0145089 0
      vertex -0.0152032 -0.0143928 0
      vertex -0.02 -0.02 0
    endloop
  endfacet
  facet normal 0 0 1
    outer loop
      vertex -0.02 -0.02 0
      vertex -0.0152032 -0.0143928 0
      vertex -0.0152832 -0.0142731 0
    endloop
  endfacet
  facet normal 0 0 1
    outer loop
      vertex -0.0152832 -0.0142731 0
      vertex -0.0153579 -0.01415 0
      vertex -0.02 -0.02 0
    endloop
  endfacet
  facet normal 0 0 1
    outer loop
      vertex -0.0153579 -0.01415 0
      vertex -0.0154271 -0.0140238 0
      vertex -0.02 -0.02 0
    endloop
  endfacet
  facet normal 0 0 1
    outer loop
      vertex -0.02 -0.02 0
      vertex -0.0154271 -0.0140238 0
      vertex -0.0154908 -0.0138946 0
    endloop
  endfacet
  facet normal 0 0 1
    outer loop
      vertex -0.0157718 -0.0129307 0
      vertex -0.0157874 -0.0127876 0
      vertex -0.02 -0.02 0
    endloop
  endfacet
  facet normal 0 0 1
    outer loop
      vertex -0.0157874 -0.0127876 0
      vertex -0.0157969 -0.0126439 0
      vertex -0.02 -0.02 0
    endloop
  endfacet
  facet normal 0 0 1
    outer loop
      vertex -0.0150279 0.0103788 0
      vertex -0.0151181 0.0104911 0
      vertex -0.0125 0.007 0
    endloop
  endfacet
  facet normal 0 0 1
    outer loop
      vertex -0.0151181 0.0104911 0
      vertex -0.02 -3.46945e-18 0
      vertex -0.0125 0.007 0
    endloop
  endfacet
  facet normal 0 0 1
    outer loop
      vertex -0.0125 0.007 0
      vertex -0.02 -3.46945e-18 0
      vertex -0.0125 -3.46945e-18 0
    endloop
  endfacet
  facet normal 0 0 1
    outer loop
      vertex -0.02 -3.46945e-18 0
      vertex -0.0151181 -0.0104911 0
      vertex -0.0125 -3.46945e-18 0
    endloop
  endfacet
  facet normal 0 0 1
    outer loop
      vertex -0.0125 -3.46945e-18 0
      vertex -0.0151181 -0.0104911 0
      vertex -0.0125 -0.007 0
    endloop
  endfacet
  facet normal 0 0 1
    outer loop
      vertex -0.0151181 -0.0104911 0
      vertex -0.0150279 -0.0103788 0
      vertex -0.0125 -0.007 0
    endloop
  endfacet
  facet normal 0 0 1
    outer loop
      vertex -0.0125 -0.007 0
      vertex -0.0150279 -0.0103788 0
      vertex -0.014933 -0.0102706 0
    endloop
  endfacet
  facet normal 0 0 1
    outer loop
      vertex -0.0155488 -0.0137629 0
      vertex -0.015601 -0.0136287 0
      vertex -0.02 -0.02 0
    endloop
  endfacet
  facet normal 0 0 1
    outer loop
      vertex -0.015601 -0.0136287 0
      vertex -0.0156473 -0.0134923 0
      vertex -0.02 -0.02 0
    endloop
  endfacet
  facet normal 0 0 1
    outer loop
      vertex -0.02 -0.02 0
      vertex -0.0156473 -0.0134923 0
      vertex -0.0156876 -0.0133541 0
    endloop
  endfacet
  facet normal 0 0 1
    outer loop
      vertex -0.0157969 -0.0126439 0
      vertex -0.0158 -0.0125 0
      vertex -0.02 -0.02 0
    endloop
  endfacet
  facet normal 0 0 1
    outer loop
      vertex -0.0158 -0.0125 0
      vertex -0.0157969 -0.0123561 0
      vertex -0.02 -0.02 0
    endloop
  endfacet
  facet normal 0 0 1
    outer loop
      vertex -0.02 -0.02 0
      vertex -0.0157969 -0.0123561 0
      vertex -0.02 -3.46945e-18 0
    endloop
  endfacet
  facet normal 0 0 1
    outer loop
      vertex -0.0157969 -0.0123561 0
      vertex -0.0157874 -0.0122124 0
      vertex -0.02 -3.46945e-18 0
    endloop
  endfacet
  facet normal 0 0 1
    outer loop
      vertex -0.02 -3.46945e-18 0
      vertex -0.0157874 -0.0122124 0
      vertex -0.0157718 -0.0120693 0
    endloop
  endfacet
  facet normal 0 0 1
    outer loop
      vertex -0.0156876 -0.0133541 0
      vertex -0.0157218 -0.0132143 0
      vertex -0.02 -0.02 0
    endloop
  endfacet
  facet normal 0 0 1
    outer loop
      vertex -0.0157218 -0.0132143 0
      vertex -0.0157499 -0.013073 0
      vertex -0.02 -0.02 0
    endloop
  endfacet
  facet normal 0 0 1
    outer loop
      vertex -0.02 -0.02 0
      vertex -0.0157499 -0.013073 0
      vertex -0.0157718 -0.0129307 0
    endloop
  endfacet
  facet normal 0 0 1
    outer loop
      vertex -0.0127876 -0.00921256 0
      vertex -0.0126439 -0.00920314 0
      vertex -0.0125 -0.007 0
    endloop
  endfacet
  facet normal 0 0 1
    outer loop
      vertex -0.0126439 -0.00920314 0
      vertex -0.0125 -0.0092 0
      vertex -0.0125 -0.007 0
    endloop
  endfacet
  facet normal 0 0 1
    outer loop
      vertex -0.0125 -0.007 0
      vertex -0.0125 -0.0092 0
      vertex -0.0122601 -0.00700523 0
    endloop
  endfacet
  facet normal 0 0 1
    outer loop
      vertex -0.0125 -0.0092 0
      vertex -0.0123561 -0.00920314 0
      vertex -0.0122601 -0.00700523 0
    endloop
  endfacet
  facet normal 0 0 1
    outer loop
      vertex -0.0122601 -0.00700523 0
      vertex -0.0123561 -0.00920314 0
      vertex -0.0120206 -0.00702093 0
    endloop
  endfacet
  facet normal 0 0 1
    outer loop
      vertex -0.0123561 -0.00920314 0
      vertex -0.0122124 -0.00921256 0
      vertex -0.0120206 -0.00702093 0
    endloop
  endfacet
  facet normal 0 0 1
    outer loop
      vertex -0.0120206 -0.00702093 0
      vertex -0.0122124 -0.00921256 0
      vertex -0.0117821 -0.00704705 0
    endloop
  endfacet
  facet normal 0 0 1
    outer loop
      vertex -0.0122124 -0.00921256 0
      vertex -0.0120693 -0.00922823 0
      vertex -0.0117821 -0.00704705 0
    endloop
  endfacet
  facet normal 0 0 1
    outer loop
      vertex -0.0117821 -0.00704705 0
      vertex -0.0120693 -0.00922823 0
      vertex -0.0115449 -0.00708356 0
    endloop
  endfacet
  facet normal 0 0 1
    outer loop
      vertex -0.0120693 -0.00922823 0
      vertex -0.011927 -0.00925013 0
      vertex -0.0115449 -0.00708356 0
    endloop
  endfacet
  facet normal 0 0 1
    outer loop
      vertex -0.0115449 -0.00708356 0
      vertex -0.011927 -0.00925013 0
      vertex -0.0113096 -0.00713037 0
    endloop
  endfacet
  facet normal 0 0 1
    outer loop
      vertex -0.011927 -0.00925013 0
      vertex -0.0117857 -0.00927822 0
      vertex -0.0113096 -0.00713037 0
    endloop
  endfacet
  facet normal 0 0 1
    outer loop
      vertex -0.0113096 -0.00713037 0
      vertex -0.0117857 -0.00927822 0
      vertex -0.0110765 -0.00718741 0
    endloop
  endfacet
  facet normal 0 0 1
    outer loop
      vertex -0.0117857 -0.00927822 0
      vertex -0.0116459 -0.00931244 0
      vertex -0.0110765 -0.00718741 0
    endloop
  endfacet
  facet normal 0 0 1
    outer loop
      vertex -0.0110765 -0.00718741 0
      vertex -0.0116459 -0.00931244 0
      vertex -0.0108461 -0.00725456 0
    endloop
  endfacet
  facet normal 0 0 1
    outer loop
      vertex -0.0116459 -0.00931244 0
      vertex -0.0115077 -0.00935273 0
      vertex -0.0108461 -0.00725456 0
    endloop
  endfacet
  facet normal 0 0 1
    outer loop
      vertex -0.0108461 -0.00725456 0
      vertex -0.0115077 -0.00935273 0
      vertex -0.0106189 -0.00733169 0
    endloop
  endfacet
  facet normal 0 0 1
    outer loop
      vertex -0.0115077 -0.00935273 0
      vertex -0.0113713 -0.00939901 0
      vertex -0.0106189 -0.00733169 0
    endloop
  endfacet
  facet normal 0 0 1
    outer loop
      vertex -0.0106189 -0.00733169 0
      vertex -0.0113713 -0.00939901 0
      vertex -0.0103952 -0.00741866 0
    endloop
  endfacet
  facet normal 0 0 1
    outer loop
      vertex -0.0113713 -0.00939901 0
      vertex -0.0112371 -0.0094512 0
      vertex -0.0103952 -0.00741866 0
    endloop
  endfacet
  facet normal 0 0 1
    outer loop
      vertex -0.0103952 -0.00741866 0
      vertex -0.0112371 -0.0094512 0
      vertex -0.0101756 -0.00751531 0
    endloop
  endfacet
  facet normal 0 0 1
    outer loop
      vertex -0.0112371 -0.0094512 0
      vertex -0.0111054 -0.00950918 0
      vertex -0.0101756 -0.00751531 0
    endloop
  endfacet
  facet normal 0 0 1
    outer loop
      vertex -0.0101756 -0.00751531 0
      vertex -0.0111054 -0.00950918 0
      vertex -0.00996038 -0.00762144 0
    endloop
  endfacet
  facet normal 0 0 1
    outer loop
      vertex -0.0111054 -0.00950918 0
      vertex -0.0109762 -0.00957286 0
      vertex -0.00996038 -0.00762144 0
    endloop
  endfacet
  facet normal 0 0 1
    outer loop
      vertex -0.00996038 -0.00762144 0
      vertex -0.0109762 -0.00957286 0
      vertex -0.00975 -0.00773686 0
    endloop
  endfacet
  facet normal 0 0 1
    outer loop
      vertex -0.0109762 -0.00957286 0
      vertex -0.01085 -0.00964212 0
      vertex -0.00975 -0.00773686 0
    endloop
  endfacet
  facet normal 0 0 1
    outer loop
      vertex -0.00975 -0.00773686 0
      vertex -0.01085 -0.00964212 0
      vertex -0.00954485 -0.00786135 0
    endloop
  endfacet
  facet normal 0 0 1
    outer loop
      vertex -0.01085 -0.00964212 0
      vertex -0.0107269 -0.00971681 0
      vertex -0.00954485 -0.00786135 0
    endloop
  endfacet
  facet normal 0 0 1
    outer loop
      vertex -0.00954485 -0.00786135 0
      vertex -0.0107269 -0.00971681 0
      vertex -0.00934533 -0.00799466 0
    endloop
  endfacet
  facet normal 0 0 1
    outer loop
      vertex -0.0107269 -0.00971681 0
      vertex -0.0106072 -0.0097968 0
      vertex -0.00934533 -0.00799466 0
    endloop
  endfacet
  facet normal 0 0 1
    outer loop
      vertex -0.00934533 -0.00799466 0
      vertex -0.0106072 -0.0097968 0
      vertex -0.00915181 -0.00813656 0
    endloop
  endfacet
  facet normal 0 0 1
    outer loop
      vertex -0.0106072 -0.0097968 0
      vertex -0.0104911 -0.00988193 0
      vertex -0.00915181 -0.00813656 0
    endloop
  endfacet
  facet normal 0 0 1
    outer loop
      vertex -0.00915181 -0.00813656 0
      vertex -0.0104911 -0.00988193 0
      vertex -0.00896467 -0.00828676 0
    endloop
  endfacet
  facet normal 0 0 1
    outer loop
      vertex -0.0104911 -0.00988193 0
      vertex -0.0103788 -0.00997205 0
      vertex -0.00896467 -0.00828676 0
    endloop
  endfacet
  facet normal 0 0 1
    outer loop
      vertex -0.00896467 -0.00828676 0
      vertex -0.0103788 -0.00997205 0
      vertex -0.00878425 -0.00844497 0
    endloop
  endfacet
  facet normal 0 0 1
    outer loop
      vertex -0.0103788 -0.00997205 0
      vertex -0.0102706 -0.010067 0
      vertex -0.00878425 -0.00844497 0
    endloop
  endfacet
  facet normal 0 0 1
    outer loop
      vertex -0.00878425 -0.00844497 0
      vertex -0.0102706 -0.010067 0
      vertex -0.00861091 -0.00861091 0
    endloop
  endfacet
  facet normal 0 0 1
    outer loop
      vertex -0.0102706 -0.010067 0
      vertex -0.0101665 -0.0101665 0
      vertex -0.00861091 -0.00861091 0
    endloop
  endfacet
  facet normal 0 0 1
    outer loop
      vertex -0.00861091 -0.00861091 0
      vertex -0.0101665 -0.0101665 0
      vertex -0.00844497 -0.00878425 0
    endloop
  endfacet
  facet normal 0 0 1
    outer loop
      vertex -0.0101665 -0.0101665 0
      vertex -0.010067 -0.0102706 0
      vertex -0.00844497 -0.00878425 0
    endloop
  endfacet
  facet normal 0 0 1
    outer loop
      vertex -0.00844497 -0.00878425 0
      vertex -0.010067 -0.0102706 0
      vertex -0.00828676 -0.00896467 0
    endloop
  endfacet
  facet normal 0 0 1
    outer loop
      vertex -0.010067 -0.0102706 0
      vertex -0.00997205 -0.0103788 0
      vertex -0.00828676 -0.00896467 0
    endloop
  endfacet
  facet normal 0 0 1
    outer loop
      vertex -0.00828676 -0.00896467 0
      vertex -0.00997205 -0.0103788 0
      vertex -0.00813656 -0.00915181 0
    endloop
  endfacet
  facet normal 0 0 1
    outer loop
      vertex -0.00997205 -0.0103788 0
      vertex -0.00988193 -0.0104911 0
      vertex -0.00813656 -0.00915181 0
    endloop
  endfacet
  facet normal 0 0 1
    outer loop
      vertex -0.00813656 -0.00915181 0
      vertex -0.00988193 -0.0104911 0
      vertex -0.00799466 -0.00934533 0
    endloop
  endfacet
  facet normal 0 0 1
    outer loop
      vertex -0.00988193 -0.0104911 0
      vertex -0.0097968 -0.0106072 0
      vertex -0.00799466 -0.00934533 0
    endloop
  endfacet
  facet normal 0 0 1
    outer loop
      vertex -0.00799466 -0.00934533 0
      vertex -0.0097968 -0.0106072 0
      vertex -0.00786135 -0.00954485 0
    endloop
  endfacet
  facet normal 0 0 1
    outer loop
      vertex -0.0097968 -0.0106072 0
      vertex -0.00971681 -0.0107269 0
      vertex -0.00786135 -0.00954485 0
    endloop
  endfacet
  facet normal 0 0 1
    outer loop
      vertex -0.00786135 -0.00954485 0
      vertex -0.00971681 -0.0107269 0
      vertex -0.00773686 -0.00975 0
    endloop
  endfacet
  facet normal 0 0 1
    outer loop
      vertex -0.00971681 -0.0107269 0
      vertex -0.00964212 -0.01085 0
      vertex -0.00773686 -0.00975 0
    endloop
  endfacet
  facet normal 0 0 1
    outer loop
      vertex -0.00773686 -0.00975 0
      vertex -0.00964212 -0.01085 0
      vertex -0.00762144 -0.00996038 0
    endloop
  endfacet
  facet normal 0 0 1
    outer loop
      vertex -0.00964212 -0.01085 0
      vertex -0.00957286 -0.0109762 0
      vertex -0.00762144 -0.00996038 0
    endloop
  endfacet
  facet normal 0 0 1
    outer loop
      vertex -0.00762144 -0.00996038 0
      vertex -0.00957286 -0.0109762 0
      vertex -0.00751531 -0.0101756 0
    endloop
  endfacet
  facet normal 0 0 1
    outer loop
      vertex -0.00957286 -0.0109762 0
      vertex -0.00950918 -0.0111054 0
      vertex -0.00751531 -0.0101756 0
    endloop
  endfacet
  facet normal 0 0 1
    outer loop
      vertex -0.00751531 -0.0101756 0
      vertex -0.00950918 -0.0111054 0
      vertex -0.00741866 -0.0103952 0
    endloop
  endfacet
  facet normal 0 0 1
    outer loop
      vertex -0.00950918 -0.0111054 0
      vertex -0.0094512 -0.0112371 0
      vertex -0.00741866 -0.0103952 0
    endloop
  endfacet
  facet normal 0 0 1
    outer loop
      vertex -0.00741866 -0.0103952 0
      vertex -0.0094512 -0.0112371 0
      vertex -0.00733169 -0.0106189 0
    endloop
  endfacet
  facet normal 0 0 1
    outer loop
      vertex -0.0094512 -0.0112371 0
      vertex -0.00939901 -0.0113713 0
      vertex -0.00733169 -0.0106189 0
    endloop
  endfacet
  facet normal 0 0 1
    outer loop
      vertex -0.00733169 -0.0106189 0
      vertex -0.00939901 -0.0113713 0
      vertex -0.00725456 -0.0108461 0
    endloop
  endfacet
  facet normal 0 0 1
    outer loop
      vertex -0.00939901 -0.0113713 0
      vertex -0.00935273 -0.0115077 0
      vertex -0.00725456 -0.0108461 0
    endloop
  endfacet
  facet normal 0 0 1
    outer loop
      vertex -0.00725456 -0.0108461 0
      vertex -0.00935273 -0.0115077 0
      vertex -0.00718741 -0.0110765 0
    endloop
  endfacet
  facet normal 0 0 1
    outer loop
      vertex -0.00935273 -0.0115077 0
      vertex -0.00931244 -0.0116459 0
      vertex -0.00718741 -0.0110765 0
    endloop
  endfacet
  facet normal 0 0 1
    outer loop
      vertex -0.00718741 -0.0110765 0
      vertex -0.00931244 -0.0116459 0
      vertex -0.00713037 -0.0113096 0
    endloop
  endfacet
  facet normal 0 0 1
    outer loop
      vertex -0.00931244 -0.0116459 0
      vertex -0.00927822 -0.0117857 0
      vertex -0.00713037 -0.0113096 0
    endloop
  endfacet
  facet normal 0 0 1
    outer loop
      vertex -0.00713037 -0.0113096 0
      vertex -0.00927822 -0.0117857 0
      vertex -0.00708356 -0.0115449 0
    endloop
  endfacet
  facet normal 0 0 1
    outer loop
      vertex -0.00927822 -0.0117857 0
      vertex -0.00925013 -0.011927 0
      vertex -0.00708356 -0.0115449 0
    endloop
  endfacet
  facet normal 0 0 1
    outer loop
      vertex -0.00708356 -0.0115449 0
      vertex -0.00925013 -0.011927 0
      vertex -0.00704705 -0.0117821 0
    endloop
  endfacet
  facet normal 0 0 1
    outer loop
      vertex -0.00925013 -0.011927 0
      vertex -0.00922823 -0.0120693 0
      vertex -0.00704705 -0.0117821 0
    endloop
  endfacet
  facet normal 0 0 1
    outer loop
      vertex -0.00704705 -0.0117821 0
      vertex -0.00922823 -0.0120693 0
      vertex -0.00702093 -0.0120206 0
    endloop
  endfacet
  facet normal 0 0 1
    outer loop
      vertex -0.00922823 -0.0120693 0
      vertex -0.00921256 -0.0122124 0
      vertex -0.00702093 -0.0120206 0
    endloop
  endfacet
  facet normal 0 0 1
    outer loop
      vertex -0.00702093 -0.0120206 0
      vertex -0.00921256 -0.0122124 0
      vertex -0.00700523 -0.0122601 0
    endloop
  endfacet
  facet normal 0 0 1
    outer loop
      vertex -0.00921256 -0.0122124 0
      vertex -0.00920314 -0.0123561 0
      vertex -0.00700523 -0.0122601 0
    endloop
  endfacet
  facet normal 0 0 1
    outer loop
      vertex -0.00700523 -0.0122601 0
      vertex -0.00920314 -0.0123561 0
      vertex -0.007 -0.0125 0
    endloop
  endfacet
  facet normal 0 0 1
    outer loop
      vertex -0.00920314 -0.0123561 0
      vertex -0.0092 -0.0125 0
      vertex -0.007 -0.0125 0
    endloop
  endfacet
  facet normal 0 0 1
    outer loop
      vertex -0.007 -0.0125 0
      vertex -0.0092 -0.0125 0
      vertex -0.00920314 -0.0126439 0
    endloop
  endfacet
  facet normal 0 0 1
    outer loop
      vertex 0.0125 -0.007 0
      vertex 0.02 -3.46945e-18 0
      vertex 0.0125 -3.46945e-18 0
    endloop
  endfacet
  facet normal 0 0 1
    outer loop
      vertex 0.02 -3.46945e-18 0
      vertex 0.0151181 0.0104911 0
      vertex 0.0125 -3.46945e-18 0
    endloop
  endfacet
  facet normal 0 0 1
    outer loop
      vertex 0.0125 -3.46945e-18 0
      vertex 0.0151181 0.0104911 0
      vertex 0.0125 0.007 0
    endloop
  endfacet
  facet normal 0 0 1
    outer loop
      vertex 0.0151181 0.0104911 0
      vertex 0.0150279 0.0103788 0
      vertex 0.0125 0.007 0
    endloop
  endfacet
  facet normal 0 0 1
    outer loop
      vertex 0.0125 0.007 0
      vertex 0.0150279 0.0103788 0
      vertex 0.014933 0.0102706 0
    endloop
  endfacet
  facet normal 0 0 1
    outer loop
      vertex 0.0127876 -0.0157874 0
      vertex 0.0126439 -0.0157969 0
      vertex 0.02 -0.02 0
    endloop
  endfacet
  facet normal 0 0 1
    outer loop
      vertex 0.0156473 -0.0115077 0
      vertex 0.0156876 -0.0116459 0
      vertex 0.02 -3.46945e-18 0
    endloop
  endfacet
  facet normal 0 0 1
    outer loop
      vertex 0.0156876 -0.0116459 0
      vertex 0.0157218 -0.0117857 0
      vertex 0.02 -3.46945e-18 0
    endloop
  endfacet
  facet normal 0 0 1
    outer loop
      vertex 0.02 -3.46945e-18 0
      vertex 0.0157218 -0.0117857 0
      vertex 0.0157499 -0.011927 0
    endloop
  endfacet
  facet normal 0 0 1
    outer loop
      vertex 0.0157499 -0.011927 0
      vertex 0.0157718 -0.0120693 0
      vertex 0.02 -3.46945e-18 0
    endloop
  endfacet
  facet normal 0 0 1
    outer loop
      vertex 0.0157718 -0.0120693 0
      vertex 0.0157874 -0.0122124 0
      vertex 0.02 -3.46945e-18 0
    endloop
  endfacet
  facet normal 0 0 1
    outer loop
      vertex 0.02 -3.46945e-18 0
      vertex 0.0157874 -0.0122124 0
      vertex 0.02 -0.02 0
    endloop
  endfacet
  facet normal 0 0 1
    outer loop
      vertex 0.0157874 -0.0122124 0
      vertex 0.0157969 -0.0123561 0
      vertex 0.02 -0.02 0
    endloop
  endfacet
  facet normal 0 0 1
    outer loop
      vertex 0.0145089 -0.00988193 0
      vertex 0.0146212 -0.00997205 0
      vertex 0.0125 -0.007 0
    endloop
  endfacet
  facet normal 0 0 1
    outer loop
      vertex 0.0157218 -0.0132143 0
      vertex 0.0156876 -0.0133541 0
      vertex 0.02 -0.02 0
    endloop
  endfacet
  facet normal 0 0 1
    outer loop
      vertex 0.0152832 -0.0107269 0
      vertex 0.0153579 -0.01085 0
      vertex 0.02 -3.46945e-18 0
    endloop
  endfacet
  facet normal 0 0 1
    outer loop
      vertex 0.0153579 -0.01085 0
      vertex 0.0154271 -0.0109762 0
      vertex 0.02 -3.46945e-18 0
    endloop
  endfacet
  facet normal 0 0 1
    outer loop
      vertex 0.02 -3.46945e-18 0
      vertex 0.0154271 -0.0109762 0
      vertex 0.0154908 -0.0111054 0
    endloop
  endfacet
  facet normal 0 0 1
    outer loop
      vertex 0.0154908 -0.0111054 0
      vertex 0.0155488 -0.0112371 0
      vertex 0.02 -3.46945e-18 0
    endloop
  endfacet
  facet normal 0 0 1
    outer loop
      vertex 0.0155488 -0.0112371 0
      vertex 0.015601 -0.0113713 0
      vertex 0.02 -3.46945e-18 0
    endloop
  endfacet
  facet normal 0 0 1
    outer loop
      vertex 0.02 -3.46945e-18 0
      vertex 0.015601 -0.0113713 0
      vertex 0.0156473 -0.0115077 0
    endloop
  endfacet
  facet normal 0 0 1
    outer loop
      vertex 0.00950918 -0.0138946 0
      vertex 0.0094512 -0.0137629 0
      vertex 0.007 -0.0125 0
    endloop
  endfacet
  facet normal 0 0 1
    outer loop
      vertex 0.0094512 -0.0137629 0
      vertex 0.00939901 -0.0136287 0
      vertex 0.007 -0.0125 0
    endloop
  endfacet
  facet normal 0 0 1
    outer loop
      vertex 0.007 -0.0125 0
      vertex 0.00939901 -0.0136287 0
      vertex 0.00935273 -0.0134923 0
    endloop
  endfacet
  facet normal 0 0 1
    outer loop
      vertex 0.0146212 -0.00997205 0
      vertex 0.0147294 -0.010067 0
      vertex 0.0125 -0.007 0
    endloop
  endfacet
  facet normal 0 0 1
    outer loop
      vertex 0.0147294 -0.010067 0
      vertex 0.0148335 -0.0101665 0
      vertex 0.0125 -0.007 0
    endloop
  endfacet
  facet normal 0 0 1
    outer loop
      vertex 0.0125 -0.007 0
      vertex 0.0148335 -0.0101665 0
      vertex 0.014933 -0.0102706 0
    endloop
  endfacet
  facet normal 0 0 1
    outer loop
      vertex 0.014933 -0.0102706 0
      vertex 0.0150279 -0.0103788 0
      vertex 0.0125 -0.007 0
    endloop
  endfacet
  facet normal 0 0 1
    outer loop
      vertex 0.0150279 -0.0103788 0
      vertex 0.0151181 -0.0104911 0
      vertex 0.0125 -0.007 0
    endloop
  endfacet
  facet normal 0 0 1
    outer loop
      vertex 0.0125 -0.007 0
      vertex 0.0151181 -0.0104911 0
      vertex 0.02 -3.46945e-18 0
    endloop
  endfacet
  facet normal 0 0 1
    outer loop
      vertex 0.0151181 -0.0104911 0
      vertex 0.0152032 -0.0106072 0
      vertex 0.02 -3.46945e-18 0
    endloop
  endfacet
  facet normal 0 0 1
    outer loop
      vertex 0.02 -3.46945e-18 0
      vertex 0.0152032 -0.0106072 0
      vertex 0.0152832 -0.0107269 0
    endloop
  endfacet
  facet normal 0 0 1
    outer loop
      vertex 0.0120693 -0.0157718 0
      vertex 0.011927 -0.0157499 0
      vertex 1.73472e-18 -0.02 0
    endloop
  endfacet
  facet normal 0 0 1
    outer loop
      vertex 0.011927 -0.0157499 0
      vertex 0.0117857 -0.0157218 0
      vertex 1.73472e-18 -0.02 0
    endloop
  endfacet
  facet normal 0 0 1
    outer loop
      vertex 1.73472e-18 -0.02 0
      vertex 0.0117857 -0.0157218 0
      vertex 0.0116459 -0.0156876 0
    endloop
  endfacet
  facet normal 0 0 1
    outer loop
      vertex 0.01085 -0.0153579 0
      vertex 0.0107269 -0.0152832 0
      vertex 1.73472e-18 -0.02 0
    endloop
  endfacet
  facet normal 0 0 1
    outer loop
      vertex 0.0107269 -0.0152832 0
      vertex 0.0106072 -0.0152032 0
      vertex 1.73472e-18 -0.02 0
    endloop
  endfacet
  facet normal 0 0 1
    outer loop
      vertex 1.73472e-18 -0.02 0
      vertex 0.0106072 -0.0152032 0
      vertex 0.0104911 -0.0151181 0
    endloop
  endfacet
  facet normal 0 0 1
    outer loop
      vertex 0.0132143 -0.0157218 0
      vertex 0.013073 -0.0157499 0
      vertex 0.02 -0.02 0
    endloop
  endfacet
  facet normal 0 0 1
    outer loop
      vertex 0.013073 -0.0157499 0
      vertex 0.0129307 -0.0157718 0
      vertex 0.02 -0.02 0
    endloop
  endfacet
  facet normal 0 0 1
    outer loop
      vertex 0.02 -0.02 0
      vertex 0.0129307 -0.0157718 0
      vertex 0.0127876 -0.0157874 0
    endloop
  endfacet
  facet normal 0 0 1
    outer loop
      vertex 0.0126439 -0.0157969 0
      vertex 0.0125 -0.0158 0
      vertex 0.02 -0.02 0
    endloop
  endfacet
  facet normal 0 0 1
    outer loop
      vertex 0.0125 -0.0158 0
      vertex 0.0123561 -0.0157969 0
      vertex 0.02 -0.02 0
    endloop
  endfacet
  facet normal 0 0 1
    outer loop
      vertex 0.02 -0.02 0
      vertex 0.0123561 -0.0157969 0
      vertex 1.73472e-18 -0.02 0
    endloop
  endfacet
  facet normal 0 0 1
    outer loop
      vertex 0.0123561 -0.0157969 0
      vertex 0.0122124 -0.0157874 0
      vertex 1.73472e-18 -0.02 0
    endloop
  endfacet
  facet normal 0 0 1
    outer loop
      vertex 1.73472e-18 -0.02 0
      vertex 0.0122124 -0.0157874 0
      vertex 0.0120693 -0.0157718 0
    endloop
  endfacet
  facet normal 0 0 1
    outer loop
      vertex 0.0116459 -0.0156876 0
      vertex 0.0115077 -0.0156473 0
      vertex 1.73472e-18 -0.02 0
    endloop
  endfacet
  facet normal 0 0 1
    outer loop
      vertex 0.0115077 -0.0156473 0
      vertex 0.0113713 -0.015601 0
      vertex 1.73472e-18 -0.02 0
    endloop
  endfacet
  facet normal 0 0 1
    outer loop
      vertex 1.73472e-18 -0.02 0
      vertex 0.0113713 -0.015601 0
      vertex 0.0112371 -0.0155488 0
    endloop
  endfacet
  facet normal 0 0 1
    outer loop
      vertex 0.0112371 -0.0155488 0
      vertex 0.0111054 -0.0154908 0
      vertex 1.73472e-18 -0.02 0
    endloop
  endfacet
  facet normal 0 0 1
    outer loop
      vertex 0.0111054 -0.0154908 0
      vertex 0.0109762 -0.0154271 0
      vertex 1.73472e-18 -0.02 0
    endloop
  endfacet
  facet normal 0 0 1
    outer loop
      vertex 1.73472e-18 -0.02 0
      vertex 0.0109762 -0.0154271 0
      vertex 0.01085 -0.0153579 0
    endloop
  endfacet
  facet normal 0 0 1
    outer loop
      vertex 0.00921256 -0.0127876 0
      vertex 0.007 -0.0125 0
      vertex 0.00922823 -0.0129307 0
    endloop
  endfacet
  facet normal 0 0 1
    outer loop
      vertex 0.007 -0.0125 0
      vertex 0.00925013 -0.013073 0
      vertex 0.00922823 -0.0129307 0
    endloop
  endfacet
  facet normal 0 0 1
    outer loop
      vertex 0.0126439 -0.00920314 0
      vertex 0.0127876 -0.00921256 0
      vertex 0.0125 -0.007 0
    endloop
  endfacet
  facet normal 0 0 1
    outer loop
      vertex 0.0127876 -0.00921256 0
      vertex 0.0129307 -0.00922823 0
      vertex 0.0125 -0.007 0
    endloop
  endfacet
  facet normal 0 0 1
    outer loop
      vertex 0.0125 -0.007 0
      vertex 0.0129307 -0.00922823 0
      vertex 0.013073 -0.00925013 0
    endloop
  endfacet
  facet normal 0 0 1
    outer loop
      vertex 0.0157969 -0.0123561 0
      vertex 0.0158 -0.0125 0
      vertex 0.02 -0.02 0
    endloop
  endfacet
  facet normal 0 0 1
    outer loop
      vertex 0.0158 -0.0125 0
      vertex 0.0157969 -0.0126439 0
      vertex 0.02 -0.02 0
    endloop
  endfacet
  facet normal 0 0 1
    outer loop
      vertex 0.02 -0.02 0
      vertex 0.0157969 -0.0126439 0
      vertex 0.0157874 -0.0127876 0
    endloop
  endfacet
  facet normal 0 0 1
    outer loop
      vertex 0.0157874 -0.0127876 0
      vertex 0.0157718 -0.0129307 0
      vertex 0.02 -0.02 0
    endloop
  endfacet
  facet normal 0 0 1
    outer loop
      vertex 0.0157718 -0.0129307 0
      vertex 0.0157499 -0.013073 0
      vertex 0.02 -0.02 0
    endloop
  endfacet
  facet normal 0 0 1
    outer loop
      vertex 0.02 -0.02 0
      vertex 0.0157499 -0.013073 0
      vertex 0.0157218 -0.0132143 0
    endloop
  endfacet
  facet normal 0 0 1
    outer loop
      vertex -0.00931244 -0.0133541 0
      vertex 1.73472e-18 -0.02 0
      vertex 1.73472e-18 -0.0125 0
    endloop
  endfacet
  facet normal 0 0 1
    outer loop
      vertex 1.73472e-18 -0.02 0
      vertex 0.0104911 -0.0151181 0
      vertex 1.73472e-18 -0.0125 0
    endloop
  endfacet
  facet normal 0 0 1
    outer loop
      vertex 1.73472e-18 -0.0125 0
      vertex 0.0104911 -0.0151181 0
      vertex 0.007 -0.0125 0
    endloop
  endfacet
  facet normal 0 0 1
    outer loop
      vertex 0.0104911 -0.0151181 0
      vertex 0.0103788 -0.0150279 0
      vertex 0.007 -0.0125 0
    endloop
  endfacet
  facet normal 0 0 1
    outer loop
      vertex 0.007 -0.0125 0
      vertex 0.0103788 -0.0150279 0
      vertex 0.0102706 -0.014933 0
    endloop
  endfacet
  facet normal 0 0 1
    outer loop
      vertex 0.0102706 -0.014933 0
      vertex 0.0101665 -0.0148335 0
      vertex 0.007 -0.0125 0
    endloop
  endfacet
  facet normal 0 0 1
    outer loop
      vertex 0.0101665 -0.0148335 0
      vertex 0.010067 -0.0147294 0
      vertex 0.007 -0.0125 0
    endloop
  endfacet
  facet normal 0 0 1
    outer loop
      vertex 0.007 -0.0125 0
      vertex 0.010067 -0.0147294 0
      vertex 0.00997205 -0.0146212 0
    endloop
  endfacet
  facet normal 0 0 1
    outer loop
      vertex 0.00997205 -0.0146212 0
      vertex 0.00988193 -0.0145089 0
      vertex 0.007 -0.0125 0
    endloop
  endfacet
  facet normal 0 0 1
    outer loop
      vertex 0.00988193 -0.0145089 0
      vertex 0.0097968 -0.0143928 0
      vertex 0.007 -0.0125 0
    endloop
  endfacet
  facet normal 0 0 1
    outer loop
      vertex 0.007 -0.0125 0
      vertex 0.0097968 -0.0143928 0
      vertex 0.00971681 -0.0142731 0
    endloop
  endfacet
  facet normal 0 0 1
    outer loop
      vertex 0.00971681 -0.0142731 0
      vertex 0.00964212 -0.01415 0
      vertex 0.007 -0.0125 0
    endloop
  endfacet
  facet normal 0 0 1
    outer loop
      vertex 0.00964212 -0.01415 0
      vertex 0.00957286 -0.0140238 0
      vertex 0.007 -0.0125 0
    endloop
  endfacet
  facet normal 0 0 1
    outer loop
      vertex 0.007 -0.0125 0
      vertex 0.00957286 -0.0140238 0
      vertex 0.00950918 -0.0138946 0
    endloop
  endfacet
  facet normal 0 0 1
    outer loop
      vertex 0.00935273 -0.0134923 0
      vertex 0.00931244 -0.0133541 0
      vertex 0.007 -0.0125 0
    endloop
  endfacet
  facet normal 0 0 1
    outer loop
      vertex 0.00931244 -0.0133541 0
      vertex 0.00927822 -0.0132143 0
      vertex 0.007 -0.0125 0
    endloop
  endfacet
  facet normal 0 0 1
    outer loop
      vertex 0.007 -0.0125 0
      vertex 0.00927822 -0.0132143 0
      vertex 0.00925013 -0.013073 0
    endloop
  endfacet
  facet normal 0 0 1
    outer loop
      vertex 0.0138946 -0.00950918 0
      vertex 0.0140238 -0.00957286 0
      vertex 0.0125 -0.007 0
    endloop
  endfacet
  facet normal 0 0 1
    outer loop
      vertex 0.0140238 -0.00957286 0
      vertex 0.01415 -0.00964212 0
      vertex 0.0125 -0.007 0
    endloop
  endfacet
  facet normal 0 0 1
    outer loop
      vertex 0.00921256 -0.0127876 0
      vertex 0.00920314 -0.0126439 0
      vertex 0.007 -0.0125 0
    endloop
  endfacet
  facet normal 0 0 1
    outer loop
      vertex 0.00920314 -0.0126439 0
      vertex 0.0092 -0.0125 0
      vertex 0.007 -0.0125 0
    endloop
  endfacet
  facet normal 0 0 1
    outer loop
      vertex 0.007 -0.0125 0
      vertex 0.0092 -0.0125 0
      vertex 0.00700523 -0.0122601 0
    endloop
  endfacet
  facet normal 0 0 1
    outer loop
      vertex 0.0092 -0.0125 0
      vertex 0.00920314 -0.0123561 0
      vertex 0.00700523 -0.0122601 0
    endloop
  endfacet
  facet normal 0 0 1
    outer loop
      vertex 0.00700523 -0.0122601 0
      vertex 0.00920314 -0.0123561 0
      vertex 0.00702093 -0.0120206 0
    endloop
  endfacet
  facet normal 0 0 1
    outer loop
      vertex 0.00920314 -0.0123561 0
      vertex 0.00921256 -0.0122124 0
      vertex 0.00702093 -0.0120206 0
    endloop
  endfacet
  facet normal 0 0 1
    outer loop
      vertex 0.00702093 -0.0120206 0
      vertex 0.00921256 -0.0122124 0
      vertex 0.00704705 -0.0117821 0
    endloop
  endfacet
  facet normal 0 0 1
    outer loop
      vertex 0.00921256 -0.0122124 0
      vertex 0.00922823 -0.0120693 0
      vertex 0.00704705 -0.0117821 0
    endloop
  endfacet
  facet normal 0 0 1
    outer loop
      vertex 0.00704705 -0.0117821 0
      vertex 0.00922823 -0.0120693 0
      vertex 0.00708356 -0.0115449 0
    endloop
  endfacet
  facet normal 0 0 1
    outer loop
      vertex 0.00922823 -0.0120693 0
      vertex 0.00925013 -0.011927 0
      vertex 0.00708356 -0.0115449 0
    endloop
  endfacet
  facet normal 0 0 1
    outer loop
      vertex 0.00708356 -0.0115449 0
      vertex 0.00925013 -0.011927 0
      vertex 0.00713037 -0.0113096 0
    endloop
  endfacet
  facet normal 0 0 1
    outer loop
      vertex 0.00925013 -0.011927 0
      vertex 0.00927822 -0.0117857 0
      vertex 0.00713037 -0.0113096 0
    endloop
  endfacet
  facet normal 0 0 1
    outer loop
      vertex 0.00713037 -0.0113096 0
      vertex 0.00927822 -0.0117857 0
      vertex 0.00718741 -0.0110765 0
    endloop
  endfacet
  facet normal 0 0 1
    outer loop
      vertex 0.00927822 -0.0117857 0
      vertex 0.00931244 -0.0116459 0
      vertex 0.00718741 -0.0110765 0
    endloop
  endfacet
  facet normal 0 0 1
    outer loop
      vertex 0.00718741 -0.0110765 0
      vertex 0.00931244 -0.0116459 0
      vertex 0.00725456 -0.0108461 0
    endloop
  endfacet
  facet normal 0 0 1
    outer loop
      vertex 0.00931244 -0.0116459 0
      vertex 0.00935273 -0.0115077 0
      vertex 0.00725456 -0.0108461 0
    endloop
  endfacet
  facet normal 0 0 1
    outer loop
      vertex 0.00725456 -0.0108461 0
      vertex 0.00935273 -0.0115077 0
      vertex 0.00733169 -0.0106189 0
    endloop
  endfacet
  facet normal 0 0 1
    outer loop
      vertex 0.00935273 -0.0115077 0
      vertex 0.00939901 -0.0113713 0
      vertex 0.00733169 -0.0106189 0
    endloop
  endfacet
  facet normal 0 0 1
    outer loop
      vertex 0.00733169 -0.0106189 0
      vertex 0.00939901 -0.0113713 0
      vertex 0.00741866 -0.0103952 0
    endloop
  endfacet
  facet normal 0 0 1
    outer loop
      vertex 0.00939901 -0.0113713 0
      vertex 0.0094512 -0.0112371 0
      vertex 0.00741866 -0.0103952 0
    endloop
  endfacet
  facet normal 0 0 1
    outer loop
      vertex 0.00741866 -0.0103952 0
      vertex 0.0094512 -0.0112371 0
      vertex 0.00751531 -0.0101756 0
    endloop
  endfacet
  facet normal 0 0 1
    outer loop
      vertex 0.0094512 -0.0112371 0
      vertex 0.00950918 -0.0111054 0
      vertex 0.00751531 -0.0101756 0
    endloop
  endfacet
  facet normal 0 0 1
    outer loop
      vertex 0.00751531 -0.0101756 0
      vertex 0.00950918 -0.0111054 0
      vertex 0.00762144 -0.00996038 0
    endloop
  endfacet
  facet normal 0 0 1
    outer loop
      vertex 0.00950918 -0.0111054 0
      vertex 0.00957286 -0.0109762 0
      vertex 0.00762144 -0.00996038 0
    endloop
  endfacet
  facet normal 0 0 1
    outer loop
      vertex 0.00762144 -0.00996038 0
      vertex 0.00957286 -0.0109762 0
      vertex 0.00773686 -0.00975 0
    endloop
  endfacet
  facet normal 0 0 1
    outer loop
      vertex 0.00957286 -0.0109762 0
      vertex 0.00964212 -0.01085 0
      vertex 0.00773686 -0.00975 0
    endloop
  endfacet
  facet normal 0 0 1
    outer loop
      vertex 0.00773686 -0.00975 0
      vertex 0.00964212 -0.01085 0
      vertex 0.00786135 -0.00954485 0
    endloop
  endfacet
  facet normal 0 0 1
    outer loop
      vertex 0.00964212 -0.01085 0
      vertex 0.00971681 -0.0107269 0
      vertex 0.00786135 -0.00954485 0
    endloop
  endfacet
  facet normal 0 0 1
    outer loop
      vertex 0.00786135 -0.00954485 0
      vertex 0.00971681 -0.0107269 0
      vertex 0.00799466 -0.00934533 0
    endloop
  endfacet
  facet normal 0 0 1
    outer loop
      vertex 0.00971681 -0.0107269 0
      vertex 0.0097968 -0.0106072 0
      vertex 0.00799466 -0.00934533 0
    endloop
  endfacet
  facet normal 0 0 1
    outer loop
      vertex 0.00799466 -0.00934533 0
      vertex 0.0097968 -0.0106072 0
      vertex 0.00813656 -0.00915181 0
    endloop
  endfacet
  facet normal 0 0 1
    outer loop
      vertex 0.0097968 -0.0106072 0
      vertex 0.00988193 -0.0104911 0
      vertex 0.00813656 -0.00915181 0
    endloop
  endfacet
  facet normal 0 0 1
    outer loop
      vertex 0.00813656 -0.00915181 0
      vertex 0.00988193 -0.0104911 0
      vertex 0.00828676 -0.00896467 0
    endloop
  endfacet
  facet normal 0 0 1
    outer loop
      vertex 0.00988193 -0.0104911 0
      vertex 0.00997205 -0.0103788 0
      vertex 0.00828676 -0.00896467 0
    endloop
  endfacet
  facet normal 0 0 1
    outer loop
      vertex 0.00828676 -0.00896467 0
      vertex 0.00997205 -0.0103788 0
      vertex 0.00844497 -0.00878425 0
    endloop
  endfacet
  facet normal 0 0 1
    outer loop
      vertex 0.00997205 -0.0103788 0
      vertex 0.010067 -0.0102706 0
      vertex 0.00844497 -0.00878425 0
    endloop
  endfacet
  facet normal 0 0 1
    outer loop
      vertex 0.00844497 -0.00878425 0
      vertex 0.010067 -0.0102706 0
      vertex 0.00861091 -0.00861091 0
    endloop
  endfacet
  facet normal 0 0 1
    outer loop
      vertex 0.010067 -0.0102706 0
      vertex 0.0101665 -0.0101665 0
      vertex 0.00861091 -0.00861091 0
    endloop
  endfacet
  facet normal 0 0 1
    outer loop
      vertex 0.00861091 -0.00861091 0
      vertex 0.0101665 -0.0101665 0
      vertex 0.00878425 -0.00844497 0
    endloop
  endfacet
  facet normal 0 0 1
    outer loop
      vertex 0.0101665 -0.0101665 0
      vertex 0.0102706 -0.010067 0
      vertex 0.00878425 -0.00844497 0
    endloop
  endfacet
  facet normal 0 0 1
    outer loop
      vertex 0.00878425 -0.00844497 0
      vertex 0.0102706 -0.010067 0
      vertex 0.00896467 -0.00828676 0
    endloop
  endfacet
  facet normal 0 0 1
    outer loop
      vertex 0.0102706 -0.010067 0
      vertex 0.0103788 -0.00997205 0
      vertex 0.00896467 -0.00828676 0
    endloop
  endfacet
  facet normal 0 0 1
    outer loop
      vertex 0.00896467 -0.00828676 0
      vertex 0.0103788 -0.00997205 0
      vertex 0.00915181 -0.00813656 0
    endloop
  endfacet
  facet normal 0 0 1
    outer loop
      vertex 0.0103788 -0.00997205 0
      vertex 0.0104911 -0.00988193 0
      vertex 0.00915181 -0.00813656 0
    endloop
  endfacet
  facet normal 0 0 1
    outer loop
      vertex 0.00915181 -0.00813656 0
      vertex 0.0104911 -0.00988193 0
      vertex 0.00934533 -0.00799466 0
    endloop
  endfacet
  facet normal 0 0 1
    outer loop
      vertex 0.0104911 -0.00988193 0
      vertex 0.0106072 -0.0097968 0
      vertex 0.00934533 -0.00799466 0
    endloop
  endfacet
  facet normal 0 0 1
    outer loop
      vertex 0.00934533 -0.00799466 0
      vertex 0.0106072 -0.0097968 0
      vertex 0.00954485 -0.00786135 0
    endloop
  endfacet
  facet normal 0 0 1
    outer loop
      vertex 0.0106072 -0.0097968 0
      vertex 0.0107269 -0.00971681 0
      vertex 0.00954485 -0.00786135 0
    endloop
  endfacet
  facet normal 0 0 1
    outer loop
      vertex 0.00954485 -0.00786135 0
      vertex 0.0107269 -0.00971681 0
      vertex 0.00975 -0.00773686 0
    endloop
  endfacet
  facet normal 0 0 1
    outer loop
      vertex 0.0107269 -0.00971681 0
      vertex 0.01085 -0.00964212 0
      vertex 0.00975 -0.00773686 0
    endloop
  endfacet
  facet normal 0 0 1
    outer loop
      vertex 0.00975 -0.00773686 0
      vertex 0.01085 -0.00964212 0
      vertex 0.00996038 -0.00762144 0
    endloop
  endfacet
  facet normal 0 0 1
    outer loop
      vertex 0.01085 -0.00964212 0
      vertex 0.0109762 -0.00957286 0
      vertex 0.00996038 -0.00762144 0
    endloop
  endfacet
  facet normal 0 0 1
    outer loop
      vertex 0.00996038 -0.00762144 0
      vertex 0.0109762 -0.00957286 0
      vertex 0.0101756 -0.00751531 0
    endloop
  endfacet
  facet normal 0 0 1
    outer loop
      vertex 0.0109762 -0.00957286 0
      vertex 0.0111054 -0.00950918 0
      vertex 0.0101756 -0.00751531 0
    endloop
  endfacet
  facet normal 0 0 1
    outer loop
      vertex 0.0101756 -0.00751531 0
      vertex 0.0111054 -0.00950918 0
      vertex 0.0103952 -0.00741866 0
    endloop
  endfacet
  facet normal 0 0 1
    outer loop
      vertex 0.0111054 -0.00950918 0
      vertex 0.0112371 -0.0094512 0
      vertex 0.0103952 -0.00741866 0
    endloop
  endfacet
  facet normal 0 0 1
    outer loop
      vertex 0.0103952 -0.00741866 0
      vertex 0.0112371 -0.0094512 0
      vertex 0.0106189 -0.00733169 0
    endloop
  endfacet
  facet normal 0 0 1
    outer loop
      vertex 0.0112371 -0.0094512 0
      vertex 0.0113713 -0.00939901 0
      vertex 0.0106189 -0.00733169 0
    endloop
  endfacet
  facet normal 0 0 1
    outer loop
      vertex 0.0106189 -0.00733169 0
      vertex 0.0113713 -0.00939901 0
      vertex 0.0108461 -0.00725456 0
    endloop
  endfacet
  facet normal 0 0 1
    outer loop
      vertex 0.0113713 -0.00939901 0
      vertex 0.0115077 -0.00935273 0
      vertex 0.0108461 -0.00725456 0
    endloop
  endfacet
  facet normal 0 0 1
    outer loop
      vertex 0.0108461 -0.00725456 0
      vertex 0.0115077 -0.00935273 0
      vertex 0.0110765 -0.00718741 0
    endloop
  endfacet
  facet normal 0 0 1
    outer loop
      vertex 0.0115077 -0.00935273 0
      vertex 0.0116459 -0.00931244 0
      vertex 0.0110765 -0.00718741 0
    endloop
  endfacet
  facet normal 0 0 1
    outer loop
      vertex 0.0110765 -0.00718741 0
      vertex 0.0116459 -0.00931244 0
      vertex 0.0113096 -0.00713037 0
    endloop
  endfacet
  facet normal 0 0 1
    outer loop
      vertex 0.0116459 -0.00931244 0
      vertex 0.0117857 -0.00927822 0
      vertex 0.0113096 -0.00713037 0
    endloop
  endfacet
  facet normal 0 0 1
    outer loop
      vertex 0.0113096 -0.00713037 0
      vertex 0.0117857 -0.00927822 0
      vertex 0.0115449 -0.00708356 0
    endloop
  endfacet
  facet normal 0 0 1
    outer loop
      vertex 0.0117857 -0.00927822 0
      vertex 0.011927 -0.00925013 0
      vertex 0.0115449 -0.00708356 0
    endloop
  endfacet
  facet normal 0 0 1
    outer loop
      vertex 0.0115449 -0.00708356 0
      vertex 0.011927 -0.00925013 0
      vertex 0.0117821 -0.00704705 0
    endloop
  endfacet
  facet normal 0 0 1
    outer loop
      vertex 0.011927 -0.00925013 0
      vertex 0.0120693 -0.00922823 0
      vertex 0.0117821 -0.00704705 0
    endloop
  endfacet
  facet normal 0 0 1
    outer loop
      vertex 0.0117821 -0.00704705 0
      vertex 0.0120693 -0.00922823 0
      vertex 0.0120206 -0.00702093 0
    endloop
  endfacet
  facet normal 0 0 1
    outer loop
      vertex 0.0120693 -0.00922823 0
      vertex 0.0122124 -0.00921256 0
      vertex 0.0120206 -0.00702093 0
    endloop
  endfacet
  facet normal 0 0 1
    outer loop
      vertex 0.0120206 -0.00702093 0
      vertex 0.0122124 -0.00921256 0
      vertex 0.0122601 -0.00700523 0
    endloop
  endfacet
  facet normal 0 0 1
    outer loop
      vertex 0.0122124 -0.00921256 0
      vertex 0.0123561 -0.00920314 0
      vertex 0.0122601 -0.00700523 0
    endloop
  endfacet
  facet normal 0 0 1
    outer loop
      vertex 0.0122601 -0.00700523 0
      vertex 0.0123561 -0.00920314 0
      vertex 0.0125 -0.007 0
    endloop
  endfacet
  facet normal 0 0 1
    outer loop
      vertex 0.0123561 -0.00920314 0
      vertex 0.0125 -0.0092 0
      vertex 0.0125 -0.007 0
    endloop
  endfacet
  facet normal 0 0 1
    outer loop
      vertex 0.0125 -0.007 0
      vertex 0.0125 -0.0092 0
      vertex 0.0126439 -0.00920314 0
    endloop
  endfacet
  facet normal 0 0 1
    outer loop
      vertex 0.01415 -0.00964212 0
      vertex 0.0142731 -0.00971681 0
      vertex 0.0125 -0.007 0
    endloop
  endfacet
  facet normal 0 0 1
    outer loop
      vertex 0.0142731 -0.00971681 0
      vertex 0.0143928 -0.0097968 0
      vertex 0.0125 -0.007 0
    endloop
  endfacet
  facet normal 0 0 1
    outer loop
      vertex 0.0125 -0.007 0
      vertex 0.0143928 -0.0097968 0
      vertex 0.0145089 -0.00988193 0
    endloop
  endfacet
  facet normal 0 0 1
    outer loop
      vertex 0.0153579 -0.01415 0
      vertex 0.0152832 -0.0142731 0
      vertex 0.02 -0.02 0
    endloop
  endfacet
  facet normal 0 0 1
    outer loop
      vertex 0.013073 -0.00925013 0
      vertex 0.0132143 -0.00927822 0
      vertex 0.0125 -0.007 0
    endloop
  endfacet
  facet normal 0 0 1
    outer loop
      vertex 0.0132143 -0.00927822 0
      vertex 0.0133541 -0.00931244 0
      vertex 0.0125 -0.007 0
    endloop
  endfacet
  facet normal 0 0 1
    outer loop
      vertex 0.0125 -0.007 0
      vertex 0.0133541 -0.00931244 0
      vertex 0.0134923 -0.00935273 0
    endloop
  endfacet
  facet normal 0 0 1
    outer loop
      vertex 0.0152832 -0.0142731 0
      vertex 0.0152032 -0.0143928 0
      vertex 0.02 -0.02 0
    endloop
  endfacet
  facet normal 0 0 1
    outer loop
      vertex 0.0152032 -0.0143928 0
      vertex 0.0151181 -0.0145089 0
      vertex 0.02 -0.02 0
    endloop
  endfacet
  facet normal 0 0 1
    outer loop
      vertex 0.02 -0.02 0
      vertex 0.0151181 -0.0145089 0
      vertex 0.0150279 -0.0146212 0
    endloop
  endfacet
  facet normal 0 0 1
    outer loop
      vertex 0.0150279 -0.0146212 0
      vertex 0.014933 -0.0147294 0
      vertex 0.02 -0.02 0
    endloop
  endfacet
  facet normal 0 0 1
    outer loop
      vertex 0.014933 -0.0147294 0
      vertex 0.0148335 -0.0148335 0
      vertex 0.02 -0.02 0
    endloop
  endfacet
  facet normal 0 0 1
    outer loop
      vertex 0.02 -0.02 0
      vertex 0.0148335 -0.0148335 0
      vertex 0.0147294 -0.014933 0
    endloop
  endfacet
  facet normal 0 0 1
    outer loop
      vertex 0.0134923 -0.00935273 0
      vertex 0.0136287 -0.00939901 0
      vertex 0.0125 -0.007 0
    endloop
  endfacet
  facet normal 0 0 1
    outer loop
      vertex 0.0136287 -0.00939901 0
      vertex 0.0137629 -0.0094512 0
      vertex 0.0125 -0.007 0
    endloop
  endfacet
  facet normal 0 0 1
    outer loop
      vertex 0.0125 -0.007 0
      vertex 0.0137629 -0.0094512 0
      vertex 0.0138946 -0.00950918 0
    endloop
  endfacet
  facet normal 0 0 1
    outer loop
      vertex 0.0156876 -0.0133541 0
      vertex 0.0156473 -0.0134923 0
      vertex 0.02 -0.02 0
    endloop
  endfacet
  facet normal 0 0 1
    outer loop
      vertex 0.0156473 -0.0134923 0
      vertex 0.015601 -0.0136287 0
      vertex 0.02 -0.02 0
    endloop
  endfacet
  facet normal 0 0 1
    outer loop
      vertex 0.02 -0.02 0
      vertex 0.015601 -0.0136287 0
      vertex 0.0155488 -0.0137629 0
    endloop
  endfacet
  facet normal 0 0 1
    outer loop
      vertex 0.0155488 -0.0137629 0
      vertex 0.0154908 -0.0138946 0
      vertex 0.02 -0.02 0
    endloop
  endfacet
  facet normal 0 0 1
    outer loop
      vertex 0.0154908 -0.0138946 0
      vertex 0.0154271 -0.0140238 0
      vertex 0.02 -0.02 0
    endloop
  endfacet
  facet normal 0 0 1
    outer loop
      vertex 0.02 -0.02 0
      vertex 0.0154271 -0.0140238 0
      vertex 0.0153579 -0.01415 0
    endloop
  endfacet
  facet normal 0 0 1
    outer loop
      vertex 0.0147294 -0.014933 0
      vertex 0.0146212 -0.0150279 0
      vertex 0.02 -0.02 0
    endloop
  endfacet
  facet normal 0 0 1
    outer loop
      vertex 0.0146212 -0.0150279 0
      vertex 0.0145089 -0.0151181 0
      vertex 0.02 -0.02 0
    endloop
  endfacet
  facet normal 0 0 1
    outer loop
      vertex 0.02 -0.02 0
      vertex 0.0145089 -0.0151181 0
      vertex 0.0143928 -0.0152032 0
    endloop
  endfacet
  facet normal 0 0 1
    outer loop
      vertex 0.0143928 -0.0152032 0
      vertex 0.0142731 -0.0152832 0
      vertex 0.02 -0.02 0
    endloop
  endfacet
  facet normal 0 0 1
    outer loop
      vertex 0.0142731 -0.0152832 0
      vertex 0.01415 -0.0153579 0
      vertex 0.02 -0.02 0
    endloop
  endfacet
  facet normal 0 0 1
    outer loop
      vertex 0.02 -0.02 0
      vertex 0.01415 -0.0153579 0
      vertex 0.0140238 -0.0154271 0
    endloop
  endfacet
  facet normal 0 0 1
    outer loop
      vertex 0.0140238 -0.0154271 0
      vertex 0.0138946 -0.0154908 0
      vertex 0.02 -0.02 0
    endloop
  endfacet
  facet normal 0 0 1
    outer loop
      vertex 0.0138946 -0.0154908 0
      vertex 0.0137629 -0.0155488 0
      vertex 0.02 -0.02 0
    endloop
  endfacet
  facet normal 0 0 1
    outer loop
      vertex 0.02 -0.02 0
      vertex 0.0137629 -0.0155488 0
      vertex 0.0136287 -0.015601 0
    endloop
  endfacet
  facet normal 0 0 1
    outer loop
      vertex 0.0136287 -0.015601 0
      vertex 0.0134923 -0.0156473 0
      vertex 0.02 -0.02 0
    endloop
  endfacet
  facet normal 0 0 1
    outer loop
      vertex 0.0134923 -0.0156473 0
      vertex 0.0133541 -0.0156876 0
      vertex 0.02 -0.02 0
    endloop
  endfacet
  facet normal 0 0 1
    outer loop
      vertex 0.02 -0.02 0
      vertex 0.0133541 -0.0156876 0
      vertex 0.0132143 -0.0157218 0
    endloop
  endfacet
  facet normal 1 0 0
    outer loop
      vertex 0.0125 0.007 0
      vertex 0.0125 0.007 0.025
      vertex 0.0125 -3.46945e-18 0
    endloop
  endfacet
  facet normal 1 0 0
    outer loop
      vertex 0.0125 0.007 0.025
      vertex 0.0125 -0.007 0.025
      vertex 0.0125 -3.46945e-18 0
    endloop
  endfacet
  facet normal 1 0 0
    outer loop
      vertex 0.0125 -3.46945e-18 0
      vertex 0.0125 -0.007 0.025
      vertex 0.0125 -0.007 0
    endloop
  endfacet
  facet normal 0 0 -1
    outer loop
      vertex 0.0103788 -0.0150279 -0.003
      vertex 0.0104911 -0.0151181 -0.003
      vertex -0.00988193 -0.0145089 -0.003
    endloop
  endfacet
  facet normal 0 0 -1
    outer loop
      vertex -0.0146212 -0.0150279 -0.003
      vertex -0.0145089 -0.0151181 -0.003
      vertex -0.02 -0.02 -0.003
    endloop
  endfacet
  facet normal 0 0 -1
    outer loop
      vertex -0.02 -0.02 -0.003
      vertex -0.0123561 -0.0157969 -0.003
      vertex -0.0122124 -0.0157874 -0.003
    endloop
  endfacet
  facet normal 0 0 -1
    outer loop
      vertex -0.0122124 -0.0157874 -0.003
      vertex -0.0120693 -0.0157718 -0.003
      vertex -0.02 -0.02 -0.003
    endloop
  endfacet
  facet normal 0 0 -1
    outer loop
      vertex -0.0120693 -0.0157718 -0.003
      vertex -0.011927 -0.0157499 -0.003
      vertex -0.02 -0.02 -0.003
    endloop
  endfacet
  facet normal 0 0 -1
    outer loop
      vertex -0.02 -0.02 -0.003
      vertex -0.011927 -0.0157499 -0.003
      vertex 0.02 -0.02 -0.003
    endloop
  endfacet
  facet normal 0 0 -1
    outer loop
      vertex 0.0125 -0.0158 -0.003
      vertex 0.0126439 -0.0157969 -0.003
      vertex 0.02 -0.02 -0.003
    endloop
  endfacet
  facet normal 0 0 -1
    outer loop
      vertex 0.0126439 -0.0157969 -0.003
      vertex 0.0127876 -0.0157874 -0.003
      vertex 0.02 -0.02 -0.003
    endloop
  endfacet
  facet normal 0 0 -1
    outer loop
      vertex -0.0157969 -0.0126439 -0.003
      vertex -0.0157874 -0.0127876 -0.003
      vertex -0.02 -0.02 -0.003
    endloop
  endfacet
  facet normal 0 0 -1
    outer loop
      vertex -0.0102706 -0.014933 -0.003
      vertex -0.0101665 -0.0148335 -0.003
      vertex 0.0104911 -0.0151181 -0.003
    endloop
  endfacet
  facet normal 0 0 -1
    outer loop
      vertex -0.011927 -0.0157499 -0.003
      vertex -0.0117857 -0.0157218 -0.003
      vertex 0.02 -0.02 -0.003
    endloop
  endfacet
  facet normal 0 0 -1
    outer loop
      vertex -0.0117857 -0.0157218 -0.003
      vertex -0.0116459 -0.0156876 -0.003
      vertex 0.02 -0.02 -0.003
    endloop
  endfacet
  facet normal 0 0 -1
    outer loop
      vertex 0.02 -0.02 -0.003
      vertex -0.0116459 -0.0156876 -0.003
      vertex 0.0116459 -0.0156876 -0.003
    endloop
  endfacet
  facet normal 0 0 -1
    outer loop
      vertex -0.0109762 -0.0154271 -0.003
      vertex -0.01085 -0.0153579 -0.003
      vertex 0.0104911 -0.0151181 -0.003
    endloop
  endfacet
  facet normal 0 0 -1
    outer loop
      vertex -0.01085 -0.0153579 -0.003
      vertex -0.0107269 -0.0152832 -0.003
      vertex 0.0104911 -0.0151181 -0.003
    endloop
  endfacet
  facet normal 0 0 -1
    outer loop
      vertex 0.0104911 -0.0151181 -0.003
      vertex -0.0107269 -0.0152832 -0.003
      vertex -0.0106072 -0.0152032 -0.003
    endloop
  endfacet
  facet normal 0 0 -1
    outer loop
      vertex 0.0106072 -0.0152032 -0.003
      vertex 0.0107269 -0.0152832 -0.003
      vertex -0.0116459 -0.0156876 -0.003
    endloop
  endfacet
  facet normal 0 0 -1
    outer loop
      vertex 0.0107269 -0.0152832 -0.003
      vertex 0.01085 -0.0153579 -0.003
      vertex -0.0116459 -0.0156876 -0.003
    endloop
  endfacet
  facet normal 0 0 -1
    outer loop
      vertex 0.0116459 -0.0156876 -0.003
      vertex 0.0117857 -0.0157218 -0.003
      vertex 0.02 -0.02 -0.003
    endloop
  endfacet
  facet normal 0 0 -1
    outer loop
      vertex 0.0117857 -0.0157218 -0.003
      vertex 0.011927 -0.0157499 -0.003
      vertex 0.02 -0.02 -0.003
    endloop
  endfacet
  facet normal 0 0 -1
    outer loop
      vertex 0.02 -0.02 -0.003
      vertex 0.011927 -0.0157499 -0.003
      vertex 0.0120693 -0.0157718 -0.003
    endloop
  endfacet
  facet normal 0 0 -1
    outer loop
      vertex 0.0120693 -0.0157718 -0.003
      vertex 0.0122124 -0.0157874 -0.003
      vertex 0.02 -0.02 -0.003
    endloop
  endfacet
  facet normal 0 0 -1
    outer loop
      vertex 0.0122124 -0.0157874 -0.003
      vertex 0.0123561 -0.0157969 -0.003
      vertex 0.02 -0.02 -0.003
    endloop
  endfacet
  facet normal 0 0 -1
    outer loop
      vertex 0.02 -0.02 -0.003
      vertex 0.0123561 -0.0157969 -0.003
      vertex 0.0125 -0.0158 -0.003
    endloop
  endfacet
  facet normal 0 0 -1
    outer loop
      vertex -0.015601 -0.0136287 -0.003
      vertex -0.0155488 -0.0137629 -0.003
      vertex -0.02 -0.02 -0.003
    endloop
  endfacet
  facet normal 0 0 -1
    outer loop
      vertex -0.0155488 -0.0137629 -0.003
      vertex -0.0154908 -0.0138946 -0.003
      vertex -0.02 -0.02 -0.003
    endloop
  endfacet
  facet normal 0 0 -1
    outer loop
      vertex -0.02 -0.02 -0.003
      vertex -0.0154908 -0.0138946 -0.003
      vertex -0.0154271 -0.0140238 -0.003
    endloop
  endfacet
  facet normal 0 0 -1
    outer loop
      vertex -0.0145089 -0.0151181 -0.003
      vertex -0.0143928 -0.0152032 -0.003
      vertex -0.02 -0.02 -0.003
    endloop
  endfacet
  facet normal 0 0 -1
    outer loop
      vertex -0.0143928 -0.0152032 -0.003
      vertex -0.0142731 -0.0152832 -0.003
      vertex -0.02 -0.02 -0.003
    endloop
  endfacet
  facet normal 0 0 -1
    outer loop
      vertex -0.02 -0.02 -0.003
      vertex -0.0142731 -0.0152832 -0.003
      vertex -0.01415 -0.0153579 -0.003
    endloop
  endfacet
  facet normal 0 0 -1
    outer loop
      vertex -0.02 -0.02 -0.003
      vertex -0.0133541 -0.0156876 -0.003
      vertex -0.0132143 -0.0157218 -0.003
    endloop
  endfacet
  facet normal 0 0 -1
    outer loop
      vertex -0.0132143 -0.0157218 -0.003
      vertex -0.013073 -0.0157499 -0.003
      vertex -0.02 -0.02 -0.003
    endloop
  endfacet
  facet normal 0 0 -1
    outer loop
      vertex -0.013073 -0.0157499 -0.003
      vertex -0.0129307 -0.0157718 -0.003
      vertex -0.02 -0.02 -0.003
    endloop
  endfacet
  facet normal 0 0 -1
    outer loop
      vertex -0.02 -0.02 -0.003
      vertex -0.0129307 -0.0157718 -0.003
      vertex -0.0127876 -0.0157874 -0.003
    endloop
  endfacet
  facet normal 0 0 -1
    outer loop
      vertex -0.0127876 -0.0157874 -0.003
      vertex -0.0126439 -0.0157969 -0.003
      vertex -0.02 -0.02 -0.003
    endloop
  endfacet
  facet normal 0 0 -1
    outer loop
      vertex -0.0126439 -0.0157969 -0.003
      vertex -0.0125 -0.0158 -0.003
      vertex -0.02 -0.02 -0.003
    endloop
  endfacet
  facet normal 0 0 -1
    outer loop
      vertex -0.02 -0.02 -0.003
      vertex -0.0125 -0.0158 -0.003
      vertex -0.0123561 -0.0157969 -0.003
    endloop
  endfacet
  facet normal 0 0 -1
    outer loop
      vertex -0.0101665 -0.0148335 -0.003
      vertex -0.010067 -0.0147294 -0.003
      vertex 0.0104911 -0.0151181 -0.003
    endloop
  endfacet
  facet normal 0 0 -1
    outer loop
      vertex -0.010067 -0.0147294 -0.003
      vertex -0.00997205 -0.0146212 -0.003
      vertex 0.0104911 -0.0151181 -0.003
    endloop
  endfacet
  facet normal 0 0 -1
    outer loop
      vertex 0.0104911 -0.0151181 -0.003
      vertex -0.00997205 -0.0146212 -0.003
      vertex -0.00988193 -0.0145089 -0.003
    endloop
  endfacet
  facet normal 0 0 -1
    outer loop
      vertex -0.00927822 -0.0132143 -0.003
      vertex -0.00925013 -0.013073 -0.003
      vertex 0.00935273 -0.0134923 -0.003
    endloop
  endfacet
  facet normal 0 0 -1
    outer loop
      vertex 0.01085 -0.0153579 -0.003
      vertex 0.0109762 -0.0154271 -0.003
      vertex -0.0116459 -0.0156876 -0.003
    endloop
  endfacet
  facet normal 0 0 -1
    outer loop
      vertex 0.0109762 -0.0154271 -0.003
      vertex 0.0111054 -0.0154908 -0.003
      vertex -0.0116459 -0.0156876 -0.003
    endloop
  endfacet
  facet normal 0 0 -1
    outer loop
      vertex -0.0116459 -0.0156876 -0.003
      vertex 0.0111054 -0.0154908 -0.003
      vertex 0.0112371 -0.0155488 -0.003
    endloop
  endfacet
  facet normal 0 0 -1
    outer loop
      vertex 0.0112371 -0.0155488 -0.003
      vertex 0.0113713 -0.015601 -0.003
      vertex -0.0116459 -0.0156876 -0.003
    endloop
  endfacet
  facet normal 0 0 -1
    outer loop
      vertex 0.0113713 -0.015601 -0.003
      vertex 0.0115077 -0.0156473 -0.003
      vertex -0.0116459 -0.0156876 -0.003
    endloop
  endfacet
  facet normal 0 0 -1
    outer loop
      vertex -0.0116459 -0.0156876 -0.003
      vertex 0.0115077 -0.0156473 -0.003
      vertex 0.0116459 -0.0156876 -0.003
    endloop
  endfacet
  facet normal 0 0 -1
    outer loop
      vertex 0.00922823 0.0129307 -0.003
      vertex 0.00921256 0.0127876 -0.003
      vertex -0.0092 0.0125 -0.003
    endloop
  endfacet
  facet normal 0 0 -1
    outer loop
      vertex -0.0157874 -0.0127876 -0.003
      vertex -0.0157718 -0.0129307 -0.003
      vertex -0.02 -0.02 -0.003
    endloop
  endfacet
  facet normal 0 0 -1
    outer loop
      vertex -0.0157718 -0.0129307 -0.003
      vertex -0.0157499 -0.013073 -0.003
      vertex -0.02 -0.02 -0.003
    endloop
  endfacet
  facet normal 0 0 -1
    outer loop
      vertex -0.02 -0.02 -0.003
      vertex -0.0157499 -0.013073 -0.003
      vertex -0.0157218 -0.0132143 -0.003
    endloop
  endfacet
  facet normal 0 0 -1
    outer loop
      vertex -0.0154271 -0.0140238 -0.003
      vertex -0.0153579 -0.01415 -0.003
      vertex -0.02 -0.02 -0.003
    endloop
  endfacet
  facet normal 0 0 -1
    outer loop
      vertex -0.0153579 -0.01415 -0.003
      vertex -0.0152832 -0.0142731 -0.003
      vertex -0.02 -0.02 -0.003
    endloop
  endfacet
  facet normal 0 0 -1
    outer loop
      vertex -0.02 -0.02 -0.003
      vertex -0.0152832 -0.0142731 -0.003
      vertex -0.0152032 -0.0143928 -0.003
    endloop
  endfacet
  facet normal 0 0 -1
    outer loop
      vertex -0.0152032 -0.0143928 -0.003
      vertex -0.0151181 -0.0145089 -0.003
      vertex -0.02 -0.02 -0.003
    endloop
  endfacet
  facet normal 0 0 -1
    outer loop
      vertex -0.0151181 -0.0145089 -0.003
      vertex -0.0150279 -0.0146212 -0.003
      vertex -0.02 -0.02 -0.003
    endloop
  endfacet
  facet normal 0 0 -1
    outer loop
      vertex -0.02 -0.02 -0.003
      vertex -0.0150279 -0.0146212 -0.003
      vertex -0.014933 -0.0147294 -0.003
    endloop
  endfacet
  facet normal 0 0 -1
    outer loop
      vertex -0.014933 -0.0147294 -0.003
      vertex -0.0148335 -0.0148335 -0.003
      vertex -0.02 -0.02 -0.003
    endloop
  endfacet
  facet normal 0 0 -1
    outer loop
      vertex -0.0148335 -0.0148335 -0.003
      vertex -0.0147294 -0.014933 -0.003
      vertex -0.02 -0.02 -0.003
    endloop
  endfacet
  facet normal 0 0 -1
    outer loop
      vertex -0.02 -0.02 -0.003
      vertex -0.0147294 -0.014933 -0.003
      vertex -0.0146212 -0.0150279 -0.003
    endloop
  endfacet
  facet normal 0 0 -1
    outer loop
      vertex -0.01415 -0.0153579 -0.003
      vertex -0.0140238 -0.0154271 -0.003
      vertex -0.02 -0.02 -0.003
    endloop
  endfacet
  facet normal 0 0 -1
    outer loop
      vertex -0.0140238 -0.0154271 -0.003
      vertex -0.0138946 -0.0154908 -0.003
      vertex -0.02 -0.02 -0.003
    endloop
  endfacet
  facet normal 0 0 -1
    outer loop
      vertex -0.02 -0.02 -0.003
      vertex -0.0138946 -0.0154908 -0.003
      vertex -0.0137629 -0.0155488 -0.003
    endloop
  endfacet
  facet normal 0 0 -1
    outer loop
      vertex -0.0137629 -0.0155488 -0.003
      vertex -0.0136287 -0.015601 -0.003
      vertex -0.02 -0.02 -0.003
    endloop
  endfacet
  facet normal 0 0 -1
    outer loop
      vertex -0.0136287 -0.015601 -0.003
      vertex -0.0134923 -0.0156473 -0.003
      vertex -0.02 -0.02 -0.003
    endloop
  endfacet
  facet normal 0 0 -1
    outer loop
      vertex -0.02 -0.02 -0.003
      vertex -0.0134923 -0.0156473 -0.003
      vertex -0.0133541 -0.0156876 -0.003
    endloop
  endfacet
  facet normal 0 0 -1
    outer loop
      vertex -0.0113713 -0.015601 -0.003
      vertex -0.0112371 -0.0155488 -0.003
      vertex 0.0104911 -0.0151181 -0.003
    endloop
  endfacet
  facet normal 0 0 -1
    outer loop
      vertex -0.0112371 -0.0155488 -0.003
      vertex -0.0111054 -0.0154908 -0.003
      vertex 0.0104911 -0.0151181 -0.003
    endloop
  endfacet
  facet normal 0 0 -1
    outer loop
      vertex 0.0104911 -0.0151181 -0.003
      vertex -0.0111054 -0.0154908 -0.003
      vertex -0.0109762 -0.0154271 -0.003
    endloop
  endfacet
  facet normal 0 0 -1
    outer loop
      vertex -0.0106072 -0.0152032 -0.003
      vertex -0.0104911 -0.0151181 -0.003
      vertex 0.0104911 -0.0151181 -0.003
    endloop
  endfacet
  facet normal 0 0 -1
    outer loop
      vertex -0.0104911 -0.0151181 -0.003
      vertex -0.0103788 -0.0150279 -0.003
      vertex 0.0104911 -0.0151181 -0.003
    endloop
  endfacet
  facet normal 0 0 -1
    outer loop
      vertex 0.0104911 -0.0151181 -0.003
      vertex -0.0103788 -0.0150279 -0.003
      vertex -0.0102706 -0.014933 -0.003
    endloop
  endfacet
  facet normal 0 0 -1
    outer loop
      vertex 0.00939901 -0.0136287 -0.003
      vertex -0.00988193 -0.0145089 -0.003
      vertex 0.00935273 -0.0134923 -0.003
    endloop
  endfacet
  facet normal 0 0 -1
    outer loop
      vertex -0.00988193 -0.0145089 -0.003
      vertex -0.0097968 -0.0143928 -0.003
      vertex 0.00935273 -0.0134923 -0.003
    endloop
  endfacet
  facet normal 0 0 -1
    outer loop
      vertex 0.00921256 -0.0127876 -0.003
      vertex 0.00922823 -0.0129307 -0.003
      vertex -0.00921256 -0.0127876 -0.003
    endloop
  endfacet
  facet normal 0 0 -1
    outer loop
      vertex 0.00922823 -0.0129307 -0.003
      vertex 0.00925013 -0.013073 -0.003
      vertex -0.00921256 -0.0127876 -0.003
    endloop
  endfacet
  facet normal 0 0 -1
    outer loop
      vertex -0.00921256 -0.0127876 -0.003
      vertex 0.00925013 -0.013073 -0.003
      vertex 0.00927822 -0.0132143 -0.003
    endloop
  endfacet
  facet normal 0 0 -1
    outer loop
      vertex 0.00939901 -0.0136287 -0.003
      vertex 0.0094512 -0.0137629 -0.003
      vertex -0.00988193 -0.0145089 -0.003
    endloop
  endfacet
  facet normal 0 0 -1
    outer loop
      vertex 0.0094512 -0.0137629 -0.003
      vertex 0.00950918 -0.0138946 -0.003
      vertex -0.00988193 -0.0145089 -0.003
    endloop
  endfacet
  facet normal 0 0 -1
    outer loop
      vertex -0.00988193 -0.0145089 -0.003
      vertex 0.00950918 -0.0138946 -0.003
      vertex 0.00957286 -0.0140238 -0.003
    endloop
  endfacet
  facet normal 0 0 -1
    outer loop
      vertex 0.0127876 -0.0157874 -0.003
      vertex 0.0129307 -0.0157718 -0.003
      vertex 0.02 -0.02 -0.003
    endloop
  endfacet
  facet normal 0 0 -1
    outer loop
      vertex 0.0129307 -0.0157718 -0.003
      vertex 0.013073 -0.0157499 -0.003
      vertex 0.02 -0.02 -0.003
    endloop
  endfacet
  facet normal 0 0 -1
    outer loop
      vertex 0.02 -0.02 -0.003
      vertex 0.013073 -0.0157499 -0.003
      vertex 0.0132143 -0.0157218 -0.003
    endloop
  endfacet
  facet normal 0 0 -1
    outer loop
      vertex -0.0092 0.0125 -0.003
      vertex 0.0116459 0.0156876 -0.003
      vertex 0.0115077 0.0156473 -0.003
    endloop
  endfacet
  facet normal 0 0 -1
    outer loop
      vertex 0.0115077 0.0156473 -0.003
      vertex 0.0113713 0.015601 -0.003
      vertex -0.0092 0.0125 -0.003
    endloop
  endfacet
  facet normal 0 0 -1
    outer loop
      vertex 0.0113713 0.015601 -0.003
      vertex 0.0112371 0.0155488 -0.003
      vertex -0.0092 0.0125 -0.003
    endloop
  endfacet
  facet normal 0 0 -1
    outer loop
      vertex -0.0092 0.0125 -0.003
      vertex 0.0112371 0.0155488 -0.003
      vertex 0.0111054 0.0154908 -0.003
    endloop
  endfacet
  facet normal 0 0 -1
    outer loop
      vertex -0.0157218 -0.0132143 -0.003
      vertex -0.0156876 -0.0133541 -0.003
      vertex -0.02 -0.02 -0.003
    endloop
  endfacet
  facet normal 0 0 -1
    outer loop
      vertex -0.0156876 -0.0133541 -0.003
      vertex -0.0156473 -0.0134923 -0.003
      vertex -0.02 -0.02 -0.003
    endloop
  endfacet
  facet normal 0 0 -1
    outer loop
      vertex -0.02 -0.02 -0.003
      vertex -0.0156473 -0.0134923 -0.003
      vertex -0.015601 -0.0136287 -0.003
    endloop
  endfacet
  facet normal 0 0 -1
    outer loop
      vertex 0.0106072 -0.0152032 -0.003
      vertex -0.0116459 -0.0156876 -0.003
      vertex 0.0104911 -0.0151181 -0.003
    endloop
  endfacet
  facet normal 0 0 -1
    outer loop
      vertex -0.0116459 -0.0156876 -0.003
      vertex -0.0115077 -0.0156473 -0.003
      vertex 0.0104911 -0.0151181 -0.003
    endloop
  endfacet
  facet normal 0 0 -1
    outer loop
      vertex 0.0104911 -0.0151181 -0.003
      vertex -0.0115077 -0.0156473 -0.003
      vertex -0.0113713 -0.015601 -0.003
    endloop
  endfacet
  facet normal 0 0 -1
    outer loop
      vertex -0.0097968 -0.0143928 -0.003
      vertex -0.00971681 -0.0142731 -0.003
      vertex 0.00935273 -0.0134923 -0.003
    endloop
  endfacet
  facet normal 0 0 -1
    outer loop
      vertex -0.00971681 -0.0142731 -0.003
      vertex -0.00964212 -0.01415 -0.003
      vertex 0.00935273 -0.0134923 -0.003
    endloop
  endfacet
  facet normal 0 0 -1
    outer loop
      vertex 0.00935273 -0.0134923 -0.003
      vertex -0.00964212 -0.01415 -0.003
      vertex -0.00957286 -0.0140238 -0.003
    endloop
  endfacet
  facet normal 0 0 -1
    outer loop
      vertex -0.00925013 -0.013073 -0.003
      vertex -0.00922823 -0.0129307 -0.003
      vertex 0.00935273 -0.0134923 -0.003
    endloop
  endfacet
  facet normal 0 0 -1
    outer loop
      vertex -0.00922823 -0.0129307 -0.003
      vertex -0.00921256 -0.0127876 -0.003
      vertex 0.00935273 -0.0134923 -0.003
    endloop
  endfacet
  facet normal 0 0 -1
    outer loop
      vertex 0.00935273 -0.0134923 -0.003
      vertex -0.00921256 -0.0127876 -0.003
      vertex 0.00931244 -0.0133541 -0.003
    endloop
  endfacet
  facet normal 0 0 -1
    outer loop
      vertex -0.00921256 -0.0127876 -0.003
      vertex 0.00927822 -0.0132143 -0.003
      vertex 0.00931244 -0.0133541 -0.003
    endloop
  endfacet
  facet normal 0 0 -1
    outer loop
      vertex 0.00957286 -0.0140238 -0.003
      vertex 0.00964212 -0.01415 -0.003
      vertex -0.00988193 -0.0145089 -0.003
    endloop
  endfacet
  facet normal 0 0 -1
    outer loop
      vertex 0.00964212 -0.01415 -0.003
      vertex 0.00971681 -0.0142731 -0.003
      vertex -0.00988193 -0.0145089 -0.003
    endloop
  endfacet
  facet normal 0 0 -1
    outer loop
      vertex -0.00988193 -0.0145089 -0.003
      vertex 0.00971681 -0.0142731 -0.003
      vertex 0.0097968 -0.0143928 -0.003
    endloop
  endfacet
  facet normal 0 0 -1
    outer loop
      vertex 0.0097968 -0.0143928 -0.003
      vertex 0.00988193 -0.0145089 -0.003
      vertex -0.00988193 -0.0145089 -0.003
    endloop
  endfacet
  facet normal 0 0 -1
    outer loop
      vertex 0.00988193 -0.0145089 -0.003
      vertex 0.00997205 -0.0146212 -0.003
      vertex -0.00988193 -0.0145089 -0.003
    endloop
  endfacet
  facet normal 0 0 -1
    outer loop
      vertex -0.00988193 -0.0145089 -0.003
      vertex 0.00997205 -0.0146212 -0.003
      vertex 0.010067 -0.0147294 -0.003
    endloop
  endfacet
  facet normal 0 0 -1
    outer loop
      vertex 0.010067 -0.0147294 -0.003
      vertex 0.0101665 -0.0148335 -0.003
      vertex -0.00988193 -0.0145089 -0.003
    endloop
  endfacet
  facet normal 0 0 -1
    outer loop
      vertex 0.0101665 -0.0148335 -0.003
      vertex 0.0102706 -0.014933 -0.003
      vertex -0.00988193 -0.0145089 -0.003
    endloop
  endfacet
  facet normal 0 0 -1
    outer loop
      vertex -0.00988193 -0.0145089 -0.003
      vertex 0.0102706 -0.014933 -0.003
      vertex 0.0103788 -0.0150279 -0.003
    endloop
  endfacet
  facet normal 0 0 -1
    outer loop
      vertex -0.0134923 0.0156473 -0.003
      vertex -0.0136287 0.015601 -0.003
      vertex -0.02 0.02 -0.003
    endloop
  endfacet
  facet normal 0 0 -1
    outer loop
      vertex -0.0136287 0.015601 -0.003
      vertex -0.0137629 0.0155488 -0.003
      vertex -0.02 0.02 -0.003
    endloop
  endfacet
  facet normal 0 0 -1
    outer loop
      vertex -0.02 0.02 -0.003
      vertex -0.0137629 0.0155488 -0.003
      vertex -0.0138946 0.0154908 -0.003
    endloop
  endfacet
  facet normal 0 0 -1
    outer loop
      vertex -0.0138946 0.0154908 -0.003
      vertex -0.0140238 0.0154271 -0.003
      vertex -0.02 0.02 -0.003
    endloop
  endfacet
  facet normal 0 0 -1
    outer loop
      vertex -0.0140238 0.0154271 -0.003
      vertex -0.01415 0.0153579 -0.003
      vertex -0.02 0.02 -0.003
    endloop
  endfacet
  facet normal 0 0 -1
    outer loop
      vertex -0.02 0.02 -0.003
      vertex -0.01415 0.0153579 -0.003
      vertex -0.0142731 0.0152832 -0.003
    endloop
  endfacet
  facet normal 0 0 -1
    outer loop
      vertex -0.0157718 0.0129307 -0.003
      vertex -0.0157874 0.0127876 -0.003
      vertex -0.02 0.02 -0.003
    endloop
  endfacet
  facet normal 0 0 -1
    outer loop
      vertex -0.0157874 0.0127876 -0.003
      vertex -0.0157969 0.0126439 -0.003
      vertex -0.02 0.02 -0.003
    endloop
  endfacet
  facet normal 0 0 -1
    outer loop
      vertex -0.02 0.02 -0.003
      vertex -0.0157969 0.0126439 -0.003
      vertex -0.0158 0.0125 -0.003
    endloop
  endfacet
  facet normal 0 0 -1
    outer loop
      vertex 0.0111054 0.0154908 -0.003
      vertex 0.0109762 0.0154271 -0.003
      vertex -0.0092 0.0125 -0.003
    endloop
  endfacet
  facet normal 0 0 -1
    outer loop
      vertex 0.0109762 0.0154271 -0.003
      vertex 0.01085 0.0153579 -0.003
      vertex -0.0092 0.0125 -0.003
    endloop
  endfacet
  facet normal 0 0 -1
    outer loop
      vertex -0.0092 0.0125 -0.003
      vertex 0.01085 0.0153579 -0.003
      vertex 0.0107269 0.0152832 -0.003
    endloop
  endfacet
  facet normal 0 0 -1
    outer loop
      vertex -0.00939901 -0.0136287 -0.003
      vertex -0.00935273 -0.0134923 -0.003
      vertex 0.00935273 -0.0134923 -0.003
    endloop
  endfacet
  facet normal 0 0 -1
    outer loop
      vertex -0.00935273 -0.0134923 -0.003
      vertex -0.00931244 -0.0133541 -0.003
      vertex 0.00935273 -0.0134923 -0.003
    endloop
  endfacet
  facet normal 0 0 -1
    outer loop
      vertex 0.00935273 -0.0134923 -0.003
      vertex -0.00931244 -0.0133541 -0.003
      vertex -0.00927822 -0.0132143 -0.003
    endloop
  endfacet
  facet normal 0 0 -1
    outer loop
      vertex 0.00921256 0.0127876 -0.003
      vertex 0.00920314 0.0126439 -0.003
      vertex -0.0092 0.0125 -0.003
    endloop
  endfacet
  facet normal 0 0 -1
    outer loop
      vertex 0.00920314 0.0126439 -0.003
      vertex 0.0092 0.0125 -0.003
      vertex -0.0092 0.0125 -0.003
    endloop
  endfacet
  facet normal 0 0 -1
    outer loop
      vertex -0.0092 0.0125 -0.003
      vertex 0.0092 0.0125 -0.003
      vertex -0.00920314 0.0123561 -0.003
    endloop
  endfacet
  facet normal 0 0 -1
    outer loop
      vertex 0.0107269 0.0152832 -0.003
      vertex 0.0106072 0.0152032 -0.003
      vertex -0.0092 0.0125 -0.003
    endloop
  endfacet
  facet normal 0 0 -1
    outer loop
      vertex 0.0106072 0.0152032 -0.003
      vertex 0.0104911 0.0151181 -0.003
      vertex -0.0092 0.0125 -0.003
    endloop
  endfacet
  facet normal 0 0 -1
    outer loop
      vertex -0.0092 0.0125 -0.003
      vertex 0.0104911 0.0151181 -0.003
      vertex 0.0103788 0.0150279 -0.003
    endloop
  endfacet
  facet normal 0 0 -1
    outer loop
      vertex 0.0097968 0.0143928 -0.003
      vertex 0.00971681 0.0142731 -0.003
      vertex -0.0092 0.0125 -0.003
    endloop
  endfacet
  facet normal 0 0 -1
    outer loop
      vertex 0.00971681 0.0142731 -0.003
      vertex 0.00964212 0.01415 -0.003
      vertex -0.0092 0.0125 -0.003
    endloop
  endfacet
  facet normal 0 0 -1
    outer loop
      vertex 0.00964212 0.01415 -0.003
      vertex 0.00957286 0.0140238 -0.003
      vertex -0.0092 0.0125 -0.003
    endloop
  endfacet
  facet normal 0 0 -1
    outer loop
      vertex 0.00957286 0.0140238 -0.003
      vertex 0.00950918 0.0138946 -0.003
      vertex -0.0092 0.0125 -0.003
    endloop
  endfacet
  facet normal 0 0 -1
    outer loop
      vertex -0.0092 0.0125 -0.003
      vertex 0.00950918 0.0138946 -0.003
      vertex 0.0094512 0.0137629 -0.003
    endloop
  endfacet
  facet normal 0 0 -1
    outer loop
      vertex 0.0094512 0.0137629 -0.003
      vertex 0.00939901 0.0136287 -0.003
      vertex -0.0092 0.0125 -0.003
    endloop
  endfacet
  facet normal 0 0 -1
    outer loop
      vertex 0.00939901 0.0136287 -0.003
      vertex 0.00935273 0.0134923 -0.003
      vertex -0.0092 0.0125 -0.003
    endloop
  endfacet
  facet normal 0 0 -1
    outer loop
      vertex -0.0092 0.0125 -0.003
      vertex 0.00935273 0.0134923 -0.003
      vertex 0.00931244 0.0133541 -0.003
    endloop
  endfacet
  facet normal 0 0 -1
    outer loop
      vertex 0.00931244 0.0133541 -0.003
      vertex 0.00927822 0.0132143 -0.003
      vertex -0.0092 0.0125 -0.003
    endloop
  endfacet
  facet normal 0 0 -1
    outer loop
      vertex 0.00927822 0.0132143 -0.003
      vertex 0.00925013 0.013073 -0.003
      vertex -0.0092 0.0125 -0.003
    endloop
  endfacet
  facet normal 0 0 -1
    outer loop
      vertex -0.0092 0.0125 -0.003
      vertex 0.00925013 0.013073 -0.003
      vertex 0.00922823 0.0129307 -0.003
    endloop
  endfacet
  facet normal 0 0 -1
    outer loop
      vertex -0.00957286 -0.0140238 -0.003
      vertex -0.00950918 -0.0138946 -0.003
      vertex 0.00935273 -0.0134923 -0.003
    endloop
  endfacet
  facet normal 0 0 -1
    outer loop
      vertex -0.00950918 -0.0138946 -0.003
      vertex -0.0094512 -0.0137629 -0.003
      vertex 0.00935273 -0.0134923 -0.003
    endloop
  endfacet
  facet normal 0 0 -1
    outer loop
      vertex 0.00935273 -0.0134923 -0.003
      vertex -0.0094512 -0.0137629 -0.003
      vertex -0.00939901 -0.0136287 -0.003
    endloop
  endfacet
  facet normal 0 0 -1
    outer loop
      vertex 0.0147294 -0.014933 -0.003
      vertex 0.0148335 -0.0148335 -0.003
      vertex 0.02 -0.02 -0.003
    endloop
  endfacet
  facet normal 0 0 -1
    outer loop
      vertex 0.0156876 -0.0133541 -0.003
      vertex 0.02 -0.02 -0.003
      vertex 0.0156473 -0.0134923 -0.003
    endloop
  endfacet
  facet normal 0 0 -1
    outer loop
      vertex 0.02 -0.02 -0.003
      vertex 0.015601 -0.0136287 -0.003
      vertex 0.0156473 -0.0134923 -0.003
    endloop
  endfacet
  facet normal 0 0 -1
    outer loop
      vertex 0.0154271 -0.0109762 -0.003
      vertex 0.0153579 -0.01085 -0.003
      vertex 0.02 0.02 -0.003
    endloop
  endfacet
  facet normal 0 0 -1
    outer loop
      vertex -0.0146212 0.00997205 -0.003
      vertex -0.0145089 0.00988193 -0.003
      vertex -0.0143928 -0.0097968 -0.003
    endloop
  endfacet
  facet normal 0 0 -1
    outer loop
      vertex -0.0142731 0.0152832 -0.003
      vertex -0.0143928 0.0152032 -0.003
      vertex -0.02 0.02 -0.003
    endloop
  endfacet
  facet normal 0 0 -1
    outer loop
      vertex -0.0143928 0.0152032 -0.003
      vertex -0.0145089 0.0151181 -0.003
      vertex -0.02 0.02 -0.003
    endloop
  endfacet
  facet normal 0 0 -1
    outer loop
      vertex -0.02 0.02 -0.003
      vertex -0.0145089 0.0151181 -0.003
      vertex -0.0146212 0.0150279 -0.003
    endloop
  endfacet
  facet normal 0 0 -1
    outer loop
      vertex -0.0152032 0.0143928 -0.003
      vertex -0.0152832 0.0142731 -0.003
      vertex -0.02 0.02 -0.003
    endloop
  endfacet
  facet normal 0 0 -1
    outer loop
      vertex -0.0152832 0.0142731 -0.003
      vertex -0.0153579 0.01415 -0.003
      vertex -0.02 0.02 -0.003
    endloop
  endfacet
  facet normal 0 0 -1
    outer loop
      vertex -0.0153579 0.01415 -0.003
      vertex -0.0154271 0.0140238 -0.003
      vertex -0.02 0.02 -0.003
    endloop
  endfacet
  facet normal 0 0 -1
    outer loop
      vertex -0.0154271 0.0140238 -0.003
      vertex -0.0154908 0.0138946 -0.003
      vertex -0.02 0.02 -0.003
    endloop
  endfacet
  facet normal 0 0 -1
    outer loop
      vertex -0.02 0.02 -0.003
      vertex -0.0154908 0.0138946 -0.003
      vertex -0.0155488 0.0137629 -0.003
    endloop
  endfacet
  facet normal 0 0 -1
    outer loop
      vertex -0.0155488 0.0137629 -0.003
      vertex -0.015601 0.0136287 -0.003
      vertex -0.02 0.02 -0.003
    endloop
  endfacet
  facet normal 0 0 -1
    outer loop
      vertex -0.015601 0.0136287 -0.003
      vertex -0.0156473 0.0134923 -0.003
      vertex -0.02 0.02 -0.003
    endloop
  endfacet
  facet normal 0 0 -1
    outer loop
      vertex -0.02 0.02 -0.003
      vertex -0.0156473 0.0134923 -0.003
      vertex -0.0156876 0.0133541 -0.003
    endloop
  endfacet
  facet normal 0 0 -1
    outer loop
      vertex -0.0156876 0.0133541 -0.003
      vertex -0.0157218 0.0132143 -0.003
      vertex -0.02 0.02 -0.003
    endloop
  endfacet
  facet normal 0 0 -1
    outer loop
      vertex -0.0157218 0.0132143 -0.003
      vertex -0.0157499 0.013073 -0.003
      vertex -0.02 0.02 -0.003
    endloop
  endfacet
  facet normal 0 0 -1
    outer loop
      vertex -0.02 0.02 -0.003
      vertex -0.0157499 0.013073 -0.003
      vertex -0.0157718 0.0129307 -0.003
    endloop
  endfacet
  facet normal 0 0 -1
    outer loop
      vertex 0.010067 0.0147294 -0.003
      vertex 0.00997205 0.0146212 -0.003
      vertex -0.0092 0.0125 -0.003
    endloop
  endfacet
  facet normal 0 0 -1
    outer loop
      vertex 0.00997205 0.0146212 -0.003
      vertex 0.00988193 0.0145089 -0.003
      vertex -0.0092 0.0125 -0.003
    endloop
  endfacet
  facet normal 0 0 -1
    outer loop
      vertex -0.0092 0.0125 -0.003
      vertex 0.00988193 0.0145089 -0.003
      vertex 0.0097968 0.0143928 -0.003
    endloop
  endfacet
  facet normal 0 0 -1
    outer loop
      vertex 0.0140238 -0.0154271 -0.003
      vertex 0.01415 -0.0153579 -0.003
      vertex 0.02 -0.02 -0.003
    endloop
  endfacet
  facet normal 0 0 -1
    outer loop
      vertex 0.01415 -0.0153579 -0.003
      vertex 0.0142731 -0.0152832 -0.003
      vertex 0.02 -0.02 -0.003
    endloop
  endfacet
  facet normal 0 0 -1
    outer loop
      vertex 0.02 -0.02 -0.003
      vertex 0.0142731 -0.0152832 -0.003
      vertex 0.0143928 -0.0152032 -0.003
    endloop
  endfacet
  facet normal 0 0 -1
    outer loop
      vertex 0.02 -0.02 -0.003
      vertex 0.0151181 -0.0145089 -0.003
      vertex 0.0152032 -0.0143928 -0.003
    endloop
  endfacet
  facet normal 0 0 -1
    outer loop
      vertex 0.0156876 -0.0133541 -0.003
      vertex 0.0157218 -0.0132143 -0.003
      vertex 0.02 -0.02 -0.003
    endloop
  endfacet
  facet normal 0 0 -1
    outer loop
      vertex 0.0157218 -0.0132143 -0.003
      vertex 0.0157499 -0.013073 -0.003
      vertex 0.02 -0.02 -0.003
    endloop
  endfacet
  facet normal 0 0 -1
    outer loop
      vertex 0.02 -0.02 -0.003
      vertex 0.0157499 -0.013073 -0.003
      vertex 0.0157718 -0.0129307 -0.003
    endloop
  endfacet
  facet normal 0 0 -1
    outer loop
      vertex 0.0157218 -0.0117857 -0.003
      vertex 0.02 0.02 -0.003
      vertex 0.0157499 -0.011927 -0.003
    endloop
  endfacet
  facet normal 0 0 -1
    outer loop
      vertex 0.02 0.02 -0.003
      vertex 0.02 -0.02 -0.003
      vertex 0.0157499 -0.011927 -0.003
    endloop
  endfacet
  facet normal 0 0 -1
    outer loop
      vertex 0.0157499 -0.011927 -0.003
      vertex 0.02 -0.02 -0.003
      vertex 0.0157718 -0.0120693 -0.003
    endloop
  endfacet
  facet normal 0 0 -1
    outer loop
      vertex 0.0157218 -0.0117857 -0.003
      vertex 0.0156876 -0.0116459 -0.003
      vertex 0.02 0.02 -0.003
    endloop
  endfacet
  facet normal 0 0 -1
    outer loop
      vertex 0.0156876 -0.0116459 -0.003
      vertex 0.0156473 -0.0115077 -0.003
      vertex 0.02 0.02 -0.003
    endloop
  endfacet
  facet normal 0 0 -1
    outer loop
      vertex 0.02 0.02 -0.003
      vertex 0.0156473 -0.0115077 -0.003
      vertex 0.015601 -0.0113713 -0.003
    endloop
  endfacet
  facet normal 0 0 -1
    outer loop
      vertex 0.0106072 0.0097968 -0.003
      vertex 0.0107269 0.00971681 -0.003
      vertex -0.00964212 -0.01085 -0.003
    endloop
  endfacet
  facet normal 0 0 -1
    outer loop
      vertex -0.014933 0.0147294 -0.003
      vertex -0.0150279 0.0146212 -0.003
      vertex -0.02 0.02 -0.003
    endloop
  endfacet
  facet normal 0 0 -1
    outer loop
      vertex -0.0150279 0.0146212 -0.003
      vertex -0.0151181 0.0145089 -0.003
      vertex -0.02 0.02 -0.003
    endloop
  endfacet
  facet normal 0 0 -1
    outer loop
      vertex -0.02 0.02 -0.003
      vertex -0.0151181 0.0145089 -0.003
      vertex -0.0152032 0.0143928 -0.003
    endloop
  endfacet
  facet normal 0 0 -1
    outer loop
      vertex 0.0103788 0.0150279 -0.003
      vertex 0.0102706 0.014933 -0.003
      vertex -0.0092 0.0125 -0.003
    endloop
  endfacet
  facet normal 0 0 -1
    outer loop
      vertex 0.0102706 0.014933 -0.003
      vertex 0.0101665 0.0148335 -0.003
      vertex -0.0092 0.0125 -0.003
    endloop
  endfacet
  facet normal 0 0 -1
    outer loop
      vertex -0.0092 0.0125 -0.003
      vertex 0.0101665 0.0148335 -0.003
      vertex 0.010067 0.0147294 -0.003
    endloop
  endfacet
  facet normal 0 0 -1
    outer loop
      vertex 0.0148335 -0.0148335 -0.003
      vertex 0.014933 -0.0147294 -0.003
      vertex 0.02 -0.02 -0.003
    endloop
  endfacet
  facet normal 0 0 -1
    outer loop
      vertex 0.014933 -0.0147294 -0.003
      vertex 0.0150279 -0.0146212 -0.003
      vertex 0.02 -0.02 -0.003
    endloop
  endfacet
  facet normal 0 0 -1
    outer loop
      vertex 0.02 -0.02 -0.003
      vertex 0.0150279 -0.0146212 -0.003
      vertex 0.0151181 -0.0145089 -0.003
    endloop
  endfacet
  facet normal 0 0 -1
    outer loop
      vertex 0.0152032 -0.0143928 -0.003
      vertex 0.0152832 -0.0142731 -0.003
      vertex 0.02 -0.02 -0.003
    endloop
  endfacet
  facet normal 0 0 -1
    outer loop
      vertex 0.0152832 -0.0142731 -0.003
      vertex 0.0153579 -0.01415 -0.003
      vertex 0.02 -0.02 -0.003
    endloop
  endfacet
  facet normal 0 0 -1
    outer loop
      vertex 0.02 -0.02 -0.003
      vertex 0.0153579 -0.01415 -0.003
      vertex 0.0154271 -0.0140238 -0.003
    endloop
  endfacet
  facet normal 0 0 -1
    outer loop
      vertex 0.0157718 -0.0129307 -0.003
      vertex 0.0157874 -0.0127876 -0.003
      vertex 0.02 -0.02 -0.003
    endloop
  endfacet
  facet normal 0 0 -1
    outer loop
      vertex 0.0157874 -0.0127876 -0.003
      vertex 0.0157969 -0.0126439 -0.003
      vertex 0.02 -0.02 -0.003
    endloop
  endfacet
  facet normal 0 0 -1
    outer loop
      vertex 0.02 -0.02 -0.003
      vertex 0.0157969 -0.0126439 -0.003
      vertex 0.0158 -0.0125 -0.003
    endloop
  endfacet
  facet normal 0 0 -1
    outer loop
      vertex 0.0158 -0.0125 -0.003
      vertex 0.0157969 -0.0123561 -0.003
      vertex 0.02 -0.02 -0.003
    endloop
  endfacet
  facet normal 0 0 -1
    outer loop
      vertex 0.0157969 -0.0123561 -0.003
      vertex 0.0157874 -0.0122124 -0.003
      vertex 0.02 -0.02 -0.003
    endloop
  endfacet
  facet normal 0 0 -1
    outer loop
      vertex 0.02 -0.02 -0.003
      vertex 0.0157874 -0.0122124 -0.003
      vertex 0.0157718 -0.0120693 -0.003
    endloop
  endfacet
  facet normal 0 0 -1
    outer loop
      vertex 0.015601 -0.0113713 -0.003
      vertex 0.0155488 -0.0112371 -0.003
      vertex 0.02 0.02 -0.003
    endloop
  endfacet
  facet normal 0 0 -1
    outer loop
      vertex 0.0155488 -0.0112371 -0.003
      vertex 0.0154908 -0.0111054 -0.003
      vertex 0.02 0.02 -0.003
    endloop
  endfacet
  facet normal 0 0 -1
    outer loop
      vertex 0.02 0.02 -0.003
      vertex 0.0154908 -0.0111054 -0.003
      vertex 0.0154271 -0.0109762 -0.003
    endloop
  endfacet
  facet normal 0 0 -1
    outer loop
      vertex 0.0157718 0.0129307 -0.003
      vertex 0.0157499 0.013073 -0.003
      vertex 0.02 0.02 -0.003
    endloop
  endfacet
  facet normal 0 0 -1
    outer loop
      vertex -0.0125 0.0158 -0.003
      vertex -0.0126439 0.0157969 -0.003
      vertex -0.02 0.02 -0.003
    endloop
  endfacet
  facet normal 0 0 -1
    outer loop
      vertex -0.0106072 -0.0097968 -0.003
      vertex 0.0092 0.0125 -0.003
      vertex 0.00920314 0.0123561 -0.003
    endloop
  endfacet
  facet normal 0 0 -1
    outer loop
      vertex 0.0094512 0.0112371 -0.003
      vertex -0.0106072 -0.0097968 -0.003
      vertex 0.00939901 0.0113713 -0.003
    endloop
  endfacet
  facet normal 0 0 -1
    outer loop
      vertex -0.0106072 -0.0097968 -0.003
      vertex 0.00935273 0.0115077 -0.003
      vertex 0.00939901 0.0113713 -0.003
    endloop
  endfacet
  facet normal 0 0 -1
    outer loop
      vertex -0.0157874 -0.0122124 -0.003
      vertex -0.02 -0.02 -0.003
      vertex -0.0157718 -0.0120693 -0.003
    endloop
  endfacet
  facet normal 0 0 -1
    outer loop
      vertex -0.02 -0.02 -0.003
      vertex -0.0157499 -0.011927 -0.003
      vertex -0.0157718 -0.0120693 -0.003
    endloop
  endfacet
  facet normal 0 0 -1
    outer loop
      vertex -0.0157874 -0.0122124 -0.003
      vertex -0.0157969 -0.0123561 -0.003
      vertex -0.02 -0.02 -0.003
    endloop
  endfacet
  facet normal 0 0 -1
    outer loop
      vertex -0.0157969 -0.0123561 -0.003
      vertex -0.0158 -0.0125 -0.003
      vertex -0.02 -0.02 -0.003
    endloop
  endfacet
  facet normal 0 0 -1
    outer loop
      vertex -0.02 -0.02 -0.003
      vertex -0.0158 -0.0125 -0.003
      vertex -0.0157969 -0.0126439 -0.003
    endloop
  endfacet
  facet normal 0 0 -1
    outer loop
      vertex -0.0146212 0.0150279 -0.003
      vertex -0.0147294 0.014933 -0.003
      vertex -0.02 0.02 -0.003
    endloop
  endfacet
  facet normal 0 0 -1
    outer loop
      vertex -0.0147294 0.014933 -0.003
      vertex -0.0148335 0.0148335 -0.003
      vertex -0.02 0.02 -0.003
    endloop
  endfacet
  facet normal 0 0 -1
    outer loop
      vertex -0.02 0.02 -0.003
      vertex -0.0148335 0.0148335 -0.003
      vertex -0.014933 0.0147294 -0.003
    endloop
  endfacet
  facet normal 0 0 -1
    outer loop
      vertex 0.0132143 -0.0157218 -0.003
      vertex 0.0133541 -0.0156876 -0.003
      vertex 0.02 -0.02 -0.003
    endloop
  endfacet
  facet normal 0 0 -1
    outer loop
      vertex 0.0133541 -0.0156876 -0.003
      vertex 0.0134923 -0.0156473 -0.003
      vertex 0.02 -0.02 -0.003
    endloop
  endfacet
  facet normal 0 0 -1
    outer loop
      vertex 0.02 -0.02 -0.003
      vertex 0.0134923 -0.0156473 -0.003
      vertex 0.0136287 -0.015601 -0.003
    endloop
  endfacet
  facet normal 0 0 -1
    outer loop
      vertex 0.0136287 -0.015601 -0.003
      vertex 0.0137629 -0.0155488 -0.003
      vertex 0.02 -0.02 -0.003
    endloop
  endfacet
  facet normal 0 0 -1
    outer loop
      vertex 0.0137629 -0.0155488 -0.003
      vertex 0.0138946 -0.0154908 -0.003
      vertex 0.02 -0.02 -0.003
    endloop
  endfacet
  facet normal 0 0 -1
    outer loop
      vertex 0.02 -0.02 -0.003
      vertex 0.0138946 -0.0154908 -0.003
      vertex 0.0140238 -0.0154271 -0.003
    endloop
  endfacet
  facet normal 0 0 -1
    outer loop
      vertex 0.0143928 -0.0152032 -0.003
      vertex 0.0145089 -0.0151181 -0.003
      vertex 0.02 -0.02 -0.003
    endloop
  endfacet
  facet normal 0 0 -1
    outer loop
      vertex 0.0145089 -0.0151181 -0.003
      vertex 0.0146212 -0.0150279 -0.003
      vertex 0.02 -0.02 -0.003
    endloop
  endfacet
  facet normal 0 0 -1
    outer loop
      vertex 0.02 -0.02 -0.003
      vertex 0.0146212 -0.0150279 -0.003
      vertex 0.0147294 -0.014933 -0.003
    endloop
  endfacet
  facet normal 0 0 -1
    outer loop
      vertex 0.0154271 -0.0140238 -0.003
      vertex 0.0154908 -0.0138946 -0.003
      vertex 0.02 -0.02 -0.003
    endloop
  endfacet
  facet normal 0 0 -1
    outer loop
      vertex 0.0154908 -0.0138946 -0.003
      vertex 0.0155488 -0.0137629 -0.003
      vertex 0.02 -0.02 -0.003
    endloop
  endfacet
  facet normal 0 0 -1
    outer loop
      vertex 0.02 -0.02 -0.003
      vertex 0.0155488 -0.0137629 -0.003
      vertex 0.015601 -0.0136287 -0.003
    endloop
  endfacet
  facet normal 0 0 -1
    outer loop
      vertex 0.0153579 -0.01085 -0.003
      vertex 0.0152832 -0.0107269 -0.003
      vertex 0.02 0.02 -0.003
    endloop
  endfacet
  facet normal 0 0 -1
    outer loop
      vertex 0.0152832 -0.0107269 -0.003
      vertex 0.0152032 -0.0106072 -0.003
      vertex 0.02 0.02 -0.003
    endloop
  endfacet
  facet normal 0 0 -1
    outer loop
      vertex 0.02 0.02 -0.003
      vertex 0.0152032 -0.0106072 -0.003
      vertex 0.0151181 -0.0104911 -0.003
    endloop
  endfacet
  facet normal 0 0 -1
    outer loop
      vertex 0.0151181 -0.0104911 -0.003
      vertex 0.0150279 -0.0103788 -0.003
      vertex 0.02 0.02 -0.003
    endloop
  endfacet
  facet normal 0 0 -1
    outer loop
      vertex 0.0150279 -0.0103788 -0.003
      vertex 0.014933 -0.0102706 -0.003
      vertex 0.02 0.02 -0.003
    endloop
  endfacet
  facet normal 0 0 -1
    outer loop
      vertex 0.02 0.02 -0.003
      vertex 0.014933 -0.0102706 -0.003
      vertex 0.0148335 -0.0101665 -0.003
    endloop
  endfacet
  facet normal 0 0 -1
    outer loop
      vertex 0.00920314 0.0123561 -0.003
      vertex 0.00921256 0.0122124 -0.003
      vertex -0.0106072 -0.0097968 -0.003
    endloop
  endfacet
  facet normal 0 0 -1
    outer loop
      vertex 0.00921256 0.0122124 -0.003
      vertex 0.00922823 0.0120693 -0.003
      vertex -0.0106072 -0.0097968 -0.003
    endloop
  endfacet
  facet normal 0 0 -1
    outer loop
      vertex -0.0106072 -0.0097968 -0.003
      vertex 0.00922823 0.0120693 -0.003
      vertex 0.00925013 0.011927 -0.003
    endloop
  endfacet
  facet normal 0 0 -1
    outer loop
      vertex 0.0129307 0.00922823 -0.003
      vertex 0.013073 0.00925013 -0.003
      vertex -0.00964212 -0.01085 -0.003
    endloop
  endfacet
  facet normal 0 0 -1
    outer loop
      vertex 0.0142731 0.00971681 -0.003
      vertex 0.0143928 0.0097968 -0.003
      vertex -0.00964212 -0.01085 -0.003
    endloop
  endfacet
  facet normal 0 0 -1
    outer loop
      vertex 0.0143928 0.0097968 -0.003
      vertex 0.0145089 0.00988193 -0.003
      vertex -0.00964212 -0.01085 -0.003
    endloop
  endfacet
  facet normal 0 0 -1
    outer loop
      vertex -0.00964212 -0.01085 -0.003
      vertex 0.0145089 0.00988193 -0.003
      vertex 0.0146212 0.00997205 -0.003
    endloop
  endfacet
  facet normal 0 0 -1
    outer loop
      vertex -0.0154908 0.0111054 -0.003
      vertex -0.0154271 0.0109762 -0.003
      vertex -0.0143928 -0.0097968 -0.003
    endloop
  endfacet
  facet normal 0 0 -1
    outer loop
      vertex 0.0148335 -0.0101665 -0.003
      vertex 0.0147294 -0.010067 -0.003
      vertex 0.02 0.02 -0.003
    endloop
  endfacet
  facet normal 0 0 -1
    outer loop
      vertex 0.0147294 -0.010067 -0.003
      vertex 0.0146212 -0.00997205 -0.003
      vertex 0.02 0.02 -0.003
    endloop
  endfacet
  facet normal 0 0 -1
    outer loop
      vertex 0.02 0.02 -0.003
      vertex 0.0146212 -0.00997205 -0.003
      vertex 0.0145089 -0.00988193 -0.003
    endloop
  endfacet
  facet normal 0 0 -1
    outer loop
      vertex 0.0145089 -0.00988193 -0.003
      vertex 0.0143928 -0.0097968 -0.003
      vertex 0.02 0.02 -0.003
    endloop
  endfacet
  facet normal 0 0 -1
    outer loop
      vertex 0.0143928 -0.0097968 -0.003
      vertex 0.0142731 -0.00971681 -0.003
      vertex 0.02 0.02 -0.003
    endloop
  endfacet
  facet normal 0 0 -1
    outer loop
      vertex 0.02 0.02 -0.003
      vertex 0.0142731 -0.00971681 -0.003
      vertex 0.01415 -0.00964212 -0.003
    endloop
  endfacet
  facet normal 0 0 -1
    outer loop
      vertex 0.01415 -0.00964212 -0.003
      vertex 0.0140238 -0.00957286 -0.003
      vertex 0.02 0.02 -0.003
    endloop
  endfacet
  facet normal 0 0 -1
    outer loop
      vertex 0.0140238 -0.00957286 -0.003
      vertex 0.0138946 -0.00950918 -0.003
      vertex 0.02 0.02 -0.003
    endloop
  endfacet
  facet normal 0 0 -1
    outer loop
      vertex 0.02 0.02 -0.003
      vertex 0.0138946 -0.00950918 -0.003
      vertex 0.0137629 -0.0094512 -0.003
    endloop
  endfacet
  facet normal 0 0 -1
    outer loop
      vertex 0.0152832 0.0142731 -0.003
      vertex 0.0152032 0.0143928 -0.003
      vertex 0.02 0.02 -0.003
    endloop
  endfacet
  facet normal 0 0 -1
    outer loop
      vertex 0.0152032 0.0143928 -0.003
      vertex 0.0151181 0.0145089 -0.003
      vertex 0.02 0.02 -0.003
    endloop
  endfacet
  facet normal 0 0 -1
    outer loop
      vertex 0.0151181 0.0145089 -0.003
      vertex 0.0150279 0.0146212 -0.003
      vertex 0.02 0.02 -0.003
    endloop
  endfacet
  facet normal 0 0 -1
    outer loop
      vertex 0.0150279 0.0146212 -0.003
      vertex 0.014933 0.0147294 -0.003
      vertex 0.02 0.02 -0.003
    endloop
  endfacet
  facet normal 0 0 -1
    outer loop
      vertex 0.02 0.02 -0.003
      vertex 0.014933 0.0147294 -0.003
      vertex 0.0148335 0.0148335 -0.003
    endloop
  endfacet
  facet normal 0 0 -1
    outer loop
      vertex 0.0129307 0.0157718 -0.003
      vertex 0.0127876 0.0157874 -0.003
      vertex 0.02 0.02 -0.003
    endloop
  endfacet
  facet normal 0 0 -1
    outer loop
      vertex 0.0127876 0.0157874 -0.003
      vertex 0.0126439 0.0157969 -0.003
      vertex 0.02 0.02 -0.003
    endloop
  endfacet
  facet normal 0 0 -1
    outer loop
      vertex 0.02 0.02 -0.003
      vertex 0.0126439 0.0157969 -0.003
      vertex 0.0125 0.0158 -0.003
    endloop
  endfacet
  facet normal 0 0 -1
    outer loop
      vertex -0.00964212 0.01415 -0.003
      vertex -0.00971681 0.0142731 -0.003
      vertex 0.02 0.02 -0.003
    endloop
  endfacet
  facet normal 0 0 -1
    outer loop
      vertex -0.00971681 0.0142731 -0.003
      vertex -0.0097968 0.0143928 -0.003
      vertex 0.02 0.02 -0.003
    endloop
  endfacet
  facet normal 0 0 -1
    outer loop
      vertex 0.02 0.02 -0.003
      vertex -0.0097968 0.0143928 -0.003
      vertex -0.00988193 0.0145089 -0.003
    endloop
  endfacet
  facet normal 0 0 -1
    outer loop
      vertex -0.00988193 0.0145089 -0.003
      vertex -0.00997205 0.0146212 -0.003
      vertex 0.02 0.02 -0.003
    endloop
  endfacet
  facet normal 0 0 -1
    outer loop
      vertex -0.00997205 0.0146212 -0.003
      vertex -0.010067 0.0147294 -0.003
      vertex 0.02 0.02 -0.003
    endloop
  endfacet
  facet normal 0 0 -1
    outer loop
      vertex 0.02 0.02 -0.003
      vertex -0.010067 0.0147294 -0.003
      vertex -0.0101665 0.0148335 -0.003
    endloop
  endfacet
  facet normal 0 0 -1
    outer loop
      vertex -0.0116459 0.0156876 -0.003
      vertex -0.02 0.02 -0.003
      vertex 0.02 0.02 -0.003
    endloop
  endfacet
  facet normal 0 0 -1
    outer loop
      vertex -0.0120693 0.0157718 -0.003
      vertex -0.0122124 0.0157874 -0.003
      vertex -0.02 0.02 -0.003
    endloop
  endfacet
  facet normal 0 0 -1
    outer loop
      vertex -0.0122124 0.0157874 -0.003
      vertex -0.0123561 0.0157969 -0.003
      vertex -0.02 0.02 -0.003
    endloop
  endfacet
  facet normal 0 0 -1
    outer loop
      vertex -0.02 0.02 -0.003
      vertex -0.0123561 0.0157969 -0.003
      vertex -0.0125 0.0158 -0.003
    endloop
  endfacet
  facet normal 0 0 -1
    outer loop
      vertex -0.013073 0.0157499 -0.003
      vertex -0.0132143 0.0157218 -0.003
      vertex -0.02 0.02 -0.003
    endloop
  endfacet
  facet normal 0 0 -1
    outer loop
      vertex -0.0132143 0.0157218 -0.003
      vertex -0.0133541 0.0156876 -0.003
      vertex -0.02 0.02 -0.003
    endloop
  endfacet
  facet normal 0 0 -1
    outer loop
      vertex -0.02 0.02 -0.003
      vertex -0.0133541 0.0156876 -0.003
      vertex -0.0134923 0.0156473 -0.003
    endloop
  endfacet
  facet normal 0 0 -1
    outer loop
      vertex 0.00925013 0.011927 -0.003
      vertex 0.00927822 0.0117857 -0.003
      vertex -0.0106072 -0.0097968 -0.003
    endloop
  endfacet
  facet normal 0 0 -1
    outer loop
      vertex 0.00927822 0.0117857 -0.003
      vertex 0.00931244 0.0116459 -0.003
      vertex -0.0106072 -0.0097968 -0.003
    endloop
  endfacet
  facet normal 0 0 -1
    outer loop
      vertex -0.0106072 -0.0097968 -0.003
      vertex 0.00931244 0.0116459 -0.003
      vertex 0.00935273 0.0115077 -0.003
    endloop
  endfacet
  facet normal 0 0 -1
    outer loop
      vertex 0.0102706 0.010067 -0.003
      vertex 0.0103788 0.00997205 -0.003
      vertex -0.00964212 -0.01085 -0.003
    endloop
  endfacet
  facet normal 0 0 -1
    outer loop
      vertex 0.0103788 0.00997205 -0.003
      vertex 0.0104911 0.00988193 -0.003
      vertex -0.00964212 -0.01085 -0.003
    endloop
  endfacet
  facet normal 0 0 -1
    outer loop
      vertex -0.00964212 -0.01085 -0.003
      vertex 0.0104911 0.00988193 -0.003
      vertex 0.0106072 0.0097968 -0.003
    endloop
  endfacet
  facet normal 0 0 -1
    outer loop
      vertex 0.0107269 0.00971681 -0.003
      vertex 0.01085 0.00964212 -0.003
      vertex -0.00964212 -0.01085 -0.003
    endloop
  endfacet
  facet normal 0 0 -1
    outer loop
      vertex 0.01085 0.00964212 -0.003
      vertex 0.0109762 0.00957286 -0.003
      vertex -0.00964212 -0.01085 -0.003
    endloop
  endfacet
  facet normal 0 0 -1
    outer loop
      vertex -0.00964212 -0.01085 -0.003
      vertex 0.0109762 0.00957286 -0.003
      vertex 0.0111054 0.00950918 -0.003
    endloop
  endfacet
  facet normal 0 0 -1
    outer loop
      vertex 0.0111054 0.00950918 -0.003
      vertex 0.0112371 0.0094512 -0.003
      vertex -0.00964212 -0.01085 -0.003
    endloop
  endfacet
  facet normal 0 0 -1
    outer loop
      vertex 0.0112371 0.0094512 -0.003
      vertex 0.0113713 0.00939901 -0.003
      vertex -0.00964212 -0.01085 -0.003
    endloop
  endfacet
  facet normal 0 0 -1
    outer loop
      vertex -0.00964212 -0.01085 -0.003
      vertex 0.0113713 0.00939901 -0.003
      vertex 0.0115077 0.00935273 -0.003
    endloop
  endfacet
  facet normal 0 0 -1
    outer loop
      vertex 0.011927 0.00925013 -0.003
      vertex 0.0120693 0.00922823 -0.003
      vertex -0.00964212 -0.01085 -0.003
    endloop
  endfacet
  facet normal 0 0 -1
    outer loop
      vertex -0.0158 0.0125 -0.003
      vertex -0.0157969 0.0123561 -0.003
      vertex -0.02 0.02 -0.003
    endloop
  endfacet
  facet normal 0 0 -1
    outer loop
      vertex -0.0157969 0.0123561 -0.003
      vertex -0.0157874 0.0122124 -0.003
      vertex -0.02 0.02 -0.003
    endloop
  endfacet
  facet normal 0 0 -1
    outer loop
      vertex -0.02 0.02 -0.003
      vertex -0.0157874 0.0122124 -0.003
      vertex -0.0157718 0.0120693 -0.003
    endloop
  endfacet
  facet normal 0 0 -1
    outer loop
      vertex -0.00927822 0.0117857 -0.003
      vertex -0.00925013 0.011927 -0.003
      vertex 0.0092 0.0125 -0.003
    endloop
  endfacet
  facet normal 0 0 -1
    outer loop
      vertex -0.0146212 -0.00997205 -0.003
      vertex -0.02 0.02 -0.003
      vertex -0.0145089 -0.00988193 -0.003
    endloop
  endfacet
  facet normal 0 0 -1
    outer loop
      vertex -0.02 0.02 -0.003
      vertex -0.0143928 -0.0097968 -0.003
      vertex -0.0145089 -0.00988193 -0.003
    endloop
  endfacet
  facet normal 0 0 -1
    outer loop
      vertex -0.0152032 -0.0106072 -0.003
      vertex -0.0152832 -0.0107269 -0.003
      vertex -0.02 0.02 -0.003
    endloop
  endfacet
  facet normal 0 0 -1
    outer loop
      vertex -0.0152832 -0.0107269 -0.003
      vertex -0.0153579 -0.01085 -0.003
      vertex -0.02 0.02 -0.003
    endloop
  endfacet
  facet normal 0 0 -1
    outer loop
      vertex -0.02 0.02 -0.003
      vertex -0.0153579 -0.01085 -0.003
      vertex -0.0154271 -0.0109762 -0.003
    endloop
  endfacet
  facet normal 0 0 -1
    outer loop
      vertex -0.0154271 -0.0109762 -0.003
      vertex -0.0154908 -0.0111054 -0.003
      vertex -0.02 0.02 -0.003
    endloop
  endfacet
  facet normal 0 0 -1
    outer loop
      vertex -0.0154908 -0.0111054 -0.003
      vertex -0.0155488 -0.0112371 -0.003
      vertex -0.02 0.02 -0.003
    endloop
  endfacet
  facet normal 0 0 -1
    outer loop
      vertex -0.02 0.02 -0.003
      vertex -0.0155488 -0.0112371 -0.003
      vertex -0.015601 -0.0113713 -0.003
    endloop
  endfacet
  facet normal 0 0 -1
    outer loop
      vertex -0.015601 -0.0113713 -0.003
      vertex -0.0156473 -0.0115077 -0.003
      vertex -0.02 0.02 -0.003
    endloop
  endfacet
  facet normal 0 0 -1
    outer loop
      vertex -0.0156473 -0.0115077 -0.003
      vertex -0.0156876 -0.0116459 -0.003
      vertex -0.02 0.02 -0.003
    endloop
  endfacet
  facet normal 0 0 -1
    outer loop
      vertex -0.02 0.02 -0.003
      vertex -0.0156876 -0.0116459 -0.003
      vertex -0.02 -0.02 -0.003
    endloop
  endfacet
  facet normal 0 0 -1
    outer loop
      vertex -0.0156876 -0.0116459 -0.003
      vertex -0.0157218 -0.0117857 -0.003
      vertex -0.02 -0.02 -0.003
    endloop
  endfacet
  facet normal 0 0 -1
    outer loop
      vertex -0.02 -0.02 -0.003
      vertex -0.0157218 -0.0117857 -0.003
      vertex -0.0157499 -0.011927 -0.003
    endloop
  endfacet
  facet normal 0 0 -1
    outer loop
      vertex 0.013073 -0.00925013 -0.003
      vertex 0.02 0.02 -0.003
      vertex 0.0132143 -0.00927822 -0.003
    endloop
  endfacet
  facet normal 0 0 -1
    outer loop
      vertex 0.02 0.02 -0.003
      vertex 0.0133541 -0.00931244 -0.003
      vertex 0.0132143 -0.00927822 -0.003
    endloop
  endfacet
  facet normal 0 0 -1
    outer loop
      vertex 0.013073 -0.00925013 -0.003
      vertex 0.0129307 -0.00922823 -0.003
      vertex 0.02 0.02 -0.003
    endloop
  endfacet
  facet normal 0 0 -1
    outer loop
      vertex 0.0129307 -0.00922823 -0.003
      vertex 0.0127876 -0.00921256 -0.003
      vertex 0.02 0.02 -0.003
    endloop
  endfacet
  facet normal 0 0 -1
    outer loop
      vertex 0.02 0.02 -0.003
      vertex 0.0127876 -0.00921256 -0.003
      vertex 0.0126439 -0.00920314 -0.003
    endloop
  endfacet
  facet normal 0 0 -1
    outer loop
      vertex 0.0126439 -0.00920314 -0.003
      vertex 0.0125 -0.0092 -0.003
      vertex 0.02 0.02 -0.003
    endloop
  endfacet
  facet normal 0 0 -1
    outer loop
      vertex 0.0125 -0.0092 -0.003
      vertex 0.0123561 -0.00920314 -0.003
      vertex 0.02 0.02 -0.003
    endloop
  endfacet
  facet normal 0 0 -1
    outer loop
      vertex 0.02 0.02 -0.003
      vertex 0.0123561 -0.00920314 -0.003
      vertex 0.0122124 -0.00921256 -0.003
    endloop
  endfacet
  facet normal 0 0 -1
    outer loop
      vertex 0.0152832 0.0107269 -0.003
      vertex 0.0106072 -0.0097968 -0.003
      vertex 0.0152032 0.0106072 -0.003
    endloop
  endfacet
  facet normal 0 0 -1
    outer loop
      vertex 0.0106072 -0.0097968 -0.003
      vertex 0.0151181 0.0104911 -0.003
      vertex 0.0152032 0.0106072 -0.003
    endloop
  endfacet
  facet normal 0 0 -1
    outer loop
      vertex 0.0157499 0.013073 -0.003
      vertex 0.0157218 0.0132143 -0.003
      vertex 0.02 0.02 -0.003
    endloop
  endfacet
  facet normal 0 0 -1
    outer loop
      vertex 0.0157218 0.0132143 -0.003
      vertex 0.0156876 0.0133541 -0.003
      vertex 0.02 0.02 -0.003
    endloop
  endfacet
  facet normal 0 0 -1
    outer loop
      vertex 0.02 0.02 -0.003
      vertex 0.0156876 0.0133541 -0.003
      vertex 0.0156473 0.0134923 -0.003
    endloop
  endfacet
  facet normal 0 0 -1
    outer loop
      vertex 0.0148335 0.0148335 -0.003
      vertex 0.0147294 0.014933 -0.003
      vertex 0.02 0.02 -0.003
    endloop
  endfacet
  facet normal 0 0 -1
    outer loop
      vertex 0.0147294 0.014933 -0.003
      vertex 0.0146212 0.0150279 -0.003
      vertex 0.02 0.02 -0.003
    endloop
  endfacet
  facet normal 0 0 -1
    outer loop
      vertex 0.02 0.02 -0.003
      vertex 0.0146212 0.0150279 -0.003
      vertex 0.0145089 0.0151181 -0.003
    endloop
  endfacet
  facet normal 0 0 -1
    outer loop
      vertex 0.0133541 0.0156876 -0.003
      vertex 0.0132143 0.0157218 -0.003
      vertex 0.02 0.02 -0.003
    endloop
  endfacet
  facet normal 0 0 -1
    outer loop
      vertex 0.0132143 0.0157218 -0.003
      vertex 0.013073 0.0157499 -0.003
      vertex 0.02 0.02 -0.003
    endloop
  endfacet
  facet normal 0 0 -1
    outer loop
      vertex 0.02 0.02 -0.003
      vertex 0.013073 0.0157499 -0.003
      vertex 0.0129307 0.0157718 -0.003
    endloop
  endfacet
  facet normal 0 0 -1
    outer loop
      vertex -0.0101665 0.0148335 -0.003
      vertex -0.0102706 0.014933 -0.003
      vertex 0.02 0.02 -0.003
    endloop
  endfacet
  facet normal 0 0 -1
    outer loop
      vertex -0.0102706 0.014933 -0.003
      vertex -0.0103788 0.0150279 -0.003
      vertex 0.02 0.02 -0.003
    endloop
  endfacet
  facet normal 0 0 -1
    outer loop
      vertex 0.02 0.02 -0.003
      vertex -0.0103788 0.0150279 -0.003
      vertex -0.0104911 0.0151181 -0.003
    endloop
  endfacet
  facet normal 0 0 -1
    outer loop
      vertex -0.0116459 0.0156876 -0.003
      vertex -0.0117857 0.0157218 -0.003
      vertex -0.02 0.02 -0.003
    endloop
  endfacet
  facet normal 0 0 -1
    outer loop
      vertex -0.0117857 0.0157218 -0.003
      vertex -0.011927 0.0157499 -0.003
      vertex -0.02 0.02 -0.003
    endloop
  endfacet
  facet normal 0 0 -1
    outer loop
      vertex -0.02 0.02 -0.003
      vertex -0.011927 0.0157499 -0.003
      vertex -0.0120693 0.0157718 -0.003
    endloop
  endfacet
  facet normal 0 0 -1
    outer loop
      vertex -0.0126439 0.0157969 -0.003
      vertex -0.0127876 0.0157874 -0.003
      vertex -0.02 0.02 -0.003
    endloop
  endfacet
  facet normal 0 0 -1
    outer loop
      vertex -0.0127876 0.0157874 -0.003
      vertex -0.0129307 0.0157718 -0.003
      vertex -0.02 0.02 -0.003
    endloop
  endfacet
  facet normal 0 0 -1
    outer loop
      vertex -0.02 0.02 -0.003
      vertex -0.0129307 0.0157718 -0.003
      vertex -0.013073 0.0157499 -0.003
    endloop
  endfacet
  facet normal 0 0 -1
    outer loop
      vertex 0.0094512 0.0112371 -0.003
      vertex 0.00950918 0.0111054 -0.003
      vertex -0.0106072 -0.0097968 -0.003
    endloop
  endfacet
  facet normal 0 0 -1
    outer loop
      vertex 0.00950918 0.0111054 -0.003
      vertex 0.00957286 0.0109762 -0.003
      vertex -0.0106072 -0.0097968 -0.003
    endloop
  endfacet
  facet normal 0 0 -1
    outer loop
      vertex -0.0106072 -0.0097968 -0.003
      vertex 0.00957286 0.0109762 -0.003
      vertex 0.00964212 0.01085 -0.003
    endloop
  endfacet
  facet normal 0 0 -1
    outer loop
      vertex 0.00964212 0.01085 -0.003
      vertex 0.00971681 0.0107269 -0.003
      vertex -0.0106072 -0.0097968 -0.003
    endloop
  endfacet
  facet normal 0 0 -1
    outer loop
      vertex 0.00971681 0.0107269 -0.003
      vertex 0.0097968 0.0106072 -0.003
      vertex -0.0106072 -0.0097968 -0.003
    endloop
  endfacet
  facet normal 0 0 -1
    outer loop
      vertex -0.0106072 -0.0097968 -0.003
      vertex 0.0097968 0.0106072 -0.003
      vertex 0.00988193 0.0104911 -0.003
    endloop
  endfacet
  facet normal 0 0 -1
    outer loop
      vertex 0.0120693 0.00922823 -0.003
      vertex 0.0122124 0.00921256 -0.003
      vertex -0.00964212 -0.01085 -0.003
    endloop
  endfacet
  facet normal 0 0 -1
    outer loop
      vertex 0.0122124 0.00921256 -0.003
      vertex 0.0123561 0.00920314 -0.003
      vertex -0.00964212 -0.01085 -0.003
    endloop
  endfacet
  facet normal 0 0 -1
    outer loop
      vertex -0.00964212 -0.01085 -0.003
      vertex 0.0123561 0.00920314 -0.003
      vertex 0.0125 0.0092 -0.003
    endloop
  endfacet
  facet normal 0 0 -1
    outer loop
      vertex 0.0125 0.0092 -0.003
      vertex 0.0126439 0.00920314 -0.003
      vertex -0.00964212 -0.01085 -0.003
    endloop
  endfacet
  facet normal 0 0 -1
    outer loop
      vertex 0.0126439 0.00920314 -0.003
      vertex 0.0127876 0.00921256 -0.003
      vertex -0.00964212 -0.01085 -0.003
    endloop
  endfacet
  facet normal 0 0 -1
    outer loop
      vertex -0.00964212 -0.01085 -0.003
      vertex 0.0127876 0.00921256 -0.003
      vertex 0.0129307 0.00922823 -0.003
    endloop
  endfacet
  facet normal 0 0 -1
    outer loop
      vertex 0.013073 0.00925013 -0.003
      vertex 0.0132143 0.00927822 -0.003
      vertex -0.00964212 -0.01085 -0.003
    endloop
  endfacet
  facet normal 0 0 -1
    outer loop
      vertex 0.0132143 0.00927822 -0.003
      vertex 0.0133541 0.00931244 -0.003
      vertex -0.00964212 -0.01085 -0.003
    endloop
  endfacet
  facet normal 0 0 -1
    outer loop
      vertex -0.00964212 -0.01085 -0.003
      vertex 0.0133541 0.00931244 -0.003
      vertex 0.0134923 0.00935273 -0.003
    endloop
  endfacet
  facet normal 0 0 -1
    outer loop
      vertex 0.0138946 0.00950918 -0.003
      vertex 0.0140238 0.00957286 -0.003
      vertex -0.00964212 -0.01085 -0.003
    endloop
  endfacet
  facet normal 0 0 -1
    outer loop
      vertex 0.0140238 0.00957286 -0.003
      vertex 0.01415 0.00964212 -0.003
      vertex -0.00964212 -0.01085 -0.003
    endloop
  endfacet
  facet normal 0 0 -1
    outer loop
      vertex -0.00964212 -0.01085 -0.003
      vertex 0.01415 0.00964212 -0.003
      vertex 0.0142731 0.00971681 -0.003
    endloop
  endfacet
  facet normal 0 0 -1
    outer loop
      vertex -0.0156473 0.0115077 -0.003
      vertex -0.015601 0.0113713 -0.003
      vertex -0.0143928 -0.0097968 -0.003
    endloop
  endfacet
  facet normal 0 0 -1
    outer loop
      vertex -0.015601 0.0113713 -0.003
      vertex -0.0155488 0.0112371 -0.003
      vertex -0.0143928 -0.0097968 -0.003
    endloop
  endfacet
  facet normal 0 0 -1
    outer loop
      vertex -0.0143928 -0.0097968 -0.003
      vertex -0.0155488 0.0112371 -0.003
      vertex -0.0154908 0.0111054 -0.003
    endloop
  endfacet
  facet normal 0 0 -1
    outer loop
      vertex -0.0154271 0.0109762 -0.003
      vertex -0.0153579 0.01085 -0.003
      vertex -0.0143928 -0.0097968 -0.003
    endloop
  endfacet
  facet normal 0 0 -1
    outer loop
      vertex -0.0153579 0.01085 -0.003
      vertex -0.0152832 0.0107269 -0.003
      vertex -0.0143928 -0.0097968 -0.003
    endloop
  endfacet
  facet normal 0 0 -1
    outer loop
      vertex -0.0143928 -0.0097968 -0.003
      vertex -0.0152832 0.0107269 -0.003
      vertex -0.0152032 0.0106072 -0.003
    endloop
  endfacet
  facet normal 0 0 -1
    outer loop
      vertex -0.0152032 0.0106072 -0.003
      vertex -0.0151181 0.0104911 -0.003
      vertex -0.0143928 -0.0097968 -0.003
    endloop
  endfacet
  facet normal 0 0 -1
    outer loop
      vertex -0.0151181 0.0104911 -0.003
      vertex -0.0150279 0.0103788 -0.003
      vertex -0.0143928 -0.0097968 -0.003
    endloop
  endfacet
  facet normal 0 0 -1
    outer loop
      vertex -0.0143928 -0.0097968 -0.003
      vertex -0.0150279 0.0103788 -0.003
      vertex -0.014933 0.0102706 -0.003
    endloop
  endfacet
  facet normal 0 0 -1
    outer loop
      vertex -0.014933 0.0102706 -0.003
      vertex -0.0148335 0.0101665 -0.003
      vertex -0.0143928 -0.0097968 -0.003
    endloop
  endfacet
  facet normal 0 0 -1
    outer loop
      vertex -0.0148335 0.0101665 -0.003
      vertex -0.0147294 0.010067 -0.003
      vertex -0.0143928 -0.0097968 -0.003
    endloop
  endfacet
  facet normal 0 0 -1
    outer loop
      vertex -0.0143928 -0.0097968 -0.003
      vertex -0.0147294 0.010067 -0.003
      vertex -0.0146212 0.00997205 -0.003
    endloop
  endfacet
  facet normal 0 0 -1
    outer loop
      vertex -0.0145089 0.00988193 -0.003
      vertex -0.0143928 0.0097968 -0.003
      vertex -0.0143928 -0.0097968 -0.003
    endloop
  endfacet
  facet normal 0 0 -1
    outer loop
      vertex -0.0143928 0.0097968 -0.003
      vertex -0.0142731 0.00971681 -0.003
      vertex -0.0143928 -0.0097968 -0.003
    endloop
  endfacet
  facet normal 0 0 -1
    outer loop
      vertex -0.0143928 -0.0097968 -0.003
      vertex -0.0142731 0.00971681 -0.003
      vertex -0.01415 0.00964212 -0.003
    endloop
  endfacet
  facet normal 0 0 -1
    outer loop
      vertex -0.00997205 0.0103788 -0.003
      vertex -0.00988193 0.0104911 -0.003
      vertex 0.0092 0.0125 -0.003
    endloop
  endfacet
  facet normal 0 0 -1
    outer loop
      vertex -0.00988193 0.0104911 -0.003
      vertex -0.0097968 0.0106072 -0.003
      vertex 0.0092 0.0125 -0.003
    endloop
  endfacet
  facet normal 0 0 -1
    outer loop
      vertex -0.00925013 0.011927 -0.003
      vertex -0.00922823 0.0120693 -0.003
      vertex 0.0092 0.0125 -0.003
    endloop
  endfacet
  facet normal 0 0 -1
    outer loop
      vertex -0.00922823 0.0120693 -0.003
      vertex -0.00921256 0.0122124 -0.003
      vertex 0.0092 0.0125 -0.003
    endloop
  endfacet
  facet normal 0 0 -1
    outer loop
      vertex 0.0092 0.0125 -0.003
      vertex -0.00921256 0.0122124 -0.003
      vertex -0.00920314 0.0123561 -0.003
    endloop
  endfacet
  facet normal 0 0 -1
    outer loop
      vertex -0.014933 -0.0102706 -0.003
      vertex -0.0150279 -0.0103788 -0.003
      vertex -0.02 0.02 -0.003
    endloop
  endfacet
  facet normal 0 0 -1
    outer loop
      vertex -0.0150279 -0.0103788 -0.003
      vertex -0.0151181 -0.0104911 -0.003
      vertex -0.02 0.02 -0.003
    endloop
  endfacet
  facet normal 0 0 -1
    outer loop
      vertex -0.02 0.02 -0.003
      vertex -0.0151181 -0.0104911 -0.003
      vertex -0.0152032 -0.0106072 -0.003
    endloop
  endfacet
  facet normal 0 0 -1
    outer loop
      vertex 0.0137629 -0.0094512 -0.003
      vertex 0.0136287 -0.00939901 -0.003
      vertex 0.02 0.02 -0.003
    endloop
  endfacet
  facet normal 0 0 -1
    outer loop
      vertex 0.0136287 -0.00939901 -0.003
      vertex 0.0134923 -0.00935273 -0.003
      vertex 0.02 0.02 -0.003
    endloop
  endfacet
  facet normal 0 0 -1
    outer loop
      vertex 0.02 0.02 -0.003
      vertex 0.0134923 -0.00935273 -0.003
      vertex 0.0133541 -0.00931244 -0.003
    endloop
  endfacet
  facet normal 0 0 -1
    outer loop
      vertex 0.0109762 -0.00957286 -0.003
      vertex 0.01085 -0.00964212 -0.003
      vertex 0.02 0.02 -0.003
    endloop
  endfacet
  facet normal 0 0 -1
    outer loop
      vertex 0.01085 -0.00964212 -0.003
      vertex 0.0107269 -0.00971681 -0.003
      vertex 0.02 0.02 -0.003
    endloop
  endfacet
  facet normal 0 0 -1
    outer loop
      vertex 0.02 0.02 -0.003
      vertex 0.0107269 -0.00971681 -0.003
      vertex 0.0106072 -0.0097968 -0.003
    endloop
  endfacet
  facet normal 0 0 -1
    outer loop
      vertex 0.0097968 -0.0106072 -0.003
      vertex 0.00971681 -0.0107269 -0.003
      vertex -0.00964212 -0.01085 -0.003
    endloop
  endfacet
  facet normal 0 0 -1
    outer loop
      vertex 0.00920314 -0.0123561 -0.003
      vertex -0.00921256 -0.0122124 -0.003
      vertex 0.00921256 -0.0122124 -0.003
    endloop
  endfacet
  facet normal 0 0 -1
    outer loop
      vertex -0.00921256 -0.0122124 -0.003
      vertex -0.00922823 -0.0120693 -0.003
      vertex 0.00921256 -0.0122124 -0.003
    endloop
  endfacet
  facet normal 0 0 -1
    outer loop
      vertex 0.00921256 -0.0122124 -0.003
      vertex -0.00922823 -0.0120693 -0.003
      vertex -0.00925013 -0.011927 -0.003
    endloop
  endfacet
  facet normal 0 0 -1
    outer loop
      vertex 0.0156876 0.0116459 -0.003
      vertex 0.0157218 0.0117857 -0.003
      vertex 0.02 0.02 -0.003
    endloop
  endfacet
  facet normal 0 0 -1
    outer loop
      vertex 0.0157218 0.0117857 -0.003
      vertex 0.0157499 0.011927 -0.003
      vertex 0.02 0.02 -0.003
    endloop
  endfacet
  facet normal 0 0 -1
    outer loop
      vertex 0.02 0.02 -0.003
      vertex 0.0157499 0.011927 -0.003
      vertex 0.0157718 0.0120693 -0.003
    endloop
  endfacet
  facet normal 0 0 -1
    outer loop
      vertex 0.0156473 0.0134923 -0.003
      vertex 0.015601 0.0136287 -0.003
      vertex 0.02 0.02 -0.003
    endloop
  endfacet
  facet normal 0 0 -1
    outer loop
      vertex 0.015601 0.0136287 -0.003
      vertex 0.0155488 0.0137629 -0.003
      vertex 0.02 0.02 -0.003
    endloop
  endfacet
  facet normal 0 0 -1
    outer loop
      vertex 0.02 0.02 -0.003
      vertex 0.0155488 0.0137629 -0.003
      vertex 0.0154908 0.0138946 -0.003
    endloop
  endfacet
  facet normal 0 0 -1
    outer loop
      vertex 0.0154908 0.0138946 -0.003
      vertex 0.0154271 0.0140238 -0.003
      vertex 0.02 0.02 -0.003
    endloop
  endfacet
  facet normal 0 0 -1
    outer loop
      vertex 0.0154271 0.0140238 -0.003
      vertex 0.0153579 0.01415 -0.003
      vertex 0.02 0.02 -0.003
    endloop
  endfacet
  facet normal 0 0 -1
    outer loop
      vertex 0.02 0.02 -0.003
      vertex 0.0153579 0.01415 -0.003
      vertex 0.0152832 0.0142731 -0.003
    endloop
  endfacet
  facet normal 0 0 -1
    outer loop
      vertex 0.0145089 0.0151181 -0.003
      vertex 0.0143928 0.0152032 -0.003
      vertex 0.02 0.02 -0.003
    endloop
  endfacet
  facet normal 0 0 -1
    outer loop
      vertex 0.0143928 0.0152032 -0.003
      vertex 0.0142731 0.0152832 -0.003
      vertex 0.02 0.02 -0.003
    endloop
  endfacet
  facet normal 0 0 -1
    outer loop
      vertex 0.02 0.02 -0.003
      vertex 0.0142731 0.0152832 -0.003
      vertex 0.01415 0.0153579 -0.003
    endloop
  endfacet
  facet normal 0 0 -1
    outer loop
      vertex 0.01415 0.0153579 -0.003
      vertex 0.0140238 0.0154271 -0.003
      vertex 0.02 0.02 -0.003
    endloop
  endfacet
  facet normal 0 0 -1
    outer loop
      vertex 0.0140238 0.0154271 -0.003
      vertex 0.0138946 0.0154908 -0.003
      vertex 0.02 0.02 -0.003
    endloop
  endfacet
  facet normal 0 0 -1
    outer loop
      vertex 0.02 0.02 -0.003
      vertex 0.0138946 0.0154908 -0.003
      vertex 0.0137629 0.0155488 -0.003
    endloop
  endfacet
  facet normal 0 0 -1
    outer loop
      vertex 0.0137629 0.0155488 -0.003
      vertex 0.0136287 0.015601 -0.003
      vertex 0.02 0.02 -0.003
    endloop
  endfacet
  facet normal 0 0 -1
    outer loop
      vertex 0.0136287 0.015601 -0.003
      vertex 0.0134923 0.0156473 -0.003
      vertex 0.02 0.02 -0.003
    endloop
  endfacet
  facet normal 0 0 -1
    outer loop
      vertex 0.02 0.02 -0.003
      vertex 0.0134923 0.0156473 -0.003
      vertex 0.0133541 0.0156876 -0.003
    endloop
  endfacet
  facet normal 0 0 -1
    outer loop
      vertex -0.0092 0.0125 -0.003
      vertex -0.00920314 0.0126439 -0.003
      vertex 0.0116459 0.0156876 -0.003
    endloop
  endfacet
  facet normal 0 0 -1
    outer loop
      vertex -0.00920314 0.0126439 -0.003
      vertex -0.00921256 0.0127876 -0.003
      vertex 0.0116459 0.0156876 -0.003
    endloop
  endfacet
  facet normal 0 0 -1
    outer loop
      vertex 0.0116459 0.0156876 -0.003
      vertex -0.00921256 0.0127876 -0.003
      vertex 0.0117857 0.0157218 -0.003
    endloop
  endfacet
  facet normal 0 0 -1
    outer loop
      vertex -0.00921256 0.0127876 -0.003
      vertex 0.011927 0.0157499 -0.003
      vertex 0.0117857 0.0157218 -0.003
    endloop
  endfacet
  facet normal 0 0 -1
    outer loop
      vertex -0.0094512 0.0137629 -0.003
      vertex 0.02 0.02 -0.003
      vertex -0.00939901 0.0136287 -0.003
    endloop
  endfacet
  facet normal 0 0 -1
    outer loop
      vertex 0.02 0.02 -0.003
      vertex -0.00935273 0.0134923 -0.003
      vertex -0.00939901 0.0136287 -0.003
    endloop
  endfacet
  facet normal 0 0 -1
    outer loop
      vertex -0.0104911 0.0151181 -0.003
      vertex -0.0106072 0.0152032 -0.003
      vertex 0.02 0.02 -0.003
    endloop
  endfacet
  facet normal 0 0 -1
    outer loop
      vertex -0.0106072 0.0152032 -0.003
      vertex -0.0107269 0.0152832 -0.003
      vertex 0.02 0.02 -0.003
    endloop
  endfacet
  facet normal 0 0 -1
    outer loop
      vertex 0.02 0.02 -0.003
      vertex -0.0107269 0.0152832 -0.003
      vertex -0.01085 0.0153579 -0.003
    endloop
  endfacet
  facet normal 0 0 -1
    outer loop
      vertex -0.01085 0.0153579 -0.003
      vertex -0.0109762 0.0154271 -0.003
      vertex 0.02 0.02 -0.003
    endloop
  endfacet
  facet normal 0 0 -1
    outer loop
      vertex -0.0109762 0.0154271 -0.003
      vertex -0.0111054 0.0154908 -0.003
      vertex 0.02 0.02 -0.003
    endloop
  endfacet
  facet normal 0 0 -1
    outer loop
      vertex 0.02 0.02 -0.003
      vertex -0.0111054 0.0154908 -0.003
      vertex -0.0112371 0.0155488 -0.003
    endloop
  endfacet
  facet normal 0 0 -1
    outer loop
      vertex -0.0112371 0.0155488 -0.003
      vertex -0.0113713 0.015601 -0.003
      vertex 0.02 0.02 -0.003
    endloop
  endfacet
  facet normal 0 0 -1
    outer loop
      vertex -0.0113713 0.015601 -0.003
      vertex -0.0115077 0.0156473 -0.003
      vertex 0.02 0.02 -0.003
    endloop
  endfacet
  facet normal 0 0 -1
    outer loop
      vertex 0.02 0.02 -0.003
      vertex -0.0115077 0.0156473 -0.003
      vertex -0.0116459 0.0156876 -0.003
    endloop
  endfacet
  facet normal 0 0 -1
    outer loop
      vertex -0.0157718 0.0120693 -0.003
      vertex -0.0157499 0.011927 -0.003
      vertex -0.02 0.02 -0.003
    endloop
  endfacet
  facet normal 0 0 -1
    outer loop
      vertex -0.0157499 0.011927 -0.003
      vertex -0.0157218 0.0117857 -0.003
      vertex -0.02 0.02 -0.003
    endloop
  endfacet
  facet normal 0 0 -1
    outer loop
      vertex -0.02 0.02 -0.003
      vertex -0.0157218 0.0117857 -0.003
      vertex -0.0143928 -0.0097968 -0.003
    endloop
  endfacet
  facet normal 0 0 -1
    outer loop
      vertex -0.0157218 0.0117857 -0.003
      vertex -0.0156876 0.0116459 -0.003
      vertex -0.0143928 -0.0097968 -0.003
    endloop
  endfacet
  facet normal 0 0 -1
    outer loop
      vertex -0.0143928 -0.0097968 -0.003
      vertex -0.0156876 0.0116459 -0.003
      vertex -0.0156473 0.0115077 -0.003
    endloop
  endfacet
  facet normal 0 0 -1
    outer loop
      vertex -0.01415 0.00964212 -0.003
      vertex -0.0140238 0.00957286 -0.003
      vertex -0.0143928 -0.0097968 -0.003
    endloop
  endfacet
  facet normal 0 0 -1
    outer loop
      vertex -0.0140238 0.00957286 -0.003
      vertex -0.0138946 0.00950918 -0.003
      vertex -0.0143928 -0.0097968 -0.003
    endloop
  endfacet
  facet normal 0 0 -1
    outer loop
      vertex -0.0143928 -0.0097968 -0.003
      vertex -0.0138946 0.00950918 -0.003
      vertex -0.0137629 0.0094512 -0.003
    endloop
  endfacet
  facet normal 0 0 -1
    outer loop
      vertex -0.0107269 -0.00971681 -0.003
      vertex -0.01085 -0.00964212 -0.003
      vertex -0.0115077 0.00935273 -0.003
    endloop
  endfacet
  facet normal 0 0 -1
    outer loop
      vertex -0.0112371 0.0094512 -0.003
      vertex -0.0111054 0.00950918 -0.003
      vertex -0.0106072 -0.0097968 -0.003
    endloop
  endfacet
  facet normal 0 0 -1
    outer loop
      vertex -0.0097968 0.0106072 -0.003
      vertex -0.00971681 0.0107269 -0.003
      vertex 0.0092 0.0125 -0.003
    endloop
  endfacet
  facet normal 0 0 -1
    outer loop
      vertex -0.00971681 0.0107269 -0.003
      vertex -0.00964212 0.01085 -0.003
      vertex 0.0092 0.0125 -0.003
    endloop
  endfacet
  facet normal 0 0 -1
    outer loop
      vertex 0.0092 0.0125 -0.003
      vertex -0.00964212 0.01085 -0.003
      vertex -0.00957286 0.0109762 -0.003
    endloop
  endfacet
  facet normal 0 0 -1
    outer loop
      vertex -0.0146212 -0.00997205 -0.003
      vertex -0.0147294 -0.010067 -0.003
      vertex -0.02 0.02 -0.003
    endloop
  endfacet
  facet normal 0 0 -1
    outer loop
      vertex -0.0147294 -0.010067 -0.003
      vertex -0.0148335 -0.0101665 -0.003
      vertex -0.02 0.02 -0.003
    endloop
  endfacet
  facet normal 0 0 -1
    outer loop
      vertex -0.02 0.02 -0.003
      vertex -0.0148335 -0.0101665 -0.003
      vertex -0.014933 -0.0102706 -0.003
    endloop
  endfacet
  facet normal 0 0 -1
    outer loop
      vertex 0.0122124 -0.00921256 -0.003
      vertex 0.0120693 -0.00922823 -0.003
      vertex 0.02 0.02 -0.003
    endloop
  endfacet
  facet normal 0 0 -1
    outer loop
      vertex 0.0120693 -0.00922823 -0.003
      vertex 0.011927 -0.00925013 -0.003
      vertex 0.02 0.02 -0.003
    endloop
  endfacet
  facet normal 0 0 -1
    outer loop
      vertex 0.02 0.02 -0.003
      vertex 0.011927 -0.00925013 -0.003
      vertex 0.0117857 -0.00927822 -0.003
    endloop
  endfacet
  facet normal 0 0 -1
    outer loop
      vertex 0.0147294 0.010067 -0.003
      vertex 0.0148335 0.0101665 -0.003
      vertex 0.0106072 -0.0097968 -0.003
    endloop
  endfacet
  facet normal 0 0 -1
    outer loop
      vertex 0.0101665 -0.0101665 -0.003
      vertex 0.010067 -0.0102706 -0.003
      vertex -0.00964212 -0.01085 -0.003
    endloop
  endfacet
  facet normal 0 0 -1
    outer loop
      vertex 0.00971681 -0.0107269 -0.003
      vertex 0.00964212 -0.01085 -0.003
      vertex -0.00964212 -0.01085 -0.003
    endloop
  endfacet
  facet normal 0 0 -1
    outer loop
      vertex 0.00964212 -0.01085 -0.003
      vertex 0.00957286 -0.0109762 -0.003
      vertex -0.00964212 -0.01085 -0.003
    endloop
  endfacet
  facet normal 0 0 -1
    outer loop
      vertex -0.00964212 -0.01085 -0.003
      vertex 0.00957286 -0.0109762 -0.003
      vertex 0.00950918 -0.0111054 -0.003
    endloop
  endfacet
  facet normal 0 0 -1
    outer loop
      vertex 0.00950918 -0.0111054 -0.003
      vertex 0.0094512 -0.0112371 -0.003
      vertex -0.00964212 -0.01085 -0.003
    endloop
  endfacet
  facet normal 0 0 -1
    outer loop
      vertex 0.0094512 -0.0112371 -0.003
      vertex 0.00939901 -0.0113713 -0.003
      vertex -0.00964212 -0.01085 -0.003
    endloop
  endfacet
  facet normal 0 0 -1
    outer loop
      vertex -0.00964212 -0.01085 -0.003
      vertex 0.00939901 -0.0113713 -0.003
      vertex 0.00935273 -0.0115077 -0.003
    endloop
  endfacet
  facet normal 0 0 -1
    outer loop
      vertex 0.00935273 -0.0115077 -0.003
      vertex 0.00931244 -0.0116459 -0.003
      vertex -0.00964212 -0.01085 -0.003
    endloop
  endfacet
  facet normal 0 0 -1
    outer loop
      vertex 0.00931244 -0.0116459 -0.003
      vertex 0.00927822 -0.0117857 -0.003
      vertex -0.00964212 -0.01085 -0.003
    endloop
  endfacet
  facet normal 0 0 -1
    outer loop
      vertex -0.00964212 -0.01085 -0.003
      vertex 0.00927822 -0.0117857 -0.003
      vertex 0.00925013 -0.011927 -0.003
    endloop
  endfacet
  facet normal 0 0 -1
    outer loop
      vertex 0.0152832 0.0107269 -0.003
      vertex 0.0153579 0.01085 -0.003
      vertex 0.0106072 -0.0097968 -0.003
    endloop
  endfacet
  facet normal 0 0 -1
    outer loop
      vertex 0.0153579 0.01085 -0.003
      vertex 0.0154271 0.0109762 -0.003
      vertex 0.0106072 -0.0097968 -0.003
    endloop
  endfacet
  facet normal 0 0 -1
    outer loop
      vertex 0.0106072 -0.0097968 -0.003
      vertex 0.0154271 0.0109762 -0.003
      vertex 0.02 0.02 -0.003
    endloop
  endfacet
  facet normal 0 0 -1
    outer loop
      vertex 0.0154271 0.0109762 -0.003
      vertex 0.0154908 0.0111054 -0.003
      vertex 0.02 0.02 -0.003
    endloop
  endfacet
  facet normal 0 0 -1
    outer loop
      vertex 0.02 0.02 -0.003
      vertex 0.0154908 0.0111054 -0.003
      vertex 0.0155488 0.0112371 -0.003
    endloop
  endfacet
  facet normal 0 0 -1
    outer loop
      vertex 0.0155488 0.0112371 -0.003
      vertex 0.015601 0.0113713 -0.003
      vertex 0.02 0.02 -0.003
    endloop
  endfacet
  facet normal 0 0 -1
    outer loop
      vertex 0.015601 0.0113713 -0.003
      vertex 0.0156473 0.0115077 -0.003
      vertex 0.02 0.02 -0.003
    endloop
  endfacet
  facet normal 0 0 -1
    outer loop
      vertex 0.02 0.02 -0.003
      vertex 0.0156473 0.0115077 -0.003
      vertex 0.0156876 0.0116459 -0.003
    endloop
  endfacet
  facet normal 0 0 -1
    outer loop
      vertex -0.00925013 -0.011927 -0.003
      vertex -0.00927822 -0.0117857 -0.003
      vertex 0.00921256 -0.0122124 -0.003
    endloop
  endfacet
  facet normal 0 0 -1
    outer loop
      vertex -0.00927822 -0.0117857 -0.003
      vertex -0.00931244 -0.0116459 -0.003
      vertex 0.00921256 -0.0122124 -0.003
    endloop
  endfacet
  facet normal 0 0 -1
    outer loop
      vertex 0.00921256 -0.0122124 -0.003
      vertex -0.00931244 -0.0116459 -0.003
      vertex -0.00935273 -0.0115077 -0.003
    endloop
  endfacet
  facet normal 0 0 -1
    outer loop
      vertex 0.0157718 0.0120693 -0.003
      vertex 0.0157874 0.0122124 -0.003
      vertex 0.02 0.02 -0.003
    endloop
  endfacet
  facet normal 0 0 -1
    outer loop
      vertex 0.0157874 0.0122124 -0.003
      vertex 0.0157969 0.0123561 -0.003
      vertex 0.02 0.02 -0.003
    endloop
  endfacet
  facet normal 0 0 -1
    outer loop
      vertex 0.02 0.02 -0.003
      vertex 0.0157969 0.0123561 -0.003
      vertex 0.0158 0.0125 -0.003
    endloop
  endfacet
  facet normal 0 0 -1
    outer loop
      vertex 0.0158 0.0125 -0.003
      vertex 0.0157969 0.0126439 -0.003
      vertex 0.02 0.02 -0.003
    endloop
  endfacet
  facet normal 0 0 -1
    outer loop
      vertex 0.0157969 0.0126439 -0.003
      vertex 0.0157874 0.0127876 -0.003
      vertex 0.02 0.02 -0.003
    endloop
  endfacet
  facet normal 0 0 -1
    outer loop
      vertex 0.02 0.02 -0.003
      vertex 0.0157874 0.0127876 -0.003
      vertex 0.0157718 0.0129307 -0.003
    endloop
  endfacet
  facet normal 0 0 -1
    outer loop
      vertex 0.0125 0.0158 -0.003
      vertex 0.0123561 0.0157969 -0.003
      vertex 0.02 0.02 -0.003
    endloop
  endfacet
  facet normal 0 0 -1
    outer loop
      vertex 0.0123561 0.0157969 -0.003
      vertex 0.0122124 0.0157874 -0.003
      vertex 0.02 0.02 -0.003
    endloop
  endfacet
  facet normal 0 0 -1
    outer loop
      vertex 0.02 0.02 -0.003
      vertex 0.0122124 0.0157874 -0.003
      vertex 0.0120693 0.0157718 -0.003
    endloop
  endfacet
  facet normal 0 0 -1
    outer loop
      vertex -0.0094512 0.0137629 -0.003
      vertex -0.00950918 0.0138946 -0.003
      vertex 0.02 0.02 -0.003
    endloop
  endfacet
  facet normal 0 0 -1
    outer loop
      vertex -0.00950918 0.0138946 -0.003
      vertex -0.00957286 0.0140238 -0.003
      vertex 0.02 0.02 -0.003
    endloop
  endfacet
  facet normal 0 0 -1
    outer loop
      vertex 0.02 0.02 -0.003
      vertex -0.00957286 0.0140238 -0.003
      vertex -0.00964212 0.01415 -0.003
    endloop
  endfacet
  facet normal 0 0 -1
    outer loop
      vertex -0.00964212 -0.01085 -0.003
      vertex -0.00971681 -0.0107269 -0.003
      vertex 0.0102706 0.010067 -0.003
    endloop
  endfacet
  facet normal 0 0 -1
    outer loop
      vertex -0.00971681 -0.0107269 -0.003
      vertex -0.0097968 -0.0106072 -0.003
      vertex 0.0102706 0.010067 -0.003
    endloop
  endfacet
  facet normal 0 0 -1
    outer loop
      vertex 0.0102706 0.010067 -0.003
      vertex -0.0097968 -0.0106072 -0.003
      vertex -0.00988193 -0.0104911 -0.003
    endloop
  endfacet
  facet normal 0 0 -1
    outer loop
      vertex 0.0115077 0.00935273 -0.003
      vertex 0.0116459 0.00931244 -0.003
      vertex -0.00964212 -0.01085 -0.003
    endloop
  endfacet
  facet normal 0 0 -1
    outer loop
      vertex 0.0116459 0.00931244 -0.003
      vertex 0.0117857 0.00927822 -0.003
      vertex -0.00964212 -0.01085 -0.003
    endloop
  endfacet
  facet normal 0 0 -1
    outer loop
      vertex -0.00964212 -0.01085 -0.003
      vertex 0.0117857 0.00927822 -0.003
      vertex 0.011927 0.00925013 -0.003
    endloop
  endfacet
  facet normal 0 0 -1
    outer loop
      vertex 0.0134923 0.00935273 -0.003
      vertex 0.0136287 0.00939901 -0.003
      vertex -0.00964212 -0.01085 -0.003
    endloop
  endfacet
  facet normal 0 0 -1
    outer loop
      vertex 0.0136287 0.00939901 -0.003
      vertex 0.0137629 0.0094512 -0.003
      vertex -0.00964212 -0.01085 -0.003
    endloop
  endfacet
  facet normal 0 0 -1
    outer loop
      vertex -0.00964212 -0.01085 -0.003
      vertex 0.0137629 0.0094512 -0.003
      vertex 0.0138946 0.00950918 -0.003
    endloop
  endfacet
  facet normal 0 0 -1
    outer loop
      vertex -0.01085 -0.00964212 -0.003
      vertex -0.0109762 -0.00957286 -0.003
      vertex -0.0115077 0.00935273 -0.003
    endloop
  endfacet
  facet normal 0 0 -1
    outer loop
      vertex -0.0109762 -0.00957286 -0.003
      vertex -0.0111054 -0.00950918 -0.003
      vertex -0.0115077 0.00935273 -0.003
    endloop
  endfacet
  facet normal 0 0 -1
    outer loop
      vertex -0.0115077 0.00935273 -0.003
      vertex -0.0111054 -0.00950918 -0.003
      vertex -0.0112371 -0.0094512 -0.003
    endloop
  endfacet
  facet normal 0 0 -1
    outer loop
      vertex -0.0111054 0.00950918 -0.003
      vertex -0.0109762 0.00957286 -0.003
      vertex -0.0106072 -0.0097968 -0.003
    endloop
  endfacet
  facet normal 0 0 -1
    outer loop
      vertex -0.0109762 0.00957286 -0.003
      vertex -0.01085 0.00964212 -0.003
      vertex -0.0106072 -0.0097968 -0.003
    endloop
  endfacet
  facet normal 0 0 -1
    outer loop
      vertex -0.0106072 -0.0097968 -0.003
      vertex -0.01085 0.00964212 -0.003
      vertex -0.0107269 0.00971681 -0.003
    endloop
  endfacet
  facet normal 0 0 -1
    outer loop
      vertex -0.00939901 0.0113713 -0.003
      vertex -0.00935273 0.0115077 -0.003
      vertex 0.0092 0.0125 -0.003
    endloop
  endfacet
  facet normal 0 0 -1
    outer loop
      vertex -0.00935273 0.0115077 -0.003
      vertex -0.00931244 0.0116459 -0.003
      vertex 0.0092 0.0125 -0.003
    endloop
  endfacet
  facet normal 0 0 -1
    outer loop
      vertex 0.0092 0.0125 -0.003
      vertex -0.00931244 0.0116459 -0.003
      vertex -0.00927822 0.0117857 -0.003
    endloop
  endfacet
  facet normal 0 0 -1
    outer loop
      vertex 0.0117857 -0.00927822 -0.003
      vertex 0.0116459 -0.00931244 -0.003
      vertex 0.02 0.02 -0.003
    endloop
  endfacet
  facet normal 0 0 -1
    outer loop
      vertex 0.0116459 -0.00931244 -0.003
      vertex 0.0115077 -0.00935273 -0.003
      vertex 0.02 0.02 -0.003
    endloop
  endfacet
  facet normal 0 0 -1
    outer loop
      vertex 0.02 0.02 -0.003
      vertex 0.0115077 -0.00935273 -0.003
      vertex 0.0113713 -0.00939901 -0.003
    endloop
  endfacet
  facet normal 0 0 -1
    outer loop
      vertex 0.0113713 -0.00939901 -0.003
      vertex 0.0112371 -0.0094512 -0.003
      vertex 0.02 0.02 -0.003
    endloop
  endfacet
  facet normal 0 0 -1
    outer loop
      vertex 0.0112371 -0.0094512 -0.003
      vertex 0.0111054 -0.00950918 -0.003
      vertex 0.02 0.02 -0.003
    endloop
  endfacet
  facet normal 0 0 -1
    outer loop
      vertex 0.02 0.02 -0.003
      vertex 0.0111054 -0.00950918 -0.003
      vertex 0.0109762 -0.00957286 -0.003
    endloop
  endfacet
  facet normal 0 0 -1
    outer loop
      vertex 0.010067 -0.0102706 -0.003
      vertex 0.00997205 -0.0103788 -0.003
      vertex -0.00964212 -0.01085 -0.003
    endloop
  endfacet
  facet normal 0 0 -1
    outer loop
      vertex 0.00997205 -0.0103788 -0.003
      vertex 0.00988193 -0.0104911 -0.003
      vertex -0.00964212 -0.01085 -0.003
    endloop
  endfacet
  facet normal 0 0 -1
    outer loop
      vertex -0.00964212 -0.01085 -0.003
      vertex 0.00988193 -0.0104911 -0.003
      vertex 0.0097968 -0.0106072 -0.003
    endloop
  endfacet
  facet normal 0 0 -1
    outer loop
      vertex 0.00921256 -0.0127876 -0.003
      vertex -0.00921256 -0.0127876 -0.003
      vertex 0.00920314 -0.0126439 -0.003
    endloop
  endfacet
  facet normal 0 0 -1
    outer loop
      vertex -0.00921256 -0.0127876 -0.003
      vertex -0.00920314 -0.0126439 -0.003
      vertex 0.00920314 -0.0126439 -0.003
    endloop
  endfacet
  facet normal 0 0 -1
    outer loop
      vertex 0.00920314 -0.0126439 -0.003
      vertex -0.00920314 -0.0126439 -0.003
      vertex 0.0092 -0.0125 -0.003
    endloop
  endfacet
  facet normal 0 0 -1
    outer loop
      vertex -0.00920314 -0.0126439 -0.003
      vertex -0.0092 -0.0125 -0.003
      vertex 0.0092 -0.0125 -0.003
    endloop
  endfacet
  facet normal 0 0 -1
    outer loop
      vertex 0.0092 -0.0125 -0.003
      vertex -0.0092 -0.0125 -0.003
      vertex 0.00920314 -0.0123561 -0.003
    endloop
  endfacet
  facet normal 0 0 -1
    outer loop
      vertex -0.0092 -0.0125 -0.003
      vertex -0.00920314 -0.0123561 -0.003
      vertex 0.00920314 -0.0123561 -0.003
    endloop
  endfacet
  facet normal 0 0 -1
    outer loop
      vertex 0.00920314 -0.0123561 -0.003
      vertex -0.00920314 -0.0123561 -0.003
      vertex -0.00921256 -0.0122124 -0.003
    endloop
  endfacet
  facet normal 0 0 -1
    outer loop
      vertex -0.00935273 -0.0115077 -0.003
      vertex -0.00939901 -0.0113713 -0.003
      vertex 0.00921256 -0.0122124 -0.003
    endloop
  endfacet
  facet normal 0 0 -1
    outer loop
      vertex -0.00939901 -0.0113713 -0.003
      vertex -0.0094512 -0.0112371 -0.003
      vertex 0.00921256 -0.0122124 -0.003
    endloop
  endfacet
  facet normal 0 0 -1
    outer loop
      vertex 0.00921256 -0.0122124 -0.003
      vertex -0.0094512 -0.0112371 -0.003
      vertex -0.00950918 -0.0111054 -0.003
    endloop
  endfacet
  facet normal 0 0 -1
    outer loop
      vertex 0.00925013 -0.011927 -0.003
      vertex 0.00922823 -0.0120693 -0.003
      vertex -0.00964212 -0.01085 -0.003
    endloop
  endfacet
  facet normal 0 0 -1
    outer loop
      vertex 0.00922823 -0.0120693 -0.003
      vertex 0.00921256 -0.0122124 -0.003
      vertex -0.00964212 -0.01085 -0.003
    endloop
  endfacet
  facet normal 0 0 -1
    outer loop
      vertex -0.00964212 -0.01085 -0.003
      vertex 0.00921256 -0.0122124 -0.003
      vertex -0.00957286 -0.0109762 -0.003
    endloop
  endfacet
  facet normal 0 0 -1
    outer loop
      vertex 0.00921256 -0.0122124 -0.003
      vertex -0.00950918 -0.0111054 -0.003
      vertex -0.00957286 -0.0109762 -0.003
    endloop
  endfacet
  facet normal 0 0 -1
    outer loop
      vertex -0.00921256 0.0127876 -0.003
      vertex -0.00922823 0.0129307 -0.003
      vertex 0.011927 0.0157499 -0.003
    endloop
  endfacet
  facet normal 0 0 -1
    outer loop
      vertex -0.00922823 0.0129307 -0.003
      vertex -0.00925013 0.013073 -0.003
      vertex 0.011927 0.0157499 -0.003
    endloop
  endfacet
  facet normal 0 0 -1
    outer loop
      vertex 0.011927 0.0157499 -0.003
      vertex -0.00925013 0.013073 -0.003
      vertex 0.0120693 0.0157718 -0.003
    endloop
  endfacet
  facet normal 0 0 -1
    outer loop
      vertex -0.00925013 0.013073 -0.003
      vertex -0.00927822 0.0132143 -0.003
      vertex 0.0120693 0.0157718 -0.003
    endloop
  endfacet
  facet normal 0 0 -1
    outer loop
      vertex 0.0120693 0.0157718 -0.003
      vertex -0.00927822 0.0132143 -0.003
      vertex 0.02 0.02 -0.003
    endloop
  endfacet
  facet normal 0 0 -1
    outer loop
      vertex -0.00927822 0.0132143 -0.003
      vertex -0.00931244 0.0133541 -0.003
      vertex 0.02 0.02 -0.003
    endloop
  endfacet
  facet normal 0 0 -1
    outer loop
      vertex 0.02 0.02 -0.003
      vertex -0.00931244 0.0133541 -0.003
      vertex -0.00935273 0.0134923 -0.003
    endloop
  endfacet
  facet normal 0 0 -1
    outer loop
      vertex -0.0102706 -0.010067 -0.003
      vertex -0.0103788 -0.00997205 -0.003
      vertex 0.00988193 0.0104911 -0.003
    endloop
  endfacet
  facet normal 0 0 -1
    outer loop
      vertex -0.0103788 -0.00997205 -0.003
      vertex -0.0104911 -0.00988193 -0.003
      vertex 0.00988193 0.0104911 -0.003
    endloop
  endfacet
  facet normal 0 0 -1
    outer loop
      vertex 0.00988193 0.0104911 -0.003
      vertex -0.0104911 -0.00988193 -0.003
      vertex -0.0106072 -0.0097968 -0.003
    endloop
  endfacet
  facet normal 0 0 -1
    outer loop
      vertex -0.011927 -0.00925013 -0.003
      vertex -0.0115077 0.00935273 -0.003
      vertex -0.0117857 -0.00927822 -0.003
    endloop
  endfacet
  facet normal 0 0 -1
    outer loop
      vertex -0.0115077 0.00935273 -0.003
      vertex -0.0116459 -0.00931244 -0.003
      vertex -0.0117857 -0.00927822 -0.003
    endloop
  endfacet
  facet normal 0 0 -1
    outer loop
      vertex -0.0140238 -0.00957286 -0.003
      vertex -0.01415 -0.00964212 -0.003
      vertex -0.0134923 0.00935273 -0.003
    endloop
  endfacet
  facet normal 0 0 -1
    outer loop
      vertex -0.0107269 -0.00971681 -0.003
      vertex -0.0115077 0.00935273 -0.003
      vertex -0.0106072 -0.0097968 -0.003
    endloop
  endfacet
  facet normal 0 0 -1
    outer loop
      vertex -0.0115077 0.00935273 -0.003
      vertex -0.0113713 0.00939901 -0.003
      vertex -0.0106072 -0.0097968 -0.003
    endloop
  endfacet
  facet normal 0 0 -1
    outer loop
      vertex -0.0106072 -0.0097968 -0.003
      vertex -0.0113713 0.00939901 -0.003
      vertex -0.0112371 0.0094512 -0.003
    endloop
  endfacet
  facet normal 0 0 -1
    outer loop
      vertex -0.0107269 0.00971681 -0.003
      vertex -0.0106072 0.0097968 -0.003
      vertex -0.0106072 -0.0097968 -0.003
    endloop
  endfacet
  facet normal 0 0 -1
    outer loop
      vertex -0.0106072 0.0097968 -0.003
      vertex -0.0104911 0.00988193 -0.003
      vertex -0.0106072 -0.0097968 -0.003
    endloop
  endfacet
  facet normal 0 0 -1
    outer loop
      vertex -0.0106072 -0.0097968 -0.003
      vertex -0.0104911 0.00988193 -0.003
      vertex -0.0103788 0.00997205 -0.003
    endloop
  endfacet
  facet normal 0 0 -1
    outer loop
      vertex -0.0103788 0.00997205 -0.003
      vertex -0.0102706 0.010067 -0.003
      vertex -0.0106072 -0.0097968 -0.003
    endloop
  endfacet
  facet normal 0 0 -1
    outer loop
      vertex -0.0102706 0.010067 -0.003
      vertex -0.0101665 0.0101665 -0.003
      vertex -0.0106072 -0.0097968 -0.003
    endloop
  endfacet
  facet normal 0 0 -1
    outer loop
      vertex -0.0106072 -0.0097968 -0.003
      vertex -0.0101665 0.0101665 -0.003
      vertex 0.0092 0.0125 -0.003
    endloop
  endfacet
  facet normal 0 0 -1
    outer loop
      vertex -0.0101665 0.0101665 -0.003
      vertex -0.010067 0.0102706 -0.003
      vertex 0.0092 0.0125 -0.003
    endloop
  endfacet
  facet normal 0 0 -1
    outer loop
      vertex 0.0092 0.0125 -0.003
      vertex -0.010067 0.0102706 -0.003
      vertex -0.00997205 0.0103788 -0.003
    endloop
  endfacet
  facet normal 0 0 -1
    outer loop
      vertex -0.00957286 0.0109762 -0.003
      vertex -0.00950918 0.0111054 -0.003
      vertex 0.0092 0.0125 -0.003
    endloop
  endfacet
  facet normal 0 0 -1
    outer loop
      vertex -0.00950918 0.0111054 -0.003
      vertex -0.0094512 0.0112371 -0.003
      vertex 0.0092 0.0125 -0.003
    endloop
  endfacet
  facet normal 0 0 -1
    outer loop
      vertex 0.0092 0.0125 -0.003
      vertex -0.0094512 0.0112371 -0.003
      vertex -0.00939901 0.0113713 -0.003
    endloop
  endfacet
  facet normal 0 0 -1
    outer loop
      vertex 0.0147294 0.010067 -0.003
      vertex 0.0106072 -0.0097968 -0.003
      vertex 0.0146212 0.00997205 -0.003
    endloop
  endfacet
  facet normal 0 0 -1
    outer loop
      vertex 0.0148335 0.0101665 -0.003
      vertex 0.014933 0.0102706 -0.003
      vertex 0.0106072 -0.0097968 -0.003
    endloop
  endfacet
  facet normal 0 0 -1
    outer loop
      vertex 0.014933 0.0102706 -0.003
      vertex 0.0150279 0.0103788 -0.003
      vertex 0.0106072 -0.0097968 -0.003
    endloop
  endfacet
  facet normal 0 0 -1
    outer loop
      vertex 0.0106072 -0.0097968 -0.003
      vertex 0.0150279 0.0103788 -0.003
      vertex 0.0151181 0.0104911 -0.003
    endloop
  endfacet
  facet normal 0 0 -1
    outer loop
      vertex -0.00988193 -0.0104911 -0.003
      vertex -0.00997205 -0.0103788 -0.003
      vertex 0.0102706 0.010067 -0.003
    endloop
  endfacet
  facet normal 0 0 -1
    outer loop
      vertex -0.00997205 -0.0103788 -0.003
      vertex -0.010067 -0.0102706 -0.003
      vertex 0.0102706 0.010067 -0.003
    endloop
  endfacet
  facet normal 0 0 -1
    outer loop
      vertex 0.0102706 0.010067 -0.003
      vertex -0.010067 -0.0102706 -0.003
      vertex 0.0101665 0.0101665 -0.003
    endloop
  endfacet
  facet normal 0 0 -1
    outer loop
      vertex -0.010067 -0.0102706 -0.003
      vertex -0.0101665 -0.0101665 -0.003
      vertex 0.0101665 0.0101665 -0.003
    endloop
  endfacet
  facet normal 0 0 -1
    outer loop
      vertex 0.0101665 0.0101665 -0.003
      vertex -0.0101665 -0.0101665 -0.003
      vertex 0.010067 0.0102706 -0.003
    endloop
  endfacet
  facet normal 0 0 -1
    outer loop
      vertex -0.0101665 -0.0101665 -0.003
      vertex -0.0102706 -0.010067 -0.003
      vertex 0.010067 0.0102706 -0.003
    endloop
  endfacet
  facet normal 0 0 -1
    outer loop
      vertex 0.010067 0.0102706 -0.003
      vertex -0.0102706 -0.010067 -0.003
      vertex 0.00997205 0.0103788 -0.003
    endloop
  endfacet
  facet normal 0 0 -1
    outer loop
      vertex -0.0102706 -0.010067 -0.003
      vertex 0.00988193 0.0104911 -0.003
      vertex 0.00997205 0.0103788 -0.003
    endloop
  endfacet
  facet normal 0 0 -1
    outer loop
      vertex -0.0112371 -0.0094512 -0.003
      vertex -0.0113713 -0.00939901 -0.003
      vertex -0.0115077 0.00935273 -0.003
    endloop
  endfacet
  facet normal 0 0 -1
    outer loop
      vertex -0.0113713 -0.00939901 -0.003
      vertex -0.0115077 -0.00935273 -0.003
      vertex -0.0115077 0.00935273 -0.003
    endloop
  endfacet
  facet normal 0 0 -1
    outer loop
      vertex -0.0115077 0.00935273 -0.003
      vertex -0.0115077 -0.00935273 -0.003
      vertex -0.0116459 -0.00931244 -0.003
    endloop
  endfacet
  facet normal 0 0 -1
    outer loop
      vertex -0.013073 0.00925013 -0.003
      vertex -0.0129307 0.00922823 -0.003
      vertex -0.0127876 -0.00921256 -0.003
    endloop
  endfacet
  facet normal 0 0 -1
    outer loop
      vertex -0.0120693 0.00922823 -0.003
      vertex -0.011927 0.00925013 -0.003
      vertex -0.0122124 -0.00921256 -0.003
    endloop
  endfacet
  facet normal 0 0 -1
    outer loop
      vertex -0.011927 0.00925013 -0.003
      vertex -0.0117857 0.00927822 -0.003
      vertex -0.0122124 -0.00921256 -0.003
    endloop
  endfacet
  facet normal 0 0 -1
    outer loop
      vertex -0.0137629 0.0094512 -0.003
      vertex -0.0136287 0.00939901 -0.003
      vertex -0.0143928 -0.0097968 -0.003
    endloop
  endfacet
  facet normal 0 0 -1
    outer loop
      vertex -0.0136287 0.00939901 -0.003
      vertex -0.0134923 0.00935273 -0.003
      vertex -0.0143928 -0.0097968 -0.003
    endloop
  endfacet
  facet normal 0 0 -1
    outer loop
      vertex -0.0143928 -0.0097968 -0.003
      vertex -0.0134923 0.00935273 -0.003
      vertex -0.0142731 -0.00971681 -0.003
    endloop
  endfacet
  facet normal 0 0 -1
    outer loop
      vertex -0.0134923 0.00935273 -0.003
      vertex -0.01415 -0.00964212 -0.003
      vertex -0.0142731 -0.00971681 -0.003
    endloop
  endfacet
  facet normal 0 0 -1
    outer loop
      vertex 0.0106072 -0.0097968 -0.003
      vertex 0.0104911 -0.00988193 -0.003
      vertex 0.0146212 0.00997205 -0.003
    endloop
  endfacet
  facet normal 0 0 -1
    outer loop
      vertex 0.0104911 -0.00988193 -0.003
      vertex 0.0103788 -0.00997205 -0.003
      vertex 0.0146212 0.00997205 -0.003
    endloop
  endfacet
  facet normal 0 0 -1
    outer loop
      vertex 0.0146212 0.00997205 -0.003
      vertex 0.0103788 -0.00997205 -0.003
      vertex -0.00964212 -0.01085 -0.003
    endloop
  endfacet
  facet normal 0 0 -1
    outer loop
      vertex 0.0103788 -0.00997205 -0.003
      vertex 0.0102706 -0.010067 -0.003
      vertex -0.00964212 -0.01085 -0.003
    endloop
  endfacet
  facet normal 0 0 -1
    outer loop
      vertex -0.00964212 -0.01085 -0.003
      vertex 0.0102706 -0.010067 -0.003
      vertex 0.0101665 -0.0101665 -0.003
    endloop
  endfacet
  facet normal 0 0 -1
    outer loop
      vertex -0.013073 0.00925013 -0.003
      vertex -0.0127876 -0.00921256 -0.003
      vertex -0.0132143 0.00927822 -0.003
    endloop
  endfacet
  facet normal 0 0 -1
    outer loop
      vertex -0.0129307 0.00922823 -0.003
      vertex -0.0127876 0.00921256 -0.003
      vertex -0.0127876 -0.00921256 -0.003
    endloop
  endfacet
  facet normal 0 0 -1
    outer loop
      vertex -0.0127876 0.00921256 -0.003
      vertex -0.0126439 0.00920314 -0.003
      vertex -0.0127876 -0.00921256 -0.003
    endloop
  endfacet
  facet normal 0 0 -1
    outer loop
      vertex -0.0127876 -0.00921256 -0.003
      vertex -0.0126439 0.00920314 -0.003
      vertex -0.0126439 -0.00920314 -0.003
    endloop
  endfacet
  facet normal 0 0 -1
    outer loop
      vertex -0.011927 -0.00925013 -0.003
      vertex -0.0120693 -0.00922823 -0.003
      vertex -0.0115077 0.00935273 -0.003
    endloop
  endfacet
  facet normal 0 0 -1
    outer loop
      vertex -0.0120693 -0.00922823 -0.003
      vertex -0.0122124 -0.00921256 -0.003
      vertex -0.0115077 0.00935273 -0.003
    endloop
  endfacet
  facet normal 0 0 -1
    outer loop
      vertex -0.0115077 0.00935273 -0.003
      vertex -0.0122124 -0.00921256 -0.003
      vertex -0.0116459 0.00931244 -0.003
    endloop
  endfacet
  facet normal 0 0 -1
    outer loop
      vertex -0.0122124 -0.00921256 -0.003
      vertex -0.0117857 0.00927822 -0.003
      vertex -0.0116459 0.00931244 -0.003
    endloop
  endfacet
  facet normal 0 0 -1
    outer loop
      vertex -0.0129307 -0.00922823 -0.003
      vertex -0.013073 -0.00925013 -0.003
      vertex -0.0134923 0.00935273 -0.003
    endloop
  endfacet
  facet normal 0 0 -1
    outer loop
      vertex -0.013073 -0.00925013 -0.003
      vertex -0.0132143 -0.00927822 -0.003
      vertex -0.0134923 0.00935273 -0.003
    endloop
  endfacet
  facet normal 0 0 -1
    outer loop
      vertex -0.0132143 -0.00927822 -0.003
      vertex -0.0133541 -0.00931244 -0.003
      vertex -0.0134923 0.00935273 -0.003
    endloop
  endfacet
  facet normal 0 0 -1
    outer loop
      vertex -0.0133541 -0.00931244 -0.003
      vertex -0.0134923 -0.00935273 -0.003
      vertex -0.0134923 0.00935273 -0.003
    endloop
  endfacet
  facet normal 0 0 -1
    outer loop
      vertex -0.0134923 0.00935273 -0.003
      vertex -0.0134923 -0.00935273 -0.003
      vertex -0.0136287 -0.00939901 -0.003
    endloop
  endfacet
  facet normal 0 0 -1
    outer loop
      vertex -0.0136287 -0.00939901 -0.003
      vertex -0.0137629 -0.0094512 -0.003
      vertex -0.0134923 0.00935273 -0.003
    endloop
  endfacet
  facet normal 0 0 -1
    outer loop
      vertex -0.0137629 -0.0094512 -0.003
      vertex -0.0138946 -0.00950918 -0.003
      vertex -0.0134923 0.00935273 -0.003
    endloop
  endfacet
  facet normal 0 0 -1
    outer loop
      vertex -0.0134923 0.00935273 -0.003
      vertex -0.0138946 -0.00950918 -0.003
      vertex -0.0140238 -0.00957286 -0.003
    endloop
  endfacet
  facet normal 0 0 -1
    outer loop
      vertex -0.0129307 -0.00922823 -0.003
      vertex -0.0134923 0.00935273 -0.003
      vertex -0.0127876 -0.00921256 -0.003
    endloop
  endfacet
  facet normal 0 0 -1
    outer loop
      vertex -0.0134923 0.00935273 -0.003
      vertex -0.0133541 0.00931244 -0.003
      vertex -0.0127876 -0.00921256 -0.003
    endloop
  endfacet
  facet normal 0 0 -1
    outer loop
      vertex -0.0127876 -0.00921256 -0.003
      vertex -0.0133541 0.00931244 -0.003
      vertex -0.0132143 0.00927822 -0.003
    endloop
  endfacet
  facet normal 0 0 -1
    outer loop
      vertex -0.0126439 -0.00920314 -0.003
      vertex -0.0126439 0.00920314 -0.003
      vertex -0.0125 -0.0092 -0.003
    endloop
  endfacet
  facet normal 0 0 -1
    outer loop
      vertex -0.0126439 0.00920314 -0.003
      vertex -0.0125 0.0092 -0.003
      vertex -0.0125 -0.0092 -0.003
    endloop
  endfacet
  facet normal 0 0 -1
    outer loop
      vertex -0.0125 -0.0092 -0.003
      vertex -0.0125 0.0092 -0.003
      vertex -0.0123561 -0.00920314 -0.003
    endloop
  endfacet
  facet normal 0 0 -1
    outer loop
      vertex -0.0125 0.0092 -0.003
      vertex -0.0123561 0.00920314 -0.003
      vertex -0.0123561 -0.00920314 -0.003
    endloop
  endfacet
  facet normal 0 0 -1
    outer loop
      vertex -0.0123561 -0.00920314 -0.003
      vertex -0.0123561 0.00920314 -0.003
      vertex -0.0122124 -0.00921256 -0.003
    endloop
  endfacet
  facet normal 0 0 -1
    outer loop
      vertex -0.0123561 0.00920314 -0.003
      vertex -0.0122124 0.00921256 -0.003
      vertex -0.0122124 -0.00921256 -0.003
    endloop
  endfacet
  facet normal 0 0 -1
    outer loop
      vertex -0.0122124 -0.00921256 -0.003
      vertex -0.0122124 0.00921256 -0.003
      vertex -0.0120693 0.00922823 -0.003
    endloop
  endfacet
  facet normal -1 0 0
    outer loop
      vertex -0.02 0.02 0
      vertex -0.02 0.02 -0.003
      vertex -0.02 -3.46945e-18 0
    endloop
  endfacet
  facet normal -1 0 0
    outer loop
      vertex -0.02 0.02 -0.003
      vertex -0.02 -0.02 -0.003
      vertex -0.02 -3.46945e-18 0
    endloop
  endfacet
  facet normal -1 0 0
    outer loop
      vertex -0.02 -3.46945e-18 0
      vertex -0.02 -0.02 -0.003
      vertex -0.02 -0.02 0
    endloop
  endfacet
  facet normal 0 -1 0
    outer loop
      vertex -0.02 -0.02 0
      vertex -0.02 -0.02 -0.003
      vertex 1.73472e-18 -0.02 0
    endloop
  endfacet
  facet normal 0 -1 0
    outer loop
      vertex -0.02 -0.02 -0.003
      vertex 0.02 -0.02 -0.003
      vertex 1.73472e-18 -0.02 0
    endloop
  endfacet
  facet normal 0 -1 0
    outer loop
      vertex 1.73472e-18 -0.02 0
      vertex 0.02 -0.02 -0.003
      vertex 0.02 -0.02 0
    endloop
  endfacet
  facet normal 1 0 0
    outer loop
      vertex 0.02 -0.02 0
      vertex 0.02 -0.02 -0.003
      vertex 0.02 -3.46945e-18 0
    endloop
  endfacet
  facet normal 1 0 0
    outer loop
      vertex 0.02 -0.02 -0.003
      vertex 0.02 0.02 -0.003
      vertex 0.02 -3.46945e-18 0
    endloop
  endfacet
  facet normal 1 0 0
    outer loop
      vertex 0.02 -3.46945e-18 0
      vertex 0.02 0.02 -0.003
      vertex 0.02 0.02 0
    endloop
  endfacet
  facet normal 0 1 0
    outer loop
      vertex 0.02 0.02 0
      vertex 0.02 0.02 -0.003
      vertex 1.73472e-18 0.02 0
    endloop
  endfacet
  facet normal 0 1 0
    outer loop
      vertex 0.02 0.02 -0.003
      vertex -0.02 0.02 -0.003
      vertex 1.73472e-18 0.02 0
    endloop
  endfacet
  facet normal 0 1 0
    outer loop
      vertex 1.73472e-18 0.02 0
      vertex -0.02 0.02 -0.003
      vertex -0.02 0.02 0
    endloop
  endfacet
  facet normal 0 0 1
    outer loop
      vertex 0.00846765 -0.000740824 0
      vertex 0.00849191 -0.000370765 0
      vertex 0 5.20475e-19 0
    endloop
  endfacet
  facet normal 0 0 1
    outer loop
      vertex 0.00849191 -0.000370765 0
      vertex 0.0085 5.20475e-19 0
      vertex 0 5.20475e-19 0
    endloop
  endfacet
  facet normal 0 0 1
    outer loop
      vertex 0 5.20475e-19 0
      vertex 0.0085 5.20475e-19 0
      vertex 0.00849191 0.000370765 0
    endloop
  endfacet
  facet normal 0 0 1
    outer loop
      vertex 0.00829852 -0.00183974 0
      vertex 0.00837087 -0.00147601 0
      vertex 0 5.20475e-19 0
    endloop
  endfacet
  facet normal 0 0 1
    outer loop
      vertex 0.00837087 -0.00147601 0
      vertex 0.00842728 -0.00110947 0
      vertex 0 5.20475e-19 0
    endloop
  endfacet
  facet normal 0 0 1
    outer loop
      vertex 0 5.20475e-19 0
      vertex 0.00842728 -0.00110947 0
      vertex 0.00846765 -0.000740824 0
    endloop
  endfacet
  facet normal 0 0 1
    outer loop
      vertex 0.00798739 -0.00290717 0
      vertex 0.00810659 -0.002556 0
      vertex 0 5.20475e-19 0
    endloop
  endfacet
  facet normal 0 0 1
    outer loop
      vertex 0.00810659 -0.002556 0
      vertex 0.00821037 -0.00219996 0
      vertex 0 5.20475e-19 0
    endloop
  endfacet
  facet normal 0 0 1
    outer loop
      vertex 0 5.20475e-19 0
      vertex 0.00821037 -0.00219996 0
      vertex 0.00829852 -0.00183974 0
    endloop
  endfacet
  facet normal 0 0 1
    outer loop
      vertex 0.00753959 -0.00392486 0
      vertex 0.00770362 -0.00359226 0
      vertex 0 5.20475e-19 0
    endloop
  endfacet
  facet normal 0 0 1
    outer loop
      vertex 0.00770362 -0.00359226 0
      vertex 0.00785298 -0.00325281 0
      vertex 0 5.20475e-19 0
    endloop
  endfacet
  facet normal 0 0 1
    outer loop
      vertex 0 5.20475e-19 0
      vertex 0.00785298 -0.00325281 0
      vertex 0.00798739 -0.00290717 0
    endloop
  endfacet
  facet normal 0 0 1
    outer loop
      vertex 0.00696279 -0.0048754 0
      vertex 0.00716883 -0.00456705 0
      vertex 0 5.20475e-19 0
    endloop
  endfacet
  facet normal 0 0 1
    outer loop
      vertex 0.00716883 -0.00456705 0
      vertex 0.00736122 -0.00425 0
      vertex 0 5.20475e-19 0
    endloop
  endfacet
  facet normal 0 0 1
    outer loop
      vertex 0 5.20475e-19 0
      vertex 0.00736122 -0.00425 0
      vertex 0.00753959 -0.00392486 0
    endloop
  endfacet
  facet normal 0 0 1
    outer loop
      vertex 0.00626686 -0.00574252 0
      vertex 0.00651138 -0.00546369 0
      vertex 0 5.20475e-19 0
    endloop
  endfacet
  facet normal 0 0 1
    outer loop
      vertex 0.00651138 -0.00546369 0
      vertex 0.0067435 -0.00517447 0
      vertex 0 5.20475e-19 0
    endloop
  endfacet
  facet normal 0 0 1
    outer loop
      vertex 0 5.20475e-19 0
      vertex 0.0067435 -0.00517447 0
      vertex 0.00696279 -0.0048754 0
    endloop
  endfacet
  facet normal 0 0 1
    outer loop
      vertex 0.00546369 -0.00651138 0
      vertex 0.00574252 -0.00626686 0
      vertex 0 5.20475e-19 0
    endloop
  endfacet
  facet normal 0 0 1
    outer loop
      vertex 0.00574252 -0.00626686 0
      vertex 0.00601041 -0.00601041 0
      vertex 0 5.20475e-19 0
    endloop
  endfacet
  facet normal 0 0 1
    outer loop
      vertex 0 5.20475e-19 0
      vertex 0.00601041 -0.00601041 0
      vertex 0.00626686 -0.00574252 0
    endloop
  endfacet
  facet normal 0 0 1
    outer loop
      vertex 0.00456705 -0.00716883 0
      vertex 0.0048754 -0.00696279 0
      vertex 0 5.20475e-19 0
    endloop
  endfacet
  facet normal 0 0 1
    outer loop
      vertex 0.0048754 -0.00696279 0
      vertex 0.00517447 -0.0067435 0
      vertex 0 5.20475e-19 0
    endloop
  endfacet
  facet normal 0 0 1
    outer loop
      vertex 0 5.20475e-19 0
      vertex 0.00517447 -0.0067435 0
      vertex 0.00546369 -0.00651138 0
    endloop
  endfacet
  facet normal 0 0 1
    outer loop
      vertex 0.00359226 -0.00770362 0
      vertex 0.00392486 -0.00753959 0
      vertex 0 5.20475e-19 0
    endloop
  endfacet
  facet normal 0 0 1
    outer loop
      vertex 0.00392486 -0.00753959 0
      vertex 0.00425 -0.00736122 0
      vertex 0 5.20475e-19 0
    endloop
  endfacet
  facet normal 0 0 1
    outer loop
      vertex 0 5.20475e-19 0
      vertex 0.00425 -0.00736122 0
      vertex 0.00456705 -0.00716883 0
    endloop
  endfacet
  facet normal 0 0 1
    outer loop
      vertex 0.002556 -0.00810659 0
      vertex 0.00290717 -0.00798739 0
      vertex 0 5.20475e-19 0
    endloop
  endfacet
  facet normal 0 0 1
    outer loop
      vertex 0.00290717 -0.00798739 0
      vertex 0.00325281 -0.00785298 0
      vertex 0 5.20475e-19 0
    endloop
  endfacet
  facet normal 0 0 1
    outer loop
      vertex 0 5.20475e-19 0
      vertex 0.00325281 -0.00785298 0
      vertex 0.00359226 -0.00770362 0
    endloop
  endfacet
  facet normal 0 0 1
    outer loop
      vertex 0.00147601 -0.00837087 0
      vertex 0.00183974 -0.00829852 0
      vertex 0 5.20475e-19 0
    endloop
  endfacet
  facet normal 0 0 1
    outer loop
      vertex 0.00183974 -0.00829852 0
      vertex 0.00219996 -0.00821037 0
      vertex 0 5.20475e-19 0
    endloop
  endfacet
  facet normal 0 0 1
    outer loop
      vertex 0 5.20475e-19 0
      vertex 0.00219996 -0.00821037 0
      vertex 0.002556 -0.00810659 0
    endloop
  endfacet
  facet normal 0 0 1
    outer loop
      vertex 0.000370765 -0.00849191 0
      vertex 0.000740824 -0.00846765 0
      vertex 0 5.20475e-19 0
    endloop
  endfacet
  facet normal 0 0 1
    outer loop
      vertex 0.000740824 -0.00846765 0
      vertex 0.00110947 -0.00842728 0
      vertex 0 5.20475e-19 0
    endloop
  endfacet
  facet normal 0 0 1
    outer loop
      vertex 0 5.20475e-19 0
      vertex 0.00110947 -0.00842728 0
      vertex 0.00147601 -0.00837087 0
    endloop
  endfacet
  facet normal 0 0 1
    outer loop
      vertex -0.000740824 -0.00846765 0
      vertex -0.000370765 -0.00849191 0
      vertex 0 5.20475e-19 0
    endloop
  endfacet
  facet normal 0 0 1
    outer loop
      vertex -0.000370765 -0.00849191 0
      vertex -1.56142e-18 -0.0085 0
      vertex 0 5.20475e-19 0
    endloop
  endfacet
  facet normal 0 0 1
    outer loop
      vertex 0 5.20475e-19 0
      vertex -1.56142e-18 -0.0085 0
      vertex 0.000370765 -0.00849191 0
    endloop
  endfacet
  facet normal 0 0 1
    outer loop
      vertex -0.00183974 -0.00829852 0
      vertex -0.00147601 -0.00837087 0
      vertex 0 5.20475e-19 0
    endloop
  endfacet
  facet normal 0 0 1
    outer loop
      vertex -0.00147601 -0.00837087 0
      vertex -0.00110947 -0.00842728 0
      vertex 0 5.20475e-19 0
    endloop
  endfacet
  facet normal 0 0 1
    outer loop
      vertex 0 5.20475e-19 0
      vertex -0.00110947 -0.00842728 0
      vertex -0.000740824 -0.00846765 0
    endloop
  endfacet
  facet normal 0 0 1
    outer loop
      vertex -0.00290717 -0.00798739 0
      vertex -0.002556 -0.00810659 0
      vertex 0 5.20475e-19 0
    endloop
  endfacet
  facet normal 0 0 1
    outer loop
      vertex -0.002556 -0.00810659 0
      vertex -0.00219996 -0.00821037 0
      vertex 0 5.20475e-19 0
    endloop
  endfacet
  facet normal 0 0 1
    outer loop
      vertex 0 5.20475e-19 0
      vertex -0.00219996 -0.00821037 0
      vertex -0.00183974 -0.00829852 0
    endloop
  endfacet
  facet normal 0 0 1
    outer loop
      vertex -0.00392486 -0.00753959 0
      vertex -0.00359226 -0.00770362 0
      vertex 0 5.20475e-19 0
    endloop
  endfacet
  facet normal 0 0 1
    outer loop
      vertex -0.00359226 -0.00770362 0
      vertex -0.00325281 -0.00785298 0
      vertex 0 5.20475e-19 0
    endloop
  endfacet
  facet normal 0 0 1
    outer loop
      vertex 0 5.20475e-19 0
      vertex -0.00325281 -0.00785298 0
      vertex -0.00290717 -0.00798739 0
    endloop
  endfacet
  facet normal 0 0 1
    outer loop
      vertex -0.0048754 -0.00696279 0
      vertex -0.00456705 -0.00716883 0
      vertex 0 5.20475e-19 0
    endloop
  endfacet
  facet normal 0 0 1
    outer loop
      vertex -0.00456705 -0.00716883 0
      vertex -0.00425 -0.00736122 0
      vertex 0 5.20475e-19 0
    endloop
  endfacet
  facet normal 0 0 1
    outer loop
      vertex 0 5.20475e-19 0
      vertex -0.00425 -0.00736122 0
      vertex -0.00392486 -0.00753959 0
    endloop
  endfacet
  facet normal 0 0 1
    outer loop
      vertex -0.00574252 -0.00626686 0
      vertex -0.00546369 -0.00651138 0
      vertex 0 5.20475e-19 0
    endloop
  endfacet
  facet normal 0 0 1
    outer loop
      vertex -0.00546369 -0.00651138 0
      vertex -0.00517447 -0.0067435 0
      vertex 0 5.20475e-19 0
    endloop
  endfacet
  facet normal 0 0 1
    outer loop
      vertex 0 5.20475e-19 0
      vertex -0.00517447 -0.0067435 0
      vertex -0.0048754 -0.00696279 0
    endloop
  endfacet
  facet normal 0 0 1
    outer loop
      vertex -0.00651138 -0.00546369 0
      vertex -0.00626686 -0.00574252 0
      vertex 0 5.20475e-19 0
    endloop
  endfacet
  facet normal 0 0 1
    outer loop
      vertex -0.00626686 -0.00574252 0
      vertex -0.00601041 -0.00601041 0
      vertex 0 5.20475e-19 0
    endloop
  endfacet
  facet normal 0 0 1
    outer loop
      vertex 0 5.20475e-19 0
      vertex -0.00601041 -0.00601041 0
      vertex -0.00574252 -0.00626686 0
    endloop
  endfacet
  facet normal 0 0 1
    outer loop
      vertex -0.00716883 -0.00456705 0
      vertex -0.00696279 -0.0048754 0
      vertex 0 5.20475e-19 0
    endloop
  endfacet
  facet normal 0 0 1
    outer loop
      vertex -0.00696279 -0.0048754 0
      vertex -0.0067435 -0.00517447 0
      vertex 0 5.20475e-19 0
    endloop
  endfacet
  facet normal 0 0 1
    outer loop
      vertex 0 5.20475e-19 0
      vertex -0.0067435 -0.00517447 0
      vertex -0.00651138 -0.00546369 0
    endloop
  endfacet
  facet normal 0 0 1
    outer loop
      vertex -0.00770362 -0.00359226 0
      vertex -0.00753959 -0.00392486 0
      vertex 0 5.20475e-19 0
    endloop
  endfacet
  facet normal 0 0 1
    outer loop
      vertex -0.00753959 -0.00392486 0
      vertex -0.00736122 -0.00425 0
      vertex 0 5.20475e-19 0
    endloop
  endfacet
  facet normal 0 0 1
    outer loop
      vertex 0 5.20475e-19 0
      vertex -0.00736122 -0.00425 0
      vertex -0.00716883 -0.00456705 0
    endloop
  endfacet
  facet normal 0 0 1
    outer loop
      vertex -0.00810659 -0.002556 0
      vertex -0.00798739 -0.00290717 0
      vertex 0 5.20475e-19 0
    endloop
  endfacet
  facet normal 0 0 1
    outer loop
      vertex -0.00798739 -0.00290717 0
      vertex -0.00785298 -0.00325281 0
      vertex 0 5.20475e-19 0
    endloop
  endfacet
  facet normal 0 0 1
    outer loop
      vertex 0 5.20475e-19 0
      vertex -0.00785298 -0.00325281 0
      vertex -0.00770362 -0.00359226 0
    endloop
  endfacet
  facet normal 0 0 1
    outer loop
      vertex -0.00837087 -0.00147601 0
      vertex -0.00829852 -0.00183974 0
      vertex 0 5.20475e-19 0
    endloop
  endfacet
  facet normal 0 0 1
    outer loop
      vertex -0.00829852 -0.00183974 0
      vertex -0.00821037 -0.00219996 0
      vertex 0 5.20475e-19 0
    endloop
  endfacet
  facet normal 0 0 1
    outer loop
      vertex 0 5.20475e-19 0
      vertex -0.00821037 -0.00219996 0
      vertex -0.00810659 -0.002556 0
    endloop
  endfacet
  facet normal 0 0 1
    outer loop
      vertex -0.00849191 -0.000370765 0
      vertex -0.00846765 -0.000740824 0
      vertex 0 5.20475e-19 0
    endloop
  endfacet
  facet normal 0 0 1
    outer loop
      vertex -0.00846765 -0.000740824 0
      vertex -0.00842728 -0.00110947 0
      vertex 0 5.20475e-19 0
    endloop
  endfacet
  facet normal 0 0 1
    outer loop
      vertex 0 5.20475e-19 0
      vertex -0.00842728 -0.00110947 0
      vertex -0.00837087 -0.00147601 0
    endloop
  endfacet
  facet normal 0 0 1
    outer loop
      vertex -0.00846765 0.000740824 0
      vertex -0.00849191 0.000370765 0
      vertex 0 5.20475e-19 0
    endloop
  endfacet
  facet normal 0 0 1
    outer loop
      vertex -0.00849191 0.000370765 0
      vertex -0.0085 1.56142e-18 0
      vertex 0 5.20475e-19 0
    endloop
  endfacet
  facet normal 0 0 1
    outer loop
      vertex 0 5.20475e-19 0
      vertex -0.0085 1.56142e-18 0
      vertex -0.00849191 -0.000370765 0
    endloop
  endfacet
  facet normal 0 0 1
    outer loop
      vertex -0.00829852 0.00183974 0
      vertex -0.00837087 0.00147601 0
      vertex 0 5.20475e-19 0
    endloop
  endfacet
  facet normal 0 0 1
    outer loop
      vertex -0.00837087 0.00147601 0
      vertex -0.00842728 0.00110947 0
      vertex 0 5.20475e-19 0
    endloop
  endfacet
  facet normal 0 0 1
    outer loop
      vertex 0 5.20475e-19 0
      vertex -0.00842728 0.00110947 0
      vertex -0.00846765 0.000740824 0
    endloop
  endfacet
  facet normal 0 0 1
    outer loop
      vertex -0.00798739 0.00290717 0
      vertex -0.00810659 0.002556 0
      vertex 0 5.20475e-19 0
    endloop
  endfacet
  facet normal 0 0 1
    outer loop
      vertex -0.00810659 0.002556 0
      vertex -0.00821037 0.00219996 0
      vertex 0 5.20475e-19 0
    endloop
  endfacet
  facet normal 0 0 1
    outer loop
      vertex 0 5.20475e-19 0
      vertex -0.00821037 0.00219996 0
      vertex -0.00829852 0.00183974 0
    endloop
  endfacet
  facet normal 0 0 1
    outer loop
      vertex -0.00753959 0.00392486 0
      vertex -0.00770362 0.00359226 0
      vertex 0 5.20475e-19 0
    endloop
  endfacet
  facet normal 0 0 1
    outer loop
      vertex -0.00770362 0.00359226 0
      vertex -0.00785298 0.00325281 0
      vertex 0 5.20475e-19 0
    endloop
  endfacet
  facet normal 0 0 1
    outer loop
      vertex 0 5.20475e-19 0
      vertex -0.00785298 0.00325281 0
      vertex -0.00798739 0.00290717 0
    endloop
  endfacet
  facet normal 0 0 1
    outer loop
      vertex -0.00696279 0.0048754 0
      vertex -0.00716883 0.00456705 0
      vertex 0 5.20475e-19 0
    endloop
  endfacet
  facet normal 0 0 1
    outer loop
      vertex -0.00716883 0.00456705 0
      vertex -0.00736122 0.00425 0
      vertex 0 5.20475e-19 0
    endloop
  endfacet
  facet normal 0 0 1
    outer loop
      vertex 0 5.20475e-19 0
      vertex -0.00736122 0.00425 0
      vertex -0.00753959 0.00392486 0
    endloop
  endfacet
  facet normal 0 0 1
    outer loop
      vertex -0.00626686 0.00574252 0
      vertex -0.00651138 0.00546369 0
      vertex 0 5.20475e-19 0
    endloop
  endfacet
  facet normal 0 0 1
    outer loop
      vertex -0.00651138 0.00546369 0
      vertex -0.0067435 0.00517447 0
      vertex 0 5.20475e-19 0
    endloop
  endfacet
  facet normal 0 0 1
    outer loop
      vertex 0 5.20475e-19 0
      vertex -0.0067435 0.00517447 0
      vertex -0.00696279 0.0048754 0
    endloop
  endfacet
  facet normal 0 0 1
    outer loop
      vertex -0.00546369 0.00651138 0
      vertex -0.00574252 0.00626686 0
      vertex 0 5.20475e-19 0
    endloop
  endfacet
  facet normal 0 0 1
    outer loop
      vertex -0.00574252 0.00626686 0
      vertex -0.00601041 0.00601041 0
      vertex 0 5.20475e-19 0
    endloop
  endfacet
  facet normal 0 0 1
    outer loop
      vertex 0 5.20475e-19 0
      vertex -0.00601041 0.00601041 0
      vertex -0.00626686 0.00574252 0
    endloop
  endfacet
  facet normal 0 0 1
    outer loop
      vertex -0.00456705 0.00716883 0
      vertex -0.0048754 0.00696279 0
      vertex 0 5.20475e-19 0
    endloop
  endfacet
  facet normal 0 0 1
    outer loop
      vertex -0.0048754 0.00696279 0
      vertex -0.00517447 0.0067435 0
      vertex 0 5.20475e-19 0
    endloop
  endfacet
  facet normal 0 0 1
    outer loop
      vertex 0 5.20475e-19 0
      vertex -0.00517447 0.0067435 0
      vertex -0.00546369 0.00651138 0
    endloop
  endfacet
  facet normal 0 0 1
    outer loop
      vertex -0.00359226 0.00770362 0
      vertex -0.00392486 0.00753959 0
      vertex 0 5.20475e-19 0
    endloop
  endfacet
  facet normal 0 0 1
    outer loop
      vertex -0.00392486 0.00753959 0
      vertex -0.00425 0.00736122 0
      vertex 0 5.20475e-19 0
    endloop
  endfacet
  facet normal 0 0 1
    outer loop
      vertex 0 5.20475e-19 0
      vertex -0.00425 0.00736122 0
      vertex -0.00456705 0.00716883 0
    endloop
  endfacet
  facet normal 0 0 1
    outer loop
      vertex -0.002556 0.00810659 0
      vertex -0.00290717 0.00798739 0
      vertex 0 5.20475e-19 0
    endloop
  endfacet
  facet normal 0 0 1
    outer loop
      vertex -0.00290717 0.00798739 0
      vertex -0.00325281 0.00785298 0
      vertex 0 5.20475e-19 0
    endloop
  endfacet
  facet normal 0 0 1
    outer loop
      vertex 0 5.20475e-19 0
      vertex -0.00325281 0.00785298 0
      vertex -0.00359226 0.00770362 0
    endloop
  endfacet
  facet normal 0 0 1
    outer loop
      vertex -0.00147601 0.00837087 0
      vertex -0.00183974 0.00829852 0
      vertex 0 5.20475e-19 0
    endloop
  endfacet
  facet normal 0 0 1
    outer loop
      vertex -0.00183974 0.00829852 0
      vertex -0.00219996 0.00821037 0
      vertex 0 5.20475e-19 0
    endloop
  endfacet
  facet normal 0 0 1
    outer loop
      vertex 0 5.20475e-19 0
      vertex -0.00219996 0.00821037 0
      vertex -0.002556 0.00810659 0
    endloop
  endfacet
  facet normal 0 0 1
    outer loop
      vertex -0.000370765 0.00849191 0
      vertex -0.000740824 0.00846765 0
      vertex 0 5.20475e-19 0
    endloop
  endfacet
  facet normal 0 0 1
    outer loop
      vertex -0.000740824 0.00846765 0
      vertex -0.00110947 0.00842728 0
      vertex 0 5.20475e-19 0
    endloop
  endfacet
  facet normal 0 0 1
    outer loop
      vertex 0 5.20475e-19 0
      vertex -0.00110947 0.00842728 0
      vertex -0.00147601 0.00837087 0
    endloop
  endfacet
  facet normal 0 0 1
    outer loop
      vertex 0.000740824 0.00846765 0
      vertex 0.000370765 0.00849191 0
      vertex 0 5.20475e-19 0
    endloop
  endfacet
  facet normal 0 0 1
    outer loop
      vertex 0.000370765 0.00849191 0
      vertex 5.20475e-19 0.0085 0
      vertex 0 5.20475e-19 0
    endloop
  endfacet
  facet normal 0 0 1
    outer loop
      vertex 0 5.20475e-19 0
      vertex 5.20475e-19 0.0085 0
      vertex -0.000370765 0.00849191 0
    endloop
  endfacet
  facet normal 0 0 1
    outer loop
      vertex 0.00183974 0.00829852 0
      vertex 0.00147601 0.00837087 0
      vertex 0 5.20475e-19 0
    endloop
  endfacet
  facet normal 0 0 1
    outer loop
      vertex 0.00147601 0.00837087 0
      vertex 0.00110947 0.00842728 0
      vertex 0 5.20475e-19 0
    endloop
  endfacet
  facet normal 0 0 1
    outer loop
      vertex 0 5.20475e-19 0
      vertex 0.00110947 0.00842728 0
      vertex 0.000740824 0.00846765 0
    endloop
  endfacet
  facet normal 0 0 1
    outer loop
      vertex 0.00290717 0.00798739 0
      vertex 0.002556 0.00810659 0
      vertex 0 5.20475e-19 0
    endloop
  endfacet
  facet normal 0 0 1
    outer loop
      vertex 0.002556 0.00810659 0
      vertex 0.00219996 0.00821037 0
      vertex 0 5.20475e-19 0
    endloop
  endfacet
  facet normal 0 0 1
    outer loop
      vertex 0 5.20475e-19 0
      vertex 0.00219996 0.00821037 0
      vertex 0.00183974 0.00829852 0
    endloop
  endfacet
  facet normal 0 0 1
    outer loop
      vertex 0.00392486 0.00753959 0
      vertex 0.00359226 0.00770362 0
      vertex 0 5.20475e-19 0
    endloop
  endfacet
  facet normal 0 0 1
    outer loop
      vertex 0.00359226 0.00770362 0
      vertex 0.00325281 0.00785298 0
      vertex 0 5.20475e-19 0
    endloop
  endfacet
  facet normal 0 0 1
    outer loop
      vertex 0 5.20475e-19 0
      vertex 0.00325281 0.00785298 0
      vertex 0.00290717 0.00798739 0
    endloop
  endfacet
  facet normal 0 0 1
    outer loop
      vertex 0.0048754 0.00696279 0
      vertex 0.00456705 0.00716883 0
      vertex 0 5.20475e-19 0
    endloop
  endfacet
  facet normal 0 0 1
    outer loop
      vertex 0.00456705 0.00716883 0
      vertex 0.00425 0.00736122 0
      vertex 0 5.20475e-19 0
    endloop
  endfacet
  facet normal 0 0 1
    outer loop
      vertex 0 5.20475e-19 0
      vertex 0.00425 0.00736122 0
      vertex 0.00392486 0.00753959 0
    endloop
  endfacet
  facet normal 0 0 1
    outer loop
      vertex 0.00574252 0.00626686 0
      vertex 0.00546369 0.00651138 0
      vertex 0 5.20475e-19 0
    endloop
  endfacet
  facet normal 0 0 1
    outer loop
      vertex 0.00546369 0.00651138 0
      vertex 0.00517447 0.0067435 0
      vertex 0 5.20475e-19 0
    endloop
  endfacet
  facet normal 0 0 1
    outer loop
      vertex 0 5.20475e-19 0
      vertex 0.00517447 0.0067435 0
      vertex 0.0048754 0.00696279 0
    endloop
  endfacet
  facet normal 0 0 1
    outer loop
      vertex 0.00651138 0.00546369 0
      vertex 0.00626686 0.00574252 0
      vertex 0 5.20475e-19 0
    endloop
  endfacet
  facet normal 0 0 1
    outer loop
      vertex 0.00626686 0.00574252 0
      vertex 0.00601041 0.00601041 0
      vertex 0 5.20475e-19 0
    endloop
  endfacet
  facet normal 0 0 1
    outer loop
      vertex 0 5.20475e-19 0
      vertex 0.00601041 0.00601041 0
      vertex 0.00574252 0.00626686 0
    endloop
  endfacet
  facet normal 0 0 1
    outer loop
      vertex 0.00716883 0.00456705 0
      vertex 0.00696279 0.0048754 0
      vertex 0 5.20475e-19 0
    endloop
  endfacet
  facet normal 0 0 1
    outer loop
      vertex 0.00696279 0.0048754 0
      vertex 0.0067435 0.00517447 0
      vertex 0 5.20475e-19 0
    endloop
  endfacet
  facet normal 0 0 1
    outer loop
      vertex 0 5.20475e-19 0
      vertex 0.0067435 0.00517447 0
      vertex 0.00651138 0.00546369 0
    endloop
  endfacet
  facet normal 0 0 1
    outer loop
      vertex 0.00770362 0.00359226 0
      vertex 0.00753959 0.00392486 0
      vertex 0 5.20475e-19 0
    endloop
  endfacet
  facet normal 0 0 1
    outer loop
      vertex 0.00753959 0.00392486 0
      vertex 0.00736122 0.00425 0
      vertex 0 5.20475e-19 0
    endloop
  endfacet
  facet normal 0 0 1
    outer loop
      vertex 0 5.20475e-19 0
      vertex 0.00736122 0.00425 0
      vertex 0.00716883 0.00456705 0
    endloop
  endfacet
  facet normal 0 0 1
    outer loop
      vertex 0.00810659 0.002556 0
      vertex 0.00798739 0.00290717 0
      vertex 0 5.20475e-19 0
    endloop
  endfacet
  facet normal 0 0 1
    outer loop
      vertex 0.00798739 0.00290717 0
      vertex 0.00785298 0.00325281 0
      vertex 0 5.20475e-19 0
    endloop
  endfacet
  facet normal 0 0 1
    outer loop
      vertex 0 5.20475e-19 0
      vertex 0.00785298 0.00325281 0
      vertex 0.00770362 0.00359226 0
    endloop
  endfacet
  facet normal 0 0 1
    outer loop
      vertex 0.00837087 0.00147601 0
      vertex 0.00829852 0.00183974 0
      vertex 0 5.20475e-19 0
    endloop
  endfacet
  facet normal 0 0 1
    outer loop
      vertex 0.00829852 0.00183974 0
      vertex 0.00821037 0.00219996 0
      vertex 0 5.20475e-19 0
    endloop
  endfacet
  facet normal 0 0 1
    outer loop
      vertex 0 5.20475e-19 0
      vertex 0.00821037 0.00219996 0
      vertex 0.00810659 0.002556 0
    endloop
  endfacet
  facet normal 0 0 1
    outer loop
      vertex 0.00849191 0.000370765 0
      vertex 0.00846765 0.000740824 0
      vertex 0 5.20475e-19 0
    endloop
  endfacet
  facet normal 0 0 1
    outer loop
      vertex 0.00846765 0.000740824 0
      vertex 0.00842728 0.00110947 0
      vertex 0 5.20475e-19 0
    endloop
  endfacet
  facet normal 0 0 1
    outer loop
      vertex 0 5.20475e-19 0
      vertex 0.00842728 0.00110947 0
      vertex 0.00837087 0.00147601 0
    endloop
  endfacet
  facet normal -0.999762 -0.0218117 0
    outer loop
      vertex 0.0158 -0.0125 -0.003
      vertex 0.0158 -0.0125 0
      vertex 0.0157969 -0.0123561 -0.003
    endloop
  endfacet
  facet normal -0.999762 -0.0218117 0
    outer loop
      vertex 0.0158 -0.0125 0
      vertex 0.0157969 -0.0123561 0
      vertex 0.0157969 -0.0123561 -0.003
    endloop
  endfacet
  facet normal -0.997859 -0.0653967 0
    outer loop
      vertex 0.0157969 -0.0123561 -0.003
      vertex 0.0157969 -0.0123561 0
      vertex 0.0157874 -0.0122124 -0.003
    endloop
  endfacet
  facet normal -0.997859 -0.0653967 0
    outer loop
      vertex 0.0157969 -0.0123561 0
      vertex 0.0157874 -0.0122124 0
      vertex 0.0157874 -0.0122124 -0.003
    endloop
  endfacet
  facet normal -0.994055 -0.108877 0
    outer loop
      vertex 0.0157874 -0.0122124 -0.003
      vertex 0.0157874 -0.0122124 0
      vertex 0.0157718 -0.0120693 -0.003
    endloop
  endfacet
  facet normal -0.994055 -0.108877 0
    outer loop
      vertex 0.0157874 -0.0122124 0
      vertex 0.0157718 -0.0120693 0
      vertex 0.0157718 -0.0120693 -0.003
    endloop
  endfacet
  facet normal -0.988363 -0.152114 0
    outer loop
      vertex 0.0157718 -0.0120693 -0.003
      vertex 0.0157718 -0.0120693 0
      vertex 0.0157499 -0.011927 -0.003
    endloop
  endfacet
  facet normal -0.988363 -0.152114 0
    outer loop
      vertex 0.0157718 -0.0120693 0
      vertex 0.0157499 -0.011927 0
      vertex 0.0157499 -0.011927 -0.003
    endloop
  endfacet
  facet normal -0.980785 -0.19509 0
    outer loop
      vertex 0.0157499 -0.011927 -0.003
      vertex 0.0157499 -0.011927 0
      vertex 0.0157218 -0.0117857 -0.003
    endloop
  endfacet
  facet normal -0.980785 -0.19509 0
    outer loop
      vertex 0.0157499 -0.011927 0
      vertex 0.0157218 -0.0117857 0
      vertex 0.0157218 -0.0117857 -0.003
    endloop
  endfacet
  facet normal -0.971341 -0.237691 0
    outer loop
      vertex 0.0157218 -0.0117857 -0.003
      vertex 0.0157218 -0.0117857 0
      vertex 0.0156876 -0.0116459 -0.003
    endloop
  endfacet
  facet normal -0.971341 -0.237691 0
    outer loop
      vertex 0.0157218 -0.0117857 0
      vertex 0.0156876 -0.0116459 0
      vertex 0.0156876 -0.0116459 -0.003
    endloop
  endfacet
  facet normal -0.96005 -0.279828 0
    outer loop
      vertex 0.0156876 -0.0116459 -0.003
      vertex 0.0156876 -0.0116459 0
      vertex 0.0156473 -0.0115077 -0.003
    endloop
  endfacet
  facet normal -0.96005 -0.279828 0
    outer loop
      vertex 0.0156876 -0.0116459 0
      vertex 0.0156473 -0.0115077 0
      vertex 0.0156473 -0.0115077 -0.003
    endloop
  endfacet
  facet normal -0.946931 -0.321437 0
    outer loop
      vertex 0.0156473 -0.0115077 -0.003
      vertex 0.0156473 -0.0115077 0
      vertex 0.015601 -0.0113713 -0.003
    endloop
  endfacet
  facet normal -0.946931 -0.321437 0
    outer loop
      vertex 0.0156473 -0.0115077 0
      vertex 0.015601 -0.0113713 0
      vertex 0.015601 -0.0113713 -0.003
    endloop
  endfacet
  facet normal -0.932008 -0.362437 0
    outer loop
      vertex 0.015601 -0.0113713 -0.003
      vertex 0.015601 -0.0113713 0
      vertex 0.0155488 -0.0112371 -0.003
    endloop
  endfacet
  facet normal -0.932008 -0.362437 0
    outer loop
      vertex 0.015601 -0.0113713 0
      vertex 0.0155488 -0.0112371 0
      vertex 0.0155488 -0.0112371 -0.003
    endloop
  endfacet
  facet normal -0.915311 -0.402748 0
    outer loop
      vertex 0.0155488 -0.0112371 -0.003
      vertex 0.0155488 -0.0112371 0
      vertex 0.0154908 -0.0111054 -0.003
    endloop
  endfacet
  facet normal -0.915311 -0.402748 0
    outer loop
      vertex 0.0155488 -0.0112371 0
      vertex 0.0154908 -0.0111054 0
      vertex 0.0154908 -0.0111054 -0.003
    endloop
  endfacet
  facet normal -0.896872 -0.442291 0
    outer loop
      vertex 0.0154908 -0.0111054 -0.003
      vertex 0.0154908 -0.0111054 0
      vertex 0.0154271 -0.0109762 -0.003
    endloop
  endfacet
  facet normal -0.896872 -0.442291 0
    outer loop
      vertex 0.0154908 -0.0111054 0
      vertex 0.0154271 -0.0109762 0
      vertex 0.0154271 -0.0109762 -0.003
    endloop
  endfacet
  facet normal -0.876726 -0.48099 0
    outer loop
      vertex 0.0154271 -0.0109762 -0.003
      vertex 0.0154271 -0.0109762 0
      vertex 0.0153579 -0.01085 -0.003
    endloop
  endfacet
  facet normal -0.876726 -0.48099 0
    outer loop
      vertex 0.0154271 -0.0109762 0
      vertex 0.0153579 -0.01085 0
      vertex 0.0153579 -0.01085 -0.003
    endloop
  endfacet
  facet normal -0.854913 -0.518772 0
    outer loop
      vertex 0.0153579 -0.01085 -0.003
      vertex 0.0153579 -0.01085 0
      vertex 0.0152832 -0.0107269 -0.003
    endloop
  endfacet
  facet normal -0.854913 -0.518772 0
    outer loop
      vertex 0.0153579 -0.01085 0
      vertex 0.0152832 -0.0107269 0
      vertex 0.0152832 -0.0107269 -0.003
    endloop
  endfacet
  facet normal -0.831471 -0.555569 0
    outer loop
      vertex 0.0152832 -0.0107269 -0.003
      vertex 0.0152832 -0.0107269 0
      vertex 0.0152032 -0.0106072 -0.003
    endloop
  endfacet
  facet normal -0.831471 -0.555569 0
    outer loop
      vertex 0.0152832 -0.0107269 0
      vertex 0.0152032 -0.0106072 0
      vertex 0.0152032 -0.0106072 -0.003
    endloop
  endfacet
  facet normal -0.806445 -0.59131 0
    outer loop
      vertex 0.0152032 -0.0106072 -0.003
      vertex 0.0152032 -0.0106072 0
      vertex 0.0151181 -0.0104911 -0.003
    endloop
  endfacet
  facet normal -0.806445 -0.59131 0
    outer loop
      vertex 0.0152032 -0.0106072 0
      vertex 0.0151181 -0.0104911 0
      vertex 0.0151181 -0.0104911 -0.003
    endloop
  endfacet
  facet normal -0.779883 -0.625926 0
    outer loop
      vertex 0.0151181 -0.0104911 -0.003
      vertex 0.0151181 -0.0104911 0
      vertex 0.0150279 -0.0103788 -0.003
    endloop
  endfacet
  facet normal -0.779883 -0.625926 0
    outer loop
      vertex 0.0151181 -0.0104911 0
      vertex 0.0150279 -0.0103788 0
      vertex 0.0150279 -0.0103788 -0.003
    endloop
  endfacet
  facet normal -0.751839 -0.659346 0
    outer loop
      vertex 0.0150279 -0.0103788 -0.003
      vertex 0.0150279 -0.0103788 0
      vertex 0.014933 -0.0102706 -0.003
    endloop
  endfacet
  facet normal -0.751839 -0.659346 0
    outer loop
      vertex 0.0150279 -0.0103788 0
      vertex 0.014933 -0.0102706 0
      vertex 0.014933 -0.0102706 -0.003
    endloop
  endfacet
  facet normal -0.722366 -0.691511 0
    outer loop
      vertex 0.014933 -0.0102706 -0.003
      vertex 0.014933 -0.0102706 0
      vertex 0.0148335 -0.0101665 -0.003
    endloop
  endfacet
  facet normal -0.722366 -0.691511 0
    outer loop
      vertex 0.014933 -0.0102706 0
      vertex 0.0148335 -0.0101665 0
      vertex 0.0148335 -0.0101665 -0.003
    endloop
  endfacet
  facet normal -0.691511 -0.722366 0
    outer loop
      vertex 0.0148335 -0.0101665 -0.003
      vertex 0.0148335 -0.0101665 0
      vertex 0.0147294 -0.010067 -0.003
    endloop
  endfacet
  facet normal -0.691511 -0.722366 0
    outer loop
      vertex 0.0148335 -0.0101665 0
      vertex 0.0147294 -0.010067 0
      vertex 0.0147294 -0.010067 -0.003
    endloop
  endfacet
  facet normal -0.659346 -0.751839 0
    outer loop
      vertex 0.0147294 -0.010067 -0.003
      vertex 0.0147294 -0.010067 0
      vertex 0.0146212 -0.00997205 -0.003
    endloop
  endfacet
  facet normal -0.659346 -0.751839 0
    outer loop
      vertex 0.0147294 -0.010067 0
      vertex 0.0146212 -0.00997205 0
      vertex 0.0146212 -0.00997205 -0.003
    endloop
  endfacet
  facet normal -0.625922 -0.779885 0
    outer loop
      vertex 0.0146212 -0.00997205 -0.003
      vertex 0.0146212 -0.00997205 0
      vertex 0.0145089 -0.00988193 -0.003
    endloop
  endfacet
  facet normal -0.625922 -0.779885 0
    outer loop
      vertex 0.0146212 -0.00997205 0
      vertex 0.0145089 -0.00988193 0
      vertex 0.0145089 -0.00988193 -0.003
    endloop
  endfacet
  facet normal -0.591313 -0.806442 0
    outer loop
      vertex 0.0145089 -0.00988193 -0.003
      vertex 0.0145089 -0.00988193 0
      vertex 0.0143928 -0.0097968 -0.003
    endloop
  endfacet
  facet normal -0.591313 -0.806442 0
    outer loop
      vertex 0.0145089 -0.00988193 0
      vertex 0.0143928 -0.0097968 0
      vertex 0.0143928 -0.0097968 -0.003
    endloop
  endfacet
  facet normal -0.55557 -0.83147 0
    outer loop
      vertex 0.0143928 -0.0097968 -0.003
      vertex 0.0143928 -0.0097968 0
      vertex 0.0142731 -0.00971681 -0.003
    endloop
  endfacet
  facet normal -0.55557 -0.83147 0
    outer loop
      vertex 0.0143928 -0.0097968 0
      vertex 0.0142731 -0.00971681 0
      vertex 0.0142731 -0.00971681 -0.003
    endloop
  endfacet
  facet normal -0.518775 -0.854911 0
    outer loop
      vertex 0.0142731 -0.00971681 -0.003
      vertex 0.0142731 -0.00971681 0
      vertex 0.01415 -0.00964212 -0.003
    endloop
  endfacet
  facet normal -0.518775 -0.854911 0
    outer loop
      vertex 0.0142731 -0.00971681 0
      vertex 0.01415 -0.00964212 0
      vertex 0.01415 -0.00964212 -0.003
    endloop
  endfacet
  facet normal -0.480985 -0.876729 0
    outer loop
      vertex 0.01415 -0.00964212 -0.003
      vertex 0.01415 -0.00964212 0
      vertex 0.0140238 -0.00957286 -0.003
    endloop
  endfacet
  facet normal -0.480985 -0.876729 0
    outer loop
      vertex 0.01415 -0.00964212 0
      vertex 0.0140238 -0.00957286 0
      vertex 0.0140238 -0.00957286 -0.003
    endloop
  endfacet
  facet normal -0.442288 -0.896873 0
    outer loop
      vertex 0.0140238 -0.00957286 -0.003
      vertex 0.0140238 -0.00957286 0
      vertex 0.0138946 -0.00950918 -0.003
    endloop
  endfacet
  facet normal -0.442288 -0.896873 0
    outer loop
      vertex 0.0140238 -0.00957286 0
      vertex 0.0138946 -0.00950918 0
      vertex 0.0138946 -0.00950918 -0.003
    endloop
  endfacet
  facet normal -0.402748 -0.915311 0
    outer loop
      vertex 0.0138946 -0.00950918 -0.003
      vertex 0.0138946 -0.00950918 0
      vertex 0.0137629 -0.0094512 -0.003
    endloop
  endfacet
  facet normal -0.402748 -0.915311 0
    outer loop
      vertex 0.0138946 -0.00950918 0
      vertex 0.0137629 -0.0094512 0
      vertex 0.0137629 -0.0094512 -0.003
    endloop
  endfacet
  facet normal -0.362437 -0.932008 0
    outer loop
      vertex 0.0137629 -0.0094512 -0.003
      vertex 0.0137629 -0.0094512 0
      vertex 0.0136287 -0.00939901 -0.003
    endloop
  endfacet
  facet normal -0.362437 -0.932008 0
    outer loop
      vertex 0.0137629 -0.0094512 0
      vertex 0.0136287 -0.00939901 0
      vertex 0.0136287 -0.00939901 -0.003
    endloop
  endfacet
  facet normal -0.321439 -0.94693 0
    outer loop
      vertex 0.0136287 -0.00939901 -0.003
      vertex 0.0136287 -0.00939901 0
      vertex 0.0134923 -0.00935273 -0.003
    endloop
  endfacet
  facet normal -0.321439 -0.94693 0
    outer loop
      vertex 0.0136287 -0.00939901 0
      vertex 0.0134923 -0.00935273 0
      vertex 0.0134923 -0.00935273 -0.003
    endloop
  endfacet
  facet normal -0.279834 -0.960048 0
    outer loop
      vertex 0.0134923 -0.00935273 -0.003
      vertex 0.0134923 -0.00935273 0
      vertex 0.0133541 -0.00931244 -0.003
    endloop
  endfacet
  facet normal -0.279834 -0.960048 0
    outer loop
      vertex 0.0134923 -0.00935273 0
      vertex 0.0133541 -0.00931244 0
      vertex 0.0133541 -0.00931244 -0.003
    endloop
  endfacet
  facet normal -0.237685 -0.971342 0
    outer loop
      vertex 0.0133541 -0.00931244 -0.003
      vertex 0.0133541 -0.00931244 0
      vertex 0.0132143 -0.00927822 -0.003
    endloop
  endfacet
  facet normal -0.237685 -0.971342 0
    outer loop
      vertex 0.0133541 -0.00931244 0
      vertex 0.0132143 -0.00927822 0
      vertex 0.0132143 -0.00927822 -0.003
    endloop
  endfacet
  facet normal -0.19509 -0.980785 0
    outer loop
      vertex 0.0132143 -0.00927822 -0.003
      vertex 0.0132143 -0.00927822 0
      vertex 0.013073 -0.00925013 -0.003
    endloop
  endfacet
  facet normal -0.19509 -0.980785 0
    outer loop
      vertex 0.0132143 -0.00927822 0
      vertex 0.013073 -0.00925013 0
      vertex 0.013073 -0.00925013 -0.003
    endloop
  endfacet
  facet normal -0.15212 -0.988362 0
    outer loop
      vertex 0.013073 -0.00925013 -0.003
      vertex 0.013073 -0.00925013 0
      vertex 0.0129307 -0.00922823 -0.003
    endloop
  endfacet
  facet normal -0.15212 -0.988362 0
    outer loop
      vertex 0.013073 -0.00925013 0
      vertex 0.0129307 -0.00922823 0
      vertex 0.0129307 -0.00922823 -0.003
    endloop
  endfacet
  facet normal -0.108871 -0.994056 0
    outer loop
      vertex 0.0129307 -0.00922823 -0.003
      vertex 0.0129307 -0.00922823 0
      vertex 0.0127876 -0.00921256 -0.003
    endloop
  endfacet
  facet normal -0.108871 -0.994056 0
    outer loop
      vertex 0.0129307 -0.00922823 0
      vertex 0.0127876 -0.00921256 0
      vertex 0.0127876 -0.00921256 -0.003
    endloop
  endfacet
  facet normal -0.0654027 -0.997859 0
    outer loop
      vertex 0.0127876 -0.00921256 -0.003
      vertex 0.0127876 -0.00921256 0
      vertex 0.0126439 -0.00920314 -0.003
    endloop
  endfacet
  facet normal -0.0654027 -0.997859 0
    outer loop
      vertex 0.0127876 -0.00921256 0
      vertex 0.0126439 -0.00920314 0
      vertex 0.0126439 -0.00920314 -0.003
    endloop
  endfacet
  facet normal -0.0218119 -0.999762 0
    outer loop
      vertex 0.0126439 -0.00920314 -0.003
      vertex 0.0126439 -0.00920314 0
      vertex 0.0125 -0.0092 -0.003
    endloop
  endfacet
  facet normal -0.0218119 -0.999762 0
    outer loop
      vertex 0.0126439 -0.00920314 0
      vertex 0.0125 -0.0092 0
      vertex 0.0125 -0.0092 -0.003
    endloop
  endfacet
  facet normal 0.0218117 -0.999762 0
    outer loop
      vertex 0.0125 -0.0092 -0.003
      vertex 0.0125 -0.0092 0
      vertex 0.0123561 -0.00920314 -0.003
    endloop
  endfacet
  facet normal 0.0218117 -0.999762 0
    outer loop
      vertex 0.0125 -0.0092 0
      vertex 0.0123561 -0.00920314 0
      vertex 0.0123561 -0.00920314 -0.003
    endloop
  endfacet
  facet normal 0.0654032 -0.997859 0
    outer loop
      vertex 0.0123561 -0.00920314 -0.003
      vertex 0.0123561 -0.00920314 0
      vertex 0.0122124 -0.00921256 -0.003
    endloop
  endfacet
  facet normal 0.0654032 -0.997859 0
    outer loop
      vertex 0.0123561 -0.00920314 0
      vertex 0.0122124 -0.00921256 0
      vertex 0.0122124 -0.00921256 -0.003
    endloop
  endfacet
  facet normal 0.108871 -0.994056 0
    outer loop
      vertex 0.0122124 -0.00921256 -0.003
      vertex 0.0122124 -0.00921256 0
      vertex 0.0120693 -0.00922823 -0.003
    endloop
  endfacet
  facet normal 0.108871 -0.994056 0
    outer loop
      vertex 0.0122124 -0.00921256 0
      vertex 0.0120693 -0.00922823 0
      vertex 0.0120693 -0.00922823 -0.003
    endloop
  endfacet
  facet normal 0.15212 -0.988362 0
    outer loop
      vertex 0.0120693 -0.00922823 -0.003
      vertex 0.0120693 -0.00922823 0
      vertex 0.011927 -0.00925013 -0.003
    endloop
  endfacet
  facet normal 0.15212 -0.988362 0
    outer loop
      vertex 0.0120693 -0.00922823 0
      vertex 0.011927 -0.00925013 0
      vertex 0.011927 -0.00925013 -0.003
    endloop
  endfacet
  facet normal 0.19509 -0.980785 0
    outer loop
      vertex 0.011927 -0.00925013 -0.003
      vertex 0.011927 -0.00925013 0
      vertex 0.0117857 -0.00927822 -0.003
    endloop
  endfacet
  facet normal 0.19509 -0.980785 0
    outer loop
      vertex 0.011927 -0.00925013 0
      vertex 0.0117857 -0.00927822 0
      vertex 0.0117857 -0.00927822 -0.003
    endloop
  endfacet
  facet normal 0.237685 -0.971342 0
    outer loop
      vertex 0.0117857 -0.00927822 -0.003
      vertex 0.0117857 -0.00927822 0
      vertex 0.0116459 -0.00931244 -0.003
    endloop
  endfacet
  facet normal 0.237685 -0.971342 0
    outer loop
      vertex 0.0117857 -0.00927822 0
      vertex 0.0116459 -0.00931244 0
      vertex 0.0116459 -0.00931244 -0.003
    endloop
  endfacet
  facet normal 0.279834 -0.960048 0
    outer loop
      vertex 0.0116459 -0.00931244 -0.003
      vertex 0.0116459 -0.00931244 0
      vertex 0.0115077 -0.00935273 -0.003
    endloop
  endfacet
  facet normal 0.279834 -0.960048 0
    outer loop
      vertex 0.0116459 -0.00931244 0
      vertex 0.0115077 -0.00935273 0
      vertex 0.0115077 -0.00935273 -0.003
    endloop
  endfacet
  facet normal 0.321437 -0.946931 0
    outer loop
      vertex 0.0115077 -0.00935273 -0.003
      vertex 0.0115077 -0.00935273 0
      vertex 0.0113713 -0.00939901 -0.003
    endloop
  endfacet
  facet normal 0.321437 -0.946931 0
    outer loop
      vertex 0.0115077 -0.00935273 0
      vertex 0.0113713 -0.00939901 0
      vertex 0.0113713 -0.00939901 -0.003
    endloop
  endfacet
  facet normal 0.362437 -0.932008 0
    outer loop
      vertex 0.0113713 -0.00939901 -0.003
      vertex 0.0113713 -0.00939901 0
      vertex 0.0112371 -0.0094512 -0.003
    endloop
  endfacet
  facet normal 0.362437 -0.932008 0
    outer loop
      vertex 0.0113713 -0.00939901 0
      vertex 0.0112371 -0.0094512 0
      vertex 0.0112371 -0.0094512 -0.003
    endloop
  endfacet
  facet normal 0.402748 -0.915311 0
    outer loop
      vertex 0.0112371 -0.0094512 -0.003
      vertex 0.0112371 -0.0094512 0
      vertex 0.0111054 -0.00950918 -0.003
    endloop
  endfacet
  facet normal 0.402748 -0.915311 0
    outer loop
      vertex 0.0112371 -0.0094512 0
      vertex 0.0111054 -0.00950918 0
      vertex 0.0111054 -0.00950918 -0.003
    endloop
  endfacet
  facet normal 0.442291 -0.896872 0
    outer loop
      vertex 0.0111054 -0.00950918 -0.003
      vertex 0.0111054 -0.00950918 0
      vertex 0.0109762 -0.00957286 -0.003
    endloop
  endfacet
  facet normal 0.442291 -0.896872 0
    outer loop
      vertex 0.0111054 -0.00950918 0
      vertex 0.0109762 -0.00957286 0
      vertex 0.0109762 -0.00957286 -0.003
    endloop
  endfacet
  facet normal 0.480985 -0.876729 0
    outer loop
      vertex 0.0109762 -0.00957286 -0.003
      vertex 0.0109762 -0.00957286 0
      vertex 0.01085 -0.00964212 -0.003
    endloop
  endfacet
  facet normal 0.480985 -0.876729 0
    outer loop
      vertex 0.0109762 -0.00957286 0
      vertex 0.01085 -0.00964212 0
      vertex 0.01085 -0.00964212 -0.003
    endloop
  endfacet
  facet normal 0.518772 -0.854913 0
    outer loop
      vertex 0.01085 -0.00964212 -0.003
      vertex 0.01085 -0.00964212 0
      vertex 0.0107269 -0.00971681 -0.003
    endloop
  endfacet
  facet normal 0.518772 -0.854913 0
    outer loop
      vertex 0.01085 -0.00964212 0
      vertex 0.0107269 -0.00971681 0
      vertex 0.0107269 -0.00971681 -0.003
    endloop
  endfacet
  facet normal 0.555573 -0.831468 0
    outer loop
      vertex 0.0107269 -0.00971681 -0.003
      vertex 0.0107269 -0.00971681 0
      vertex 0.0106072 -0.0097968 -0.003
    endloop
  endfacet
  facet normal 0.555573 -0.831468 0
    outer loop
      vertex 0.0107269 -0.00971681 0
      vertex 0.0106072 -0.0097968 0
      vertex 0.0106072 -0.0097968 -0.003
    endloop
  endfacet
  facet normal 0.59131 -0.806445 0
    outer loop
      vertex 0.0106072 -0.0097968 -0.003
      vertex 0.0106072 -0.0097968 0
      vertex 0.0104911 -0.00988193 -0.003
    endloop
  endfacet
  facet normal 0.59131 -0.806445 0
    outer loop
      vertex 0.0106072 -0.0097968 0
      vertex 0.0104911 -0.00988193 0
      vertex 0.0104911 -0.00988193 -0.003
    endloop
  endfacet
  facet normal 0.625926 -0.779883 0
    outer loop
      vertex 0.0104911 -0.00988193 -0.003
      vertex 0.0104911 -0.00988193 0
      vertex 0.0103788 -0.00997205 -0.003
    endloop
  endfacet
  facet normal 0.625926 -0.779883 0
    outer loop
      vertex 0.0104911 -0.00988193 0
      vertex 0.0103788 -0.00997205 0
      vertex 0.0103788 -0.00997205 -0.003
    endloop
  endfacet
  facet normal 0.659346 -0.751839 0
    outer loop
      vertex 0.0103788 -0.00997205 -0.003
      vertex 0.0103788 -0.00997205 0
      vertex 0.0102706 -0.010067 -0.003
    endloop
  endfacet
  facet normal 0.659346 -0.751839 0
    outer loop
      vertex 0.0103788 -0.00997205 0
      vertex 0.0102706 -0.010067 0
      vertex 0.0102706 -0.010067 -0.003
    endloop
  endfacet
  facet normal 0.691508 -0.722369 0
    outer loop
      vertex 0.0102706 -0.010067 -0.003
      vertex 0.0102706 -0.010067 0
      vertex 0.0101665 -0.0101665 -0.003
    endloop
  endfacet
  facet normal 0.691508 -0.722369 0
    outer loop
      vertex 0.0102706 -0.010067 0
      vertex 0.0101665 -0.0101665 0
      vertex 0.0101665 -0.0101665 -0.003
    endloop
  endfacet
  facet normal 0.722369 -0.691508 0
    outer loop
      vertex 0.0101665 -0.0101665 -0.003
      vertex 0.0101665 -0.0101665 0
      vertex 0.010067 -0.0102706 -0.003
    endloop
  endfacet
  facet normal 0.722369 -0.691508 0
    outer loop
      vertex 0.0101665 -0.0101665 0
      vertex 0.010067 -0.0102706 0
      vertex 0.010067 -0.0102706 -0.003
    endloop
  endfacet
  facet normal 0.751839 -0.659346 0
    outer loop
      vertex 0.010067 -0.0102706 -0.003
      vertex 0.010067 -0.0102706 0
      vertex 0.00997205 -0.0103788 -0.003
    endloop
  endfacet
  facet normal 0.751839 -0.659346 0
    outer loop
      vertex 0.010067 -0.0102706 0
      vertex 0.00997205 -0.0103788 0
      vertex 0.00997205 -0.0103788 -0.003
    endloop
  endfacet
  facet normal 0.779883 -0.625926 0
    outer loop
      vertex 0.00997205 -0.0103788 -0.003
      vertex 0.00997205 -0.0103788 0
      vertex 0.00988193 -0.0104911 -0.003
    endloop
  endfacet
  facet normal 0.779883 -0.625926 0
    outer loop
      vertex 0.00997205 -0.0103788 0
      vertex 0.00988193 -0.0104911 0
      vertex 0.00988193 -0.0104911 -0.003
    endloop
  endfacet
  facet normal 0.806445 -0.59131 0
    outer loop
      vertex 0.00988193 -0.0104911 -0.003
      vertex 0.00988193 -0.0104911 0
      vertex 0.0097968 -0.0106072 -0.003
    endloop
  endfacet
  facet normal 0.806445 -0.59131 0
    outer loop
      vertex 0.00988193 -0.0104911 0
      vertex 0.0097968 -0.0106072 0
      vertex 0.0097968 -0.0106072 -0.003
    endloop
  endfacet
  facet normal 0.831468 -0.555573 0
    outer loop
      vertex 0.0097968 -0.0106072 -0.003
      vertex 0.0097968 -0.0106072 0
      vertex 0.00971681 -0.0107269 -0.003
    endloop
  endfacet
  facet normal 0.831468 -0.555573 0
    outer loop
      vertex 0.0097968 -0.0106072 0
      vertex 0.00971681 -0.0107269 0
      vertex 0.00971681 -0.0107269 -0.003
    endloop
  endfacet
  facet normal 0.854913 -0.518772 0
    outer loop
      vertex 0.00971681 -0.0107269 -0.003
      vertex 0.00971681 -0.0107269 0
      vertex 0.00964212 -0.01085 -0.003
    endloop
  endfacet
  facet normal 0.854913 -0.518772 0
    outer loop
      vertex 0.00971681 -0.0107269 0
      vertex 0.00964212 -0.01085 0
      vertex 0.00964212 -0.01085 -0.003
    endloop
  endfacet
  facet normal 0.876729 -0.480985 0
    outer loop
      vertex 0.00964212 -0.01085 -0.003
      vertex 0.00964212 -0.01085 0
      vertex 0.00957286 -0.0109762 -0.003
    endloop
  endfacet
  facet normal 0.876729 -0.480985 0
    outer loop
      vertex 0.00964212 -0.01085 0
      vertex 0.00957286 -0.0109762 0
      vertex 0.00957286 -0.0109762 -0.003
    endloop
  endfacet
  facet normal 0.896872 -0.442291 0
    outer loop
      vertex 0.00957286 -0.0109762 -0.003
      vertex 0.00957286 -0.0109762 0
      vertex 0.00950918 -0.0111054 -0.003
    endloop
  endfacet
  facet normal 0.896872 -0.442291 0
    outer loop
      vertex 0.00957286 -0.0109762 0
      vertex 0.00950918 -0.0111054 0
      vertex 0.00950918 -0.0111054 -0.003
    endloop
  endfacet
  facet normal 0.915311 -0.402748 0
    outer loop
      vertex 0.00950918 -0.0111054 -0.003
      vertex 0.00950918 -0.0111054 0
      vertex 0.0094512 -0.0112371 -0.003
    endloop
  endfacet
  facet normal 0.915311 -0.402748 0
    outer loop
      vertex 0.00950918 -0.0111054 0
      vertex 0.0094512 -0.0112371 0
      vertex 0.0094512 -0.0112371 -0.003
    endloop
  endfacet
  facet normal 0.932008 -0.362437 0
    outer loop
      vertex 0.0094512 -0.0112371 -0.003
      vertex 0.0094512 -0.0112371 0
      vertex 0.00939901 -0.0113713 -0.003
    endloop
  endfacet
  facet normal 0.932008 -0.362437 0
    outer loop
      vertex 0.0094512 -0.0112371 0
      vertex 0.00939901 -0.0113713 0
      vertex 0.00939901 -0.0113713 -0.003
    endloop
  endfacet
  facet normal 0.946931 -0.321437 0
    outer loop
      vertex 0.00939901 -0.0113713 -0.003
      vertex 0.00939901 -0.0113713 0
      vertex 0.00935273 -0.0115077 -0.003
    endloop
  endfacet
  facet normal 0.946931 -0.321437 0
    outer loop
      vertex 0.00939901 -0.0113713 0
      vertex 0.00935273 -0.0115077 0
      vertex 0.00935273 -0.0115077 -0.003
    endloop
  endfacet
  facet normal 0.960048 -0.279834 0
    outer loop
      vertex 0.00935273 -0.0115077 -0.003
      vertex 0.00935273 -0.0115077 0
      vertex 0.00931244 -0.0116459 -0.003
    endloop
  endfacet
  facet normal 0.960048 -0.279834 0
    outer loop
      vertex 0.00935273 -0.0115077 0
      vertex 0.00931244 -0.0116459 0
      vertex 0.00931244 -0.0116459 -0.003
    endloop
  endfacet
  facet normal 0.971342 -0.237685 0
    outer loop
      vertex 0.00931244 -0.0116459 -0.003
      vertex 0.00931244 -0.0116459 0
      vertex 0.00927822 -0.0117857 -0.003
    endloop
  endfacet
  facet normal 0.971342 -0.237685 0
    outer loop
      vertex 0.00931244 -0.0116459 0
      vertex 0.00927822 -0.0117857 0
      vertex 0.00927822 -0.0117857 -0.003
    endloop
  endfacet
  facet normal 0.980785 -0.19509 0
    outer loop
      vertex 0.00927822 -0.0117857 -0.003
      vertex 0.00927822 -0.0117857 0
      vertex 0.00925013 -0.011927 -0.003
    endloop
  endfacet
  facet normal 0.980785 -0.19509 0
    outer loop
      vertex 0.00927822 -0.0117857 0
      vertex 0.00925013 -0.011927 0
      vertex 0.00925013 -0.011927 -0.003
    endloop
  endfacet
  facet normal 0.988362 -0.15212 0
    outer loop
      vertex 0.00925013 -0.011927 -0.003
      vertex 0.00925013 -0.011927 0
      vertex 0.00922823 -0.0120693 -0.003
    endloop
  endfacet
  facet normal 0.988362 -0.15212 0
    outer loop
      vertex 0.00925013 -0.011927 0
      vertex 0.00922823 -0.0120693 0
      vertex 0.00922823 -0.0120693 -0.003
    endloop
  endfacet
  facet normal 0.994056 -0.108871 0
    outer loop
      vertex 0.00922823 -0.0120693 -0.003
      vertex 0.00922823 -0.0120693 0
      vertex 0.00921256 -0.0122124 -0.003
    endloop
  endfacet
  facet normal 0.994056 -0.108871 0
    outer loop
      vertex 0.00922823 -0.0120693 0
      vertex 0.00921256 -0.0122124 0
      vertex 0.00921256 -0.0122124 -0.003
    endloop
  endfacet
  facet normal 0.997859 -0.0654032 0
    outer loop
      vertex 0.00921256 -0.0122124 -0.003
      vertex 0.00921256 -0.0122124 0
      vertex 0.00920314 -0.0123561 -0.003
    endloop
  endfacet
  facet normal 0.997859 -0.0654032 0
    outer loop
      vertex 0.00921256 -0.0122124 0
      vertex 0.00920314 -0.0123561 0
      vertex 0.00920314 -0.0123561 -0.003
    endloop
  endfacet
  facet normal 0.999762 -0.0218117 0
    outer loop
      vertex 0.00920314 -0.0123561 -0.003
      vertex 0.00920314 -0.0123561 0
      vertex 0.0092 -0.0125 -0.003
    endloop
  endfacet
  facet normal 0.999762 -0.0218117 0
    outer loop
      vertex 0.00920314 -0.0123561 0
      vertex 0.0092 -0.0125 0
      vertex 0.0092 -0.0125 -0.003
    endloop
  endfacet
  facet normal 0.999762 0.0218119 0
    outer loop
      vertex 0.0092 -0.0125 -0.003
      vertex 0.0092 -0.0125 0
      vertex 0.00920314 -0.0126439 -0.003
    endloop
  endfacet
  facet normal 0.999762 0.0218119 0
    outer loop
      vertex 0.0092 -0.0125 0
      vertex 0.00920314 -0.0126439 0
      vertex 0.00920314 -0.0126439 -0.003
    endloop
  endfacet
  facet normal 0.997859 0.0654027 0
    outer loop
      vertex 0.00920314 -0.0126439 -0.003
      vertex 0.00920314 -0.0126439 0
      vertex 0.00921256 -0.0127876 -0.003
    endloop
  endfacet
  facet normal 0.997859 0.0654027 0
    outer loop
      vertex 0.00920314 -0.0126439 0
      vertex 0.00921256 -0.0127876 0
      vertex 0.00921256 -0.0127876 -0.003
    endloop
  endfacet
  facet normal 0.994056 0.108871 0
    outer loop
      vertex 0.00921256 -0.0127876 -0.003
      vertex 0.00921256 -0.0127876 0
      vertex 0.00922823 -0.0129307 -0.003
    endloop
  endfacet
  facet normal 0.994056 0.108871 0
    outer loop
      vertex 0.00921256 -0.0127876 0
      vertex 0.00922823 -0.0129307 0
      vertex 0.00922823 -0.0129307 -0.003
    endloop
  endfacet
  facet normal 0.988362 0.15212 0
    outer loop
      vertex 0.00922823 -0.0129307 -0.003
      vertex 0.00922823 -0.0129307 0
      vertex 0.00925013 -0.013073 -0.003
    endloop
  endfacet
  facet normal 0.988362 0.15212 0
    outer loop
      vertex 0.00922823 -0.0129307 0
      vertex 0.00925013 -0.013073 0
      vertex 0.00925013 -0.013073 -0.003
    endloop
  endfacet
  facet normal 0.980785 0.19509 0
    outer loop
      vertex 0.00925013 -0.013073 -0.003
      vertex 0.00925013 -0.013073 0
      vertex 0.00927822 -0.0132143 -0.003
    endloop
  endfacet
  facet normal 0.980785 0.19509 0
    outer loop
      vertex 0.00925013 -0.013073 0
      vertex 0.00927822 -0.0132143 0
      vertex 0.00927822 -0.0132143 -0.003
    endloop
  endfacet
  facet normal 0.971342 0.237685 0
    outer loop
      vertex 0.00927822 -0.0132143 -0.003
      vertex 0.00927822 -0.0132143 0
      vertex 0.00931244 -0.0133541 -0.003
    endloop
  endfacet
  facet normal 0.971342 0.237685 0
    outer loop
      vertex 0.00927822 -0.0132143 0
      vertex 0.00931244 -0.0133541 0
      vertex 0.00931244 -0.0133541 -0.003
    endloop
  endfacet
  facet normal 0.960048 0.279834 0
    outer loop
      vertex 0.00931244 -0.0133541 -0.003
      vertex 0.00931244 -0.0133541 0
      vertex 0.00935273 -0.0134923 -0.003
    endloop
  endfacet
  facet normal 0.960048 0.279834 0
    outer loop
      vertex 0.00931244 -0.0133541 0
      vertex 0.00935273 -0.0134923 0
      vertex 0.00935273 -0.0134923 -0.003
    endloop
  endfacet
  facet normal 0.94693 0.321439 0
    outer loop
      vertex 0.00935273 -0.0134923 -0.003
      vertex 0.00935273 -0.0134923 0
      vertex 0.00939901 -0.0136287 -0.003
    endloop
  endfacet
  facet normal 0.94693 0.321439 0
    outer loop
      vertex 0.00935273 -0.0134923 0
      vertex 0.00939901 -0.0136287 0
      vertex 0.00939901 -0.0136287 -0.003
    endloop
  endfacet
  facet normal 0.932008 0.362437 0
    outer loop
      vertex 0.00939901 -0.0136287 -0.003
      vertex 0.00939901 -0.0136287 0
      vertex 0.0094512 -0.0137629 -0.003
    endloop
  endfacet
  facet normal 0.932008 0.362437 0
    outer loop
      vertex 0.00939901 -0.0136287 0
      vertex 0.0094512 -0.0137629 0
      vertex 0.0094512 -0.0137629 -0.003
    endloop
  endfacet
  facet normal 0.915311 0.402748 0
    outer loop
      vertex 0.0094512 -0.0137629 -0.003
      vertex 0.0094512 -0.0137629 0
      vertex 0.00950918 -0.0138946 -0.003
    endloop
  endfacet
  facet normal 0.915311 0.402748 0
    outer loop
      vertex 0.0094512 -0.0137629 0
      vertex 0.00950918 -0.0138946 0
      vertex 0.00950918 -0.0138946 -0.003
    endloop
  endfacet
  facet normal 0.896873 0.442288 0
    outer loop
      vertex 0.00950918 -0.0138946 -0.003
      vertex 0.00950918 -0.0138946 0
      vertex 0.00957286 -0.0140238 -0.003
    endloop
  endfacet
  facet normal 0.896873 0.442288 0
    outer loop
      vertex 0.00950918 -0.0138946 0
      vertex 0.00957286 -0.0140238 0
      vertex 0.00957286 -0.0140238 -0.003
    endloop
  endfacet
  facet normal 0.876729 0.480985 0
    outer loop
      vertex 0.00957286 -0.0140238 -0.003
      vertex 0.00957286 -0.0140238 0
      vertex 0.00964212 -0.01415 -0.003
    endloop
  endfacet
  facet normal 0.876729 0.480985 0
    outer loop
      vertex 0.00957286 -0.0140238 0
      vertex 0.00964212 -0.01415 0
      vertex 0.00964212 -0.01415 -0.003
    endloop
  endfacet
  facet normal 0.854911 0.518775 0
    outer loop
      vertex 0.00964212 -0.01415 -0.003
      vertex 0.00964212 -0.01415 0
      vertex 0.00971681 -0.0142731 -0.003
    endloop
  endfacet
  facet normal 0.854911 0.518775 0
    outer loop
      vertex 0.00964212 -0.01415 0
      vertex 0.00971681 -0.0142731 0
      vertex 0.00971681 -0.0142731 -0.003
    endloop
  endfacet
  facet normal 0.83147 0.55557 0
    outer loop
      vertex 0.00971681 -0.0142731 -0.003
      vertex 0.00971681 -0.0142731 0
      vertex 0.0097968 -0.0143928 -0.003
    endloop
  endfacet
  facet normal 0.83147 0.55557 0
    outer loop
      vertex 0.00971681 -0.0142731 0
      vertex 0.0097968 -0.0143928 0
      vertex 0.0097968 -0.0143928 -0.003
    endloop
  endfacet
  facet normal 0.806442 0.591313 0
    outer loop
      vertex 0.0097968 -0.0143928 -0.003
      vertex 0.0097968 -0.0143928 0
      vertex 0.00988193 -0.0145089 -0.003
    endloop
  endfacet
  facet normal 0.806442 0.591313 0
    outer loop
      vertex 0.0097968 -0.0143928 0
      vertex 0.00988193 -0.0145089 0
      vertex 0.00988193 -0.0145089 -0.003
    endloop
  endfacet
  facet normal 0.779885 0.625922 0
    outer loop
      vertex 0.00988193 -0.0145089 -0.003
      vertex 0.00988193 -0.0145089 0
      vertex 0.00997205 -0.0146212 -0.003
    endloop
  endfacet
  facet normal 0.779885 0.625922 0
    outer loop
      vertex 0.00988193 -0.0145089 0
      vertex 0.00997205 -0.0146212 0
      vertex 0.00997205 -0.0146212 -0.003
    endloop
  endfacet
  facet normal 0.751839 0.659346 0
    outer loop
      vertex 0.00997205 -0.0146212 -0.003
      vertex 0.00997205 -0.0146212 0
      vertex 0.010067 -0.0147294 -0.003
    endloop
  endfacet
  facet normal 0.751839 0.659346 0
    outer loop
      vertex 0.00997205 -0.0146212 0
      vertex 0.010067 -0.0147294 0
      vertex 0.010067 -0.0147294 -0.003
    endloop
  endfacet
  facet normal 0.722366 0.691511 0
    outer loop
      vertex 0.010067 -0.0147294 -0.003
      vertex 0.010067 -0.0147294 0
      vertex 0.0101665 -0.0148335 -0.003
    endloop
  endfacet
  facet normal 0.722366 0.691511 0
    outer loop
      vertex 0.010067 -0.0147294 0
      vertex 0.0101665 -0.0148335 0
      vertex 0.0101665 -0.0148335 -0.003
    endloop
  endfacet
  facet normal 0.691511 0.722366 0
    outer loop
      vertex 0.0101665 -0.0148335 -0.003
      vertex 0.0101665 -0.0148335 0
      vertex 0.0102706 -0.014933 -0.003
    endloop
  endfacet
  facet normal 0.691511 0.722366 0
    outer loop
      vertex 0.0101665 -0.0148335 0
      vertex 0.0102706 -0.014933 0
      vertex 0.0102706 -0.014933 -0.003
    endloop
  endfacet
  facet normal 0.659346 0.751839 0
    outer loop
      vertex 0.0102706 -0.014933 -0.003
      vertex 0.0102706 -0.014933 0
      vertex 0.0103788 -0.0150279 -0.003
    endloop
  endfacet
  facet normal 0.659346 0.751839 0
    outer loop
      vertex 0.0102706 -0.014933 0
      vertex 0.0103788 -0.0150279 0
      vertex 0.0103788 -0.0150279 -0.003
    endloop
  endfacet
  facet normal 0.625926 0.779883 0
    outer loop
      vertex 0.0103788 -0.0150279 -0.003
      vertex 0.0103788 -0.0150279 0
      vertex 0.0104911 -0.0151181 -0.003
    endloop
  endfacet
  facet normal 0.625926 0.779883 0
    outer loop
      vertex 0.0103788 -0.0150279 0
      vertex 0.0104911 -0.0151181 0
      vertex 0.0104911 -0.0151181 -0.003
    endloop
  endfacet
  facet normal 0.59131 0.806445 0
    outer loop
      vertex 0.0104911 -0.0151181 -0.003
      vertex 0.0104911 -0.0151181 0
      vertex 0.0106072 -0.0152032 -0.003
    endloop
  endfacet
  facet normal 0.59131 0.806445 0
    outer loop
      vertex 0.0104911 -0.0151181 0
      vertex 0.0106072 -0.0152032 0
      vertex 0.0106072 -0.0152032 -0.003
    endloop
  endfacet
  facet normal 0.555569 0.831471 0
    outer loop
      vertex 0.0106072 -0.0152032 -0.003
      vertex 0.0106072 -0.0152032 0
      vertex 0.0107269 -0.0152832 -0.003
    endloop
  endfacet
  facet normal 0.555569 0.831471 0
    outer loop
      vertex 0.0106072 -0.0152032 0
      vertex 0.0107269 -0.0152832 0
      vertex 0.0107269 -0.0152832 -0.003
    endloop
  endfacet
  facet normal 0.518772 0.854913 0
    outer loop
      vertex 0.0107269 -0.0152832 -0.003
      vertex 0.0107269 -0.0152832 0
      vertex 0.01085 -0.0153579 -0.003
    endloop
  endfacet
  facet normal 0.518772 0.854913 0
    outer loop
      vertex 0.0107269 -0.0152832 0
      vertex 0.01085 -0.0153579 0
      vertex 0.01085 -0.0153579 -0.003
    endloop
  endfacet
  facet normal 0.48099 0.876726 0
    outer loop
      vertex 0.01085 -0.0153579 -0.003
      vertex 0.01085 -0.0153579 0
      vertex 0.0109762 -0.0154271 -0.003
    endloop
  endfacet
  facet normal 0.48099 0.876726 0
    outer loop
      vertex 0.01085 -0.0153579 0
      vertex 0.0109762 -0.0154271 0
      vertex 0.0109762 -0.0154271 -0.003
    endloop
  endfacet
  facet normal 0.442291 0.896872 0
    outer loop
      vertex 0.0109762 -0.0154271 -0.003
      vertex 0.0109762 -0.0154271 0
      vertex 0.0111054 -0.0154908 -0.003
    endloop
  endfacet
  facet normal 0.442291 0.896872 0
    outer loop
      vertex 0.0109762 -0.0154271 0
      vertex 0.0111054 -0.0154908 0
      vertex 0.0111054 -0.0154908 -0.003
    endloop
  endfacet
  facet normal 0.402748 0.915311 0
    outer loop
      vertex 0.0111054 -0.0154908 -0.003
      vertex 0.0111054 -0.0154908 0
      vertex 0.0112371 -0.0155488 -0.003
    endloop
  endfacet
  facet normal 0.402748 0.915311 0
    outer loop
      vertex 0.0111054 -0.0154908 0
      vertex 0.0112371 -0.0155488 0
      vertex 0.0112371 -0.0155488 -0.003
    endloop
  endfacet
  facet normal 0.362437 0.932008 0
    outer loop
      vertex 0.0112371 -0.0155488 -0.003
      vertex 0.0112371 -0.0155488 0
      vertex 0.0113713 -0.015601 -0.003
    endloop
  endfacet
  facet normal 0.362437 0.932008 0
    outer loop
      vertex 0.0112371 -0.0155488 0
      vertex 0.0113713 -0.015601 0
      vertex 0.0113713 -0.015601 -0.003
    endloop
  endfacet
  facet normal 0.321437 0.946931 0
    outer loop
      vertex 0.0113713 -0.015601 -0.003
      vertex 0.0113713 -0.015601 0
      vertex 0.0115077 -0.0156473 -0.003
    endloop
  endfacet
  facet normal 0.321437 0.946931 0
    outer loop
      vertex 0.0113713 -0.015601 0
      vertex 0.0115077 -0.0156473 0
      vertex 0.0115077 -0.0156473 -0.003
    endloop
  endfacet
  facet normal 0.279828 0.96005 0
    outer loop
      vertex 0.0115077 -0.0156473 -0.003
      vertex 0.0115077 -0.0156473 0
      vertex 0.0116459 -0.0156876 -0.003
    endloop
  endfacet
  facet normal 0.279828 0.96005 0
    outer loop
      vertex 0.0115077 -0.0156473 0
      vertex 0.0116459 -0.0156876 0
      vertex 0.0116459 -0.0156876 -0.003
    endloop
  endfacet
  facet normal 0.237691 0.971341 0
    outer loop
      vertex 0.0116459 -0.0156876 -0.003
      vertex 0.0116459 -0.0156876 0
      vertex 0.0117857 -0.0157218 -0.003
    endloop
  endfacet
  facet normal 0.237691 0.971341 0
    outer loop
      vertex 0.0116459 -0.0156876 0
      vertex 0.0117857 -0.0157218 0
      vertex 0.0117857 -0.0157218 -0.003
    endloop
  endfacet
  facet normal 0.19509 0.980785 0
    outer loop
      vertex 0.0117857 -0.0157218 -0.003
      vertex 0.0117857 -0.0157218 0
      vertex 0.011927 -0.0157499 -0.003
    endloop
  endfacet
  facet normal 0.19509 0.980785 0
    outer loop
      vertex 0.0117857 -0.0157218 0
      vertex 0.011927 -0.0157499 0
      vertex 0.011927 -0.0157499 -0.003
    endloop
  endfacet
  facet normal 0.152114 0.988363 0
    outer loop
      vertex 0.011927 -0.0157499 -0.003
      vertex 0.011927 -0.0157499 0
      vertex 0.0120693 -0.0157718 -0.003
    endloop
  endfacet
  facet normal 0.152114 0.988363 0
    outer loop
      vertex 0.011927 -0.0157499 0
      vertex 0.0120693 -0.0157718 0
      vertex 0.0120693 -0.0157718 -0.003
    endloop
  endfacet
  facet normal 0.108877 0.994055 0
    outer loop
      vertex 0.0120693 -0.0157718 -0.003
      vertex 0.0120693 -0.0157718 0
      vertex 0.0122124 -0.0157874 -0.003
    endloop
  endfacet
  facet normal 0.108877 0.994055 0
    outer loop
      vertex 0.0120693 -0.0157718 0
      vertex 0.0122124 -0.0157874 0
      vertex 0.0122124 -0.0157874 -0.003
    endloop
  endfacet
  facet normal 0.0653967 0.997859 0
    outer loop
      vertex 0.0122124 -0.0157874 -0.003
      vertex 0.0122124 -0.0157874 0
      vertex 0.0123561 -0.0157969 -0.003
    endloop
  endfacet
  facet normal 0.0653967 0.997859 0
    outer loop
      vertex 0.0122124 -0.0157874 0
      vertex 0.0123561 -0.0157969 0
      vertex 0.0123561 -0.0157969 -0.003
    endloop
  endfacet
  facet normal 0.0218117 0.999762 0
    outer loop
      vertex 0.0123561 -0.0157969 -0.003
      vertex 0.0123561 -0.0157969 0
      vertex 0.0125 -0.0158 -0.003
    endloop
  endfacet
  facet normal 0.0218117 0.999762 0
    outer loop
      vertex 0.0123561 -0.0157969 0
      vertex 0.0125 -0.0158 0
      vertex 0.0125 -0.0158 -0.003
    endloop
  endfacet
  facet normal -0.0218119 0.999762 0
    outer loop
      vertex 0.0125 -0.0158 -0.003
      vertex 0.0125 -0.0158 0
      vertex 0.0126439 -0.0157969 -0.003
    endloop
  endfacet
  facet normal -0.0218119 0.999762 0
    outer loop
      vertex 0.0125 -0.0158 0
      vertex 0.0126439 -0.0157969 0
      vertex 0.0126439 -0.0157969 -0.003
    endloop
  endfacet
  facet normal -0.0653963 0.997859 0
    outer loop
      vertex 0.0126439 -0.0157969 -0.003
      vertex 0.0126439 -0.0157969 0
      vertex 0.0127876 -0.0157874 -0.003
    endloop
  endfacet
  facet normal -0.0653963 0.997859 0
    outer loop
      vertex 0.0126439 -0.0157969 0
      vertex 0.0127876 -0.0157874 0
      vertex 0.0127876 -0.0157874 -0.003
    endloop
  endfacet
  facet normal -0.108877 0.994055 0
    outer loop
      vertex 0.0127876 -0.0157874 -0.003
      vertex 0.0127876 -0.0157874 0
      vertex 0.0129307 -0.0157718 -0.003
    endloop
  endfacet
  facet normal -0.108877 0.994055 0
    outer loop
      vertex 0.0127876 -0.0157874 0
      vertex 0.0129307 -0.0157718 0
      vertex 0.0129307 -0.0157718 -0.003
    endloop
  endfacet
  facet normal -0.152114 0.988363 0
    outer loop
      vertex 0.0129307 -0.0157718 -0.003
      vertex 0.0129307 -0.0157718 0
      vertex 0.013073 -0.0157499 -0.003
    endloop
  endfacet
  facet normal -0.152114 0.988363 0
    outer loop
      vertex 0.0129307 -0.0157718 0
      vertex 0.013073 -0.0157499 0
      vertex 0.013073 -0.0157499 -0.003
    endloop
  endfacet
  facet normal -0.19509 0.980785 0
    outer loop
      vertex 0.013073 -0.0157499 -0.003
      vertex 0.013073 -0.0157499 0
      vertex 0.0132143 -0.0157218 -0.003
    endloop
  endfacet
  facet normal -0.19509 0.980785 0
    outer loop
      vertex 0.013073 -0.0157499 0
      vertex 0.0132143 -0.0157218 0
      vertex 0.0132143 -0.0157218 -0.003
    endloop
  endfacet
  facet normal -0.237691 0.971341 0
    outer loop
      vertex 0.0132143 -0.0157218 -0.003
      vertex 0.0132143 -0.0157218 0
      vertex 0.0133541 -0.0156876 -0.003
    endloop
  endfacet
  facet normal -0.237691 0.971341 0
    outer loop
      vertex 0.0132143 -0.0157218 0
      vertex 0.0133541 -0.0156876 0
      vertex 0.0133541 -0.0156876 -0.003
    endloop
  endfacet
  facet normal -0.279828 0.96005 0
    outer loop
      vertex 0.0133541 -0.0156876 -0.003
      vertex 0.0133541 -0.0156876 0
      vertex 0.0134923 -0.0156473 -0.003
    endloop
  endfacet
  facet normal -0.279828 0.96005 0
    outer loop
      vertex 0.0133541 -0.0156876 0
      vertex 0.0134923 -0.0156473 0
      vertex 0.0134923 -0.0156473 -0.003
    endloop
  endfacet
  facet normal -0.321439 0.94693 0
    outer loop
      vertex 0.0134923 -0.0156473 -0.003
      vertex 0.0134923 -0.0156473 0
      vertex 0.0136287 -0.015601 -0.003
    endloop
  endfacet
  facet normal -0.321439 0.94693 0
    outer loop
      vertex 0.0134923 -0.0156473 0
      vertex 0.0136287 -0.015601 0
      vertex 0.0136287 -0.015601 -0.003
    endloop
  endfacet
  facet normal -0.362437 0.932008 0
    outer loop
      vertex 0.0136287 -0.015601 -0.003
      vertex 0.0136287 -0.015601 0
      vertex 0.0137629 -0.0155488 -0.003
    endloop
  endfacet
  facet normal -0.362437 0.932008 0
    outer loop
      vertex 0.0136287 -0.015601 0
      vertex 0.0137629 -0.0155488 0
      vertex 0.0137629 -0.0155488 -0.003
    endloop
  endfacet
  facet normal -0.402748 0.915311 0
    outer loop
      vertex 0.0137629 -0.0155488 -0.003
      vertex 0.0137629 -0.0155488 0
      vertex 0.0138946 -0.0154908 -0.003
    endloop
  endfacet
  facet normal -0.402748 0.915311 0
    outer loop
      vertex 0.0137629 -0.0155488 0
      vertex 0.0138946 -0.0154908 0
      vertex 0.0138946 -0.0154908 -0.003
    endloop
  endfacet
  facet normal -0.442288 0.896873 0
    outer loop
      vertex 0.0138946 -0.0154908 -0.003
      vertex 0.0138946 -0.0154908 0
      vertex 0.0140238 -0.0154271 -0.003
    endloop
  endfacet
  facet normal -0.442288 0.896873 0
    outer loop
      vertex 0.0138946 -0.0154908 0
      vertex 0.0140238 -0.0154271 0
      vertex 0.0140238 -0.0154271 -0.003
    endloop
  endfacet
  facet normal -0.48099 0.876726 0
    outer loop
      vertex 0.0140238 -0.0154271 -0.003
      vertex 0.0140238 -0.0154271 0
      vertex 0.01415 -0.0153579 -0.003
    endloop
  endfacet
  facet normal -0.48099 0.876726 0
    outer loop
      vertex 0.0140238 -0.0154271 0
      vertex 0.01415 -0.0153579 0
      vertex 0.01415 -0.0153579 -0.003
    endloop
  endfacet
  facet normal -0.518775 0.854911 0
    outer loop
      vertex 0.01415 -0.0153579 -0.003
      vertex 0.01415 -0.0153579 0
      vertex 0.0142731 -0.0152832 -0.003
    endloop
  endfacet
  facet normal -0.518775 0.854911 0
    outer loop
      vertex 0.01415 -0.0153579 0
      vertex 0.0142731 -0.0152832 0
      vertex 0.0142731 -0.0152832 -0.003
    endloop
  endfacet
  facet normal -0.555566 0.831473 0
    outer loop
      vertex 0.0142731 -0.0152832 -0.003
      vertex 0.0142731 -0.0152832 0
      vertex 0.0143928 -0.0152032 -0.003
    endloop
  endfacet
  facet normal -0.555566 0.831473 0
    outer loop
      vertex 0.0142731 -0.0152832 0
      vertex 0.0143928 -0.0152032 0
      vertex 0.0143928 -0.0152032 -0.003
    endloop
  endfacet
  facet normal -0.591313 0.806442 0
    outer loop
      vertex 0.0143928 -0.0152032 -0.003
      vertex 0.0143928 -0.0152032 0
      vertex 0.0145089 -0.0151181 -0.003
    endloop
  endfacet
  facet normal -0.591313 0.806442 0
    outer loop
      vertex 0.0143928 -0.0152032 0
      vertex 0.0145089 -0.0151181 0
      vertex 0.0145089 -0.0151181 -0.003
    endloop
  endfacet
  facet normal -0.625922 0.779885 0
    outer loop
      vertex 0.0145089 -0.0151181 -0.003
      vertex 0.0145089 -0.0151181 0
      vertex 0.0146212 -0.0150279 -0.003
    endloop
  endfacet
  facet normal -0.625922 0.779885 0
    outer loop
      vertex 0.0145089 -0.0151181 0
      vertex 0.0146212 -0.0150279 0
      vertex 0.0146212 -0.0150279 -0.003
    endloop
  endfacet
  facet normal -0.659346 0.751839 0
    outer loop
      vertex 0.0146212 -0.0150279 -0.003
      vertex 0.0146212 -0.0150279 0
      vertex 0.0147294 -0.014933 -0.003
    endloop
  endfacet
  facet normal -0.659346 0.751839 0
    outer loop
      vertex 0.0146212 -0.0150279 0
      vertex 0.0147294 -0.014933 0
      vertex 0.0147294 -0.014933 -0.003
    endloop
  endfacet
  facet normal -0.691514 0.722363 0
    outer loop
      vertex 0.0147294 -0.014933 -0.003
      vertex 0.0147294 -0.014933 0
      vertex 0.0148335 -0.0148335 -0.003
    endloop
  endfacet
  facet normal -0.691514 0.722363 0
    outer loop
      vertex 0.0147294 -0.014933 0
      vertex 0.0148335 -0.0148335 0
      vertex 0.0148335 -0.0148335 -0.003
    endloop
  endfacet
  facet normal -0.722363 0.691514 0
    outer loop
      vertex 0.0148335 -0.0148335 -0.003
      vertex 0.0148335 -0.0148335 0
      vertex 0.014933 -0.0147294 -0.003
    endloop
  endfacet
  facet normal -0.722363 0.691514 0
    outer loop
      vertex 0.0148335 -0.0148335 0
      vertex 0.014933 -0.0147294 0
      vertex 0.014933 -0.0147294 -0.003
    endloop
  endfacet
  facet normal -0.751839 0.659346 0
    outer loop
      vertex 0.014933 -0.0147294 -0.003
      vertex 0.014933 -0.0147294 0
      vertex 0.0150279 -0.0146212 -0.003
    endloop
  endfacet
  facet normal -0.751839 0.659346 0
    outer loop
      vertex 0.014933 -0.0147294 0
      vertex 0.0150279 -0.0146212 0
      vertex 0.0150279 -0.0146212 -0.003
    endloop
  endfacet
  facet normal -0.779885 0.625922 0
    outer loop
      vertex 0.0150279 -0.0146212 -0.003
      vertex 0.0150279 -0.0146212 0
      vertex 0.0151181 -0.0145089 -0.003
    endloop
  endfacet
  facet normal -0.779885 0.625922 0
    outer loop
      vertex 0.0150279 -0.0146212 0
      vertex 0.0151181 -0.0145089 0
      vertex 0.0151181 -0.0145089 -0.003
    endloop
  endfacet
  facet normal -0.806442 0.591313 0
    outer loop
      vertex 0.0151181 -0.0145089 -0.003
      vertex 0.0151181 -0.0145089 0
      vertex 0.0152032 -0.0143928 -0.003
    endloop
  endfacet
  facet normal -0.806442 0.591313 0
    outer loop
      vertex 0.0151181 -0.0145089 0
      vertex 0.0152032 -0.0143928 0
      vertex 0.0152032 -0.0143928 -0.003
    endloop
  endfacet
  facet normal -0.831473 0.555566 0
    outer loop
      vertex 0.0152032 -0.0143928 -0.003
      vertex 0.0152032 -0.0143928 0
      vertex 0.0152832 -0.0142731 -0.003
    endloop
  endfacet
  facet normal -0.831473 0.555566 0
    outer loop
      vertex 0.0152032 -0.0143928 0
      vertex 0.0152832 -0.0142731 0
      vertex 0.0152832 -0.0142731 -0.003
    endloop
  endfacet
  facet normal -0.854911 0.518775 0
    outer loop
      vertex 0.0152832 -0.0142731 -0.003
      vertex 0.0152832 -0.0142731 0
      vertex 0.0153579 -0.01415 -0.003
    endloop
  endfacet
  facet normal -0.854911 0.518775 0
    outer loop
      vertex 0.0152832 -0.0142731 0
      vertex 0.0153579 -0.01415 0
      vertex 0.0153579 -0.01415 -0.003
    endloop
  endfacet
  facet normal -0.876726 0.48099 0
    outer loop
      vertex 0.0153579 -0.01415 -0.003
      vertex 0.0153579 -0.01415 0
      vertex 0.0154271 -0.0140238 -0.003
    endloop
  endfacet
  facet normal -0.876726 0.48099 0
    outer loop
      vertex 0.0153579 -0.01415 0
      vertex 0.0154271 -0.0140238 0
      vertex 0.0154271 -0.0140238 -0.003
    endloop
  endfacet
  facet normal -0.896873 0.442288 0
    outer loop
      vertex 0.0154271 -0.0140238 -0.003
      vertex 0.0154271 -0.0140238 0
      vertex 0.0154908 -0.0138946 -0.003
    endloop
  endfacet
  facet normal -0.896873 0.442288 0
    outer loop
      vertex 0.0154271 -0.0140238 0
      vertex 0.0154908 -0.0138946 0
      vertex 0.0154908 -0.0138946 -0.003
    endloop
  endfacet
  facet normal -0.915311 0.402748 0
    outer loop
      vertex 0.0154908 -0.0138946 -0.003
      vertex 0.0154908 -0.0138946 0
      vertex 0.0155488 -0.0137629 -0.003
    endloop
  endfacet
  facet normal -0.915311 0.402748 0
    outer loop
      vertex 0.0154908 -0.0138946 0
      vertex 0.0155488 -0.0137629 0
      vertex 0.0155488 -0.0137629 -0.003
    endloop
  endfacet
  facet normal -0.932008 0.362437 0
    outer loop
      vertex 0.0155488 -0.0137629 -0.003
      vertex 0.0155488 -0.0137629 0
      vertex 0.015601 -0.0136287 -0.003
    endloop
  endfacet
  facet normal -0.932008 0.362437 0
    outer loop
      vertex 0.0155488 -0.0137629 0
      vertex 0.015601 -0.0136287 0
      vertex 0.015601 -0.0136287 -0.003
    endloop
  endfacet
  facet normal -0.94693 0.321439 0
    outer loop
      vertex 0.015601 -0.0136287 -0.003
      vertex 0.015601 -0.0136287 0
      vertex 0.0156473 -0.0134923 -0.003
    endloop
  endfacet
  facet normal -0.94693 0.321439 0
    outer loop
      vertex 0.015601 -0.0136287 0
      vertex 0.0156473 -0.0134923 0
      vertex 0.0156473 -0.0134923 -0.003
    endloop
  endfacet
  facet normal -0.96005 0.279828 0
    outer loop
      vertex 0.0156473 -0.0134923 -0.003
      vertex 0.0156473 -0.0134923 0
      vertex 0.0156876 -0.0133541 -0.003
    endloop
  endfacet
  facet normal -0.96005 0.279828 0
    outer loop
      vertex 0.0156473 -0.0134923 0
      vertex 0.0156876 -0.0133541 0
      vertex 0.0156876 -0.0133541 -0.003
    endloop
  endfacet
  facet normal -0.971341 0.237691 0
    outer loop
      vertex 0.0156876 -0.0133541 -0.003
      vertex 0.0156876 -0.0133541 0
      vertex 0.0157218 -0.0132143 -0.003
    endloop
  endfacet
  facet normal -0.971341 0.237691 0
    outer loop
      vertex 0.0156876 -0.0133541 0
      vertex 0.0157218 -0.0132143 0
      vertex 0.0157218 -0.0132143 -0.003
    endloop
  endfacet
  facet normal -0.980785 0.19509 0
    outer loop
      vertex 0.0157218 -0.0132143 -0.003
      vertex 0.0157218 -0.0132143 0
      vertex 0.0157499 -0.013073 -0.003
    endloop
  endfacet
  facet normal -0.980785 0.19509 0
    outer loop
      vertex 0.0157218 -0.0132143 0
      vertex 0.0157499 -0.013073 0
      vertex 0.0157499 -0.013073 -0.003
    endloop
  endfacet
  facet normal -0.988363 0.152114 0
    outer loop
      vertex 0.0157499 -0.013073 -0.003
      vertex 0.0157499 -0.013073 0
      vertex 0.0157718 -0.0129307 -0.003
    endloop
  endfacet
  facet normal -0.988363 0.152114 0
    outer loop
      vertex 0.0157499 -0.013073 0
      vertex 0.0157718 -0.0129307 0
      vertex 0.0157718 -0.0129307 -0.003
    endloop
  endfacet
  facet normal -0.994055 0.108877 0
    outer loop
      vertex 0.0157718 -0.0129307 -0.003
      vertex 0.0157718 -0.0129307 0
      vertex 0.0157874 -0.0127876 -0.003
    endloop
  endfacet
  facet normal -0.994055 0.108877 0
    outer loop
      vertex 0.0157718 -0.0129307 0
      vertex 0.0157874 -0.0127876 0
      vertex 0.0157874 -0.0127876 -0.003
    endloop
  endfacet
  facet normal -0.997859 0.0653963 0
    outer loop
      vertex 0.0157874 -0.0127876 -0.003
      vertex 0.0157874 -0.0127876 0
      vertex 0.0157969 -0.0126439 -0.003
    endloop
  endfacet
  facet normal -0.997859 0.0653963 0
    outer loop
      vertex 0.0157874 -0.0127876 0
      vertex 0.0157969 -0.0126439 0
      vertex 0.0157969 -0.0126439 -0.003
    endloop
  endfacet
  facet normal -0.999762 0.0218119 0
    outer loop
      vertex 0.0157969 -0.0126439 -0.003
      vertex 0.0157969 -0.0126439 0
      vertex 0.0158 -0.0125 -0.003
    endloop
  endfacet
  facet normal -0.999762 0.0218119 0
    outer loop
      vertex 0.0157969 -0.0126439 0
      vertex 0.0158 -0.0125 0
      vertex 0.0158 -0.0125 -0.003
    endloop
  endfacet
  facet normal -0.999762 -0.0218119 0
    outer loop
      vertex -0.0092 0.0125 -0.003
      vertex -0.0092 0.0125 0
      vertex -0.00920314 0.0126439 -0.003
    endloop
  endfacet
  facet normal -0.999762 -0.0218119 0
    outer loop
      vertex -0.0092 0.0125 0
      vertex -0.00920314 0.0126439 0
      vertex -0.00920314 0.0126439 -0.003
    endloop
  endfacet
  facet normal -0.997859 -0.0654027 0
    outer loop
      vertex -0.00920314 0.0126439 -0.003
      vertex -0.00920314 0.0126439 0
      vertex -0.00921256 0.0127876 -0.003
    endloop
  endfacet
  facet normal -0.997859 -0.0654027 0
    outer loop
      vertex -0.00920314 0.0126439 0
      vertex -0.00921256 0.0127876 0
      vertex -0.00921256 0.0127876 -0.003
    endloop
  endfacet
  facet normal -0.994056 -0.108871 0
    outer loop
      vertex -0.00921256 0.0127876 -0.003
      vertex -0.00921256 0.0127876 0
      vertex -0.00922823 0.0129307 -0.003
    endloop
  endfacet
  facet normal -0.994056 -0.108871 0
    outer loop
      vertex -0.00921256 0.0127876 0
      vertex -0.00922823 0.0129307 0
      vertex -0.00922823 0.0129307 -0.003
    endloop
  endfacet
  facet normal -0.988362 -0.15212 0
    outer loop
      vertex -0.00922823 0.0129307 -0.003
      vertex -0.00922823 0.0129307 0
      vertex -0.00925013 0.013073 -0.003
    endloop
  endfacet
  facet normal -0.988362 -0.15212 0
    outer loop
      vertex -0.00922823 0.0129307 0
      vertex -0.00925013 0.013073 0
      vertex -0.00925013 0.013073 -0.003
    endloop
  endfacet
  facet normal -0.980785 -0.19509 0
    outer loop
      vertex -0.00925013 0.013073 -0.003
      vertex -0.00925013 0.013073 0
      vertex -0.00927822 0.0132143 -0.003
    endloop
  endfacet
  facet normal -0.980785 -0.19509 0
    outer loop
      vertex -0.00925013 0.013073 0
      vertex -0.00927822 0.0132143 0
      vertex -0.00927822 0.0132143 -0.003
    endloop
  endfacet
  facet normal -0.971342 -0.237685 0
    outer loop
      vertex -0.00927822 0.0132143 -0.003
      vertex -0.00927822 0.0132143 0
      vertex -0.00931244 0.0133541 -0.003
    endloop
  endfacet
  facet normal -0.971342 -0.237685 0
    outer loop
      vertex -0.00927822 0.0132143 0
      vertex -0.00931244 0.0133541 0
      vertex -0.00931244 0.0133541 -0.003
    endloop
  endfacet
  facet normal -0.960048 -0.279834 0
    outer loop
      vertex -0.00931244 0.0133541 -0.003
      vertex -0.00931244 0.0133541 0
      vertex -0.00935273 0.0134923 -0.003
    endloop
  endfacet
  facet normal -0.960048 -0.279834 0
    outer loop
      vertex -0.00931244 0.0133541 0
      vertex -0.00935273 0.0134923 0
      vertex -0.00935273 0.0134923 -0.003
    endloop
  endfacet
  facet normal -0.94693 -0.321439 0
    outer loop
      vertex -0.00935273 0.0134923 -0.003
      vertex -0.00935273 0.0134923 0
      vertex -0.00939901 0.0136287 -0.003
    endloop
  endfacet
  facet normal -0.94693 -0.321439 0
    outer loop
      vertex -0.00935273 0.0134923 0
      vertex -0.00939901 0.0136287 0
      vertex -0.00939901 0.0136287 -0.003
    endloop
  endfacet
  facet normal -0.932008 -0.362437 0
    outer loop
      vertex -0.00939901 0.0136287 -0.003
      vertex -0.00939901 0.0136287 0
      vertex -0.0094512 0.0137629 -0.003
    endloop
  endfacet
  facet normal -0.932008 -0.362437 0
    outer loop
      vertex -0.00939901 0.0136287 0
      vertex -0.0094512 0.0137629 0
      vertex -0.0094512 0.0137629 -0.003
    endloop
  endfacet
  facet normal -0.915311 -0.402748 0
    outer loop
      vertex -0.0094512 0.0137629 -0.003
      vertex -0.0094512 0.0137629 0
      vertex -0.00950918 0.0138946 -0.003
    endloop
  endfacet
  facet normal -0.915311 -0.402748 0
    outer loop
      vertex -0.0094512 0.0137629 0
      vertex -0.00950918 0.0138946 0
      vertex -0.00950918 0.0138946 -0.003
    endloop
  endfacet
  facet normal -0.896873 -0.442288 0
    outer loop
      vertex -0.00950918 0.0138946 -0.003
      vertex -0.00950918 0.0138946 0
      vertex -0.00957286 0.0140238 -0.003
    endloop
  endfacet
  facet normal -0.896873 -0.442288 0
    outer loop
      vertex -0.00950918 0.0138946 0
      vertex -0.00957286 0.0140238 0
      vertex -0.00957286 0.0140238 -0.003
    endloop
  endfacet
  facet normal -0.876729 -0.480985 0
    outer loop
      vertex -0.00957286 0.0140238 -0.003
      vertex -0.00957286 0.0140238 0
      vertex -0.00964212 0.01415 -0.003
    endloop
  endfacet
  facet normal -0.876729 -0.480985 0
    outer loop
      vertex -0.00957286 0.0140238 0
      vertex -0.00964212 0.01415 0
      vertex -0.00964212 0.01415 -0.003
    endloop
  endfacet
  facet normal -0.854911 -0.518775 0
    outer loop
      vertex -0.00964212 0.01415 -0.003
      vertex -0.00964212 0.01415 0
      vertex -0.00971681 0.0142731 -0.003
    endloop
  endfacet
  facet normal -0.854911 -0.518775 0
    outer loop
      vertex -0.00964212 0.01415 0
      vertex -0.00971681 0.0142731 0
      vertex -0.00971681 0.0142731 -0.003
    endloop
  endfacet
  facet normal -0.83147 -0.55557 0
    outer loop
      vertex -0.00971681 0.0142731 -0.003
      vertex -0.00971681 0.0142731 0
      vertex -0.0097968 0.0143928 -0.003
    endloop
  endfacet
  facet normal -0.83147 -0.55557 0
    outer loop
      vertex -0.00971681 0.0142731 0
      vertex -0.0097968 0.0143928 0
      vertex -0.0097968 0.0143928 -0.003
    endloop
  endfacet
  facet normal -0.806442 -0.591313 0
    outer loop
      vertex -0.0097968 0.0143928 -0.003
      vertex -0.0097968 0.0143928 0
      vertex -0.00988193 0.0145089 -0.003
    endloop
  endfacet
  facet normal -0.806442 -0.591313 0
    outer loop
      vertex -0.0097968 0.0143928 0
      vertex -0.00988193 0.0145089 0
      vertex -0.00988193 0.0145089 -0.003
    endloop
  endfacet
  facet normal -0.779885 -0.625922 0
    outer loop
      vertex -0.00988193 0.0145089 -0.003
      vertex -0.00988193 0.0145089 0
      vertex -0.00997205 0.0146212 -0.003
    endloop
  endfacet
  facet normal -0.779885 -0.625922 0
    outer loop
      vertex -0.00988193 0.0145089 0
      vertex -0.00997205 0.0146212 0
      vertex -0.00997205 0.0146212 -0.003
    endloop
  endfacet
  facet normal -0.751839 -0.659346 0
    outer loop
      vertex -0.00997205 0.0146212 -0.003
      vertex -0.00997205 0.0146212 0
      vertex -0.010067 0.0147294 -0.003
    endloop
  endfacet
  facet normal -0.751839 -0.659346 0
    outer loop
      vertex -0.00997205 0.0146212 0
      vertex -0.010067 0.0147294 0
      vertex -0.010067 0.0147294 -0.003
    endloop
  endfacet
  facet normal -0.722366 -0.691511 0
    outer loop
      vertex -0.010067 0.0147294 -0.003
      vertex -0.010067 0.0147294 0
      vertex -0.0101665 0.0148335 -0.003
    endloop
  endfacet
  facet normal -0.722366 -0.691511 0
    outer loop
      vertex -0.010067 0.0147294 0
      vertex -0.0101665 0.0148335 0
      vertex -0.0101665 0.0148335 -0.003
    endloop
  endfacet
  facet normal -0.691511 -0.722366 0
    outer loop
      vertex -0.0101665 0.0148335 -0.003
      vertex -0.0101665 0.0148335 0
      vertex -0.0102706 0.014933 -0.003
    endloop
  endfacet
  facet normal -0.691511 -0.722366 0
    outer loop
      vertex -0.0101665 0.0148335 0
      vertex -0.0102706 0.014933 0
      vertex -0.0102706 0.014933 -0.003
    endloop
  endfacet
  facet normal -0.659346 -0.751839 0
    outer loop
      vertex -0.0102706 0.014933 -0.003
      vertex -0.0102706 0.014933 0
      vertex -0.0103788 0.0150279 -0.003
    endloop
  endfacet
  facet normal -0.659346 -0.751839 0
    outer loop
      vertex -0.0102706 0.014933 0
      vertex -0.0103788 0.0150279 0
      vertex -0.0103788 0.0150279 -0.003
    endloop
  endfacet
  facet normal -0.625926 -0.779883 0
    outer loop
      vertex -0.0103788 0.0150279 -0.003
      vertex -0.0103788 0.0150279 0
      vertex -0.0104911 0.0151181 -0.003
    endloop
  endfacet
  facet normal -0.625926 -0.779883 0
    outer loop
      vertex -0.0103788 0.0150279 0
      vertex -0.0104911 0.0151181 0
      vertex -0.0104911 0.0151181 -0.003
    endloop
  endfacet
  facet normal -0.59131 -0.806445 0
    outer loop
      vertex -0.0104911 0.0151181 -0.003
      vertex -0.0104911 0.0151181 0
      vertex -0.0106072 0.0152032 -0.003
    endloop
  endfacet
  facet normal -0.59131 -0.806445 0
    outer loop
      vertex -0.0104911 0.0151181 0
      vertex -0.0106072 0.0152032 0
      vertex -0.0106072 0.0152032 -0.003
    endloop
  endfacet
  facet normal -0.555569 -0.831471 0
    outer loop
      vertex -0.0106072 0.0152032 -0.003
      vertex -0.0106072 0.0152032 0
      vertex -0.0107269 0.0152832 -0.003
    endloop
  endfacet
  facet normal -0.555569 -0.831471 0
    outer loop
      vertex -0.0106072 0.0152032 0
      vertex -0.0107269 0.0152832 0
      vertex -0.0107269 0.0152832 -0.003
    endloop
  endfacet
  facet normal -0.518772 -0.854913 0
    outer loop
      vertex -0.0107269 0.0152832 -0.003
      vertex -0.0107269 0.0152832 0
      vertex -0.01085 0.0153579 -0.003
    endloop
  endfacet
  facet normal -0.518772 -0.854913 0
    outer loop
      vertex -0.0107269 0.0152832 0
      vertex -0.01085 0.0153579 0
      vertex -0.01085 0.0153579 -0.003
    endloop
  endfacet
  facet normal -0.48099 -0.876726 0
    outer loop
      vertex -0.01085 0.0153579 -0.003
      vertex -0.01085 0.0153579 0
      vertex -0.0109762 0.0154271 -0.003
    endloop
  endfacet
  facet normal -0.48099 -0.876726 0
    outer loop
      vertex -0.01085 0.0153579 0
      vertex -0.0109762 0.0154271 0
      vertex -0.0109762 0.0154271 -0.003
    endloop
  endfacet
  facet normal -0.442291 -0.896872 0
    outer loop
      vertex -0.0109762 0.0154271 -0.003
      vertex -0.0109762 0.0154271 0
      vertex -0.0111054 0.0154908 -0.003
    endloop
  endfacet
  facet normal -0.442291 -0.896872 0
    outer loop
      vertex -0.0109762 0.0154271 0
      vertex -0.0111054 0.0154908 0
      vertex -0.0111054 0.0154908 -0.003
    endloop
  endfacet
  facet normal -0.402748 -0.915311 0
    outer loop
      vertex -0.0111054 0.0154908 -0.003
      vertex -0.0111054 0.0154908 0
      vertex -0.0112371 0.0155488 -0.003
    endloop
  endfacet
  facet normal -0.402748 -0.915311 0
    outer loop
      vertex -0.0111054 0.0154908 0
      vertex -0.0112371 0.0155488 0
      vertex -0.0112371 0.0155488 -0.003
    endloop
  endfacet
  facet normal -0.362437 -0.932008 0
    outer loop
      vertex -0.0112371 0.0155488 -0.003
      vertex -0.0112371 0.0155488 0
      vertex -0.0113713 0.015601 -0.003
    endloop
  endfacet
  facet normal -0.362437 -0.932008 0
    outer loop
      vertex -0.0112371 0.0155488 0
      vertex -0.0113713 0.015601 0
      vertex -0.0113713 0.015601 -0.003
    endloop
  endfacet
  facet normal -0.321437 -0.946931 0
    outer loop
      vertex -0.0113713 0.015601 -0.003
      vertex -0.0113713 0.015601 0
      vertex -0.0115077 0.0156473 -0.003
    endloop
  endfacet
  facet normal -0.321437 -0.946931 0
    outer loop
      vertex -0.0113713 0.015601 0
      vertex -0.0115077 0.0156473 0
      vertex -0.0115077 0.0156473 -0.003
    endloop
  endfacet
  facet normal -0.279828 -0.96005 0
    outer loop
      vertex -0.0115077 0.0156473 -0.003
      vertex -0.0115077 0.0156473 0
      vertex -0.0116459 0.0156876 -0.003
    endloop
  endfacet
  facet normal -0.279828 -0.96005 0
    outer loop
      vertex -0.0115077 0.0156473 0
      vertex -0.0116459 0.0156876 0
      vertex -0.0116459 0.0156876 -0.003
    endloop
  endfacet
  facet normal -0.237691 -0.971341 0
    outer loop
      vertex -0.0116459 0.0156876 -0.003
      vertex -0.0116459 0.0156876 0
      vertex -0.0117857 0.0157218 -0.003
    endloop
  endfacet
  facet normal -0.237691 -0.971341 0
    outer loop
      vertex -0.0116459 0.0156876 0
      vertex -0.0117857 0.0157218 0
      vertex -0.0117857 0.0157218 -0.003
    endloop
  endfacet
  facet normal -0.19509 -0.980785 0
    outer loop
      vertex -0.0117857 0.0157218 -0.003
      vertex -0.0117857 0.0157218 0
      vertex -0.011927 0.0157499 -0.003
    endloop
  endfacet
  facet normal -0.19509 -0.980785 0
    outer loop
      vertex -0.0117857 0.0157218 0
      vertex -0.011927 0.0157499 0
      vertex -0.011927 0.0157499 -0.003
    endloop
  endfacet
  facet normal -0.152114 -0.988363 0
    outer loop
      vertex -0.011927 0.0157499 -0.003
      vertex -0.011927 0.0157499 0
      vertex -0.0120693 0.0157718 -0.003
    endloop
  endfacet
  facet normal -0.152114 -0.988363 0
    outer loop
      vertex -0.011927 0.0157499 0
      vertex -0.0120693 0.0157718 0
      vertex -0.0120693 0.0157718 -0.003
    endloop
  endfacet
  facet normal -0.108877 -0.994055 0
    outer loop
      vertex -0.0120693 0.0157718 -0.003
      vertex -0.0120693 0.0157718 0
      vertex -0.0122124 0.0157874 -0.003
    endloop
  endfacet
  facet normal -0.108877 -0.994055 0
    outer loop
      vertex -0.0120693 0.0157718 0
      vertex -0.0122124 0.0157874 0
      vertex -0.0122124 0.0157874 -0.003
    endloop
  endfacet
  facet normal -0.0653967 -0.997859 0
    outer loop
      vertex -0.0122124 0.0157874 -0.003
      vertex -0.0122124 0.0157874 0
      vertex -0.0123561 0.0157969 -0.003
    endloop
  endfacet
  facet normal -0.0653967 -0.997859 0
    outer loop
      vertex -0.0122124 0.0157874 0
      vertex -0.0123561 0.0157969 0
      vertex -0.0123561 0.0157969 -0.003
    endloop
  endfacet
  facet normal -0.0218117 -0.999762 0
    outer loop
      vertex -0.0123561 0.0157969 -0.003
      vertex -0.0123561 0.0157969 0
      vertex -0.0125 0.0158 -0.003
    endloop
  endfacet
  facet normal -0.0218117 -0.999762 0
    outer loop
      vertex -0.0123561 0.0157969 0
      vertex -0.0125 0.0158 0
      vertex -0.0125 0.0158 -0.003
    endloop
  endfacet
  facet normal 0.0218119 -0.999762 0
    outer loop
      vertex -0.0125 0.0158 -0.003
      vertex -0.0125 0.0158 0
      vertex -0.0126439 0.0157969 -0.003
    endloop
  endfacet
  facet normal 0.0218119 -0.999762 0
    outer loop
      vertex -0.0125 0.0158 0
      vertex -0.0126439 0.0157969 0
      vertex -0.0126439 0.0157969 -0.003
    endloop
  endfacet
  facet normal 0.0653963 -0.997859 0
    outer loop
      vertex -0.0126439 0.0157969 -0.003
      vertex -0.0126439 0.0157969 0
      vertex -0.0127876 0.0157874 -0.003
    endloop
  endfacet
  facet normal 0.0653963 -0.997859 0
    outer loop
      vertex -0.0126439 0.0157969 0
      vertex -0.0127876 0.0157874 0
      vertex -0.0127876 0.0157874 -0.003
    endloop
  endfacet
  facet normal 0.108877 -0.994055 0
    outer loop
      vertex -0.0127876 0.0157874 -0.003
      vertex -0.0127876 0.0157874 0
      vertex -0.0129307 0.0157718 -0.003
    endloop
  endfacet
  facet normal 0.108877 -0.994055 0
    outer loop
      vertex -0.0127876 0.0157874 0
      vertex -0.0129307 0.0157718 0
      vertex -0.0129307 0.0157718 -0.003
    endloop
  endfacet
  facet normal 0.152114 -0.988363 0
    outer loop
      vertex -0.0129307 0.0157718 -0.003
      vertex -0.0129307 0.0157718 0
      vertex -0.013073 0.0157499 -0.003
    endloop
  endfacet
  facet normal 0.152114 -0.988363 0
    outer loop
      vertex -0.0129307 0.0157718 0
      vertex -0.013073 0.0157499 0
      vertex -0.013073 0.0157499 -0.003
    endloop
  endfacet
  facet normal 0.19509 -0.980785 0
    outer loop
      vertex -0.013073 0.0157499 -0.003
      vertex -0.013073 0.0157499 0
      vertex -0.0132143 0.0157218 -0.003
    endloop
  endfacet
  facet normal 0.19509 -0.980785 0
    outer loop
      vertex -0.013073 0.0157499 0
      vertex -0.0132143 0.0157218 0
      vertex -0.0132143 0.0157218 -0.003
    endloop
  endfacet
  facet normal 0.237691 -0.971341 0
    outer loop
      vertex -0.0132143 0.0157218 -0.003
      vertex -0.0132143 0.0157218 0
      vertex -0.0133541 0.0156876 -0.003
    endloop
  endfacet
  facet normal 0.237691 -0.971341 0
    outer loop
      vertex -0.0132143 0.0157218 0
      vertex -0.0133541 0.0156876 0
      vertex -0.0133541 0.0156876 -0.003
    endloop
  endfacet
  facet normal 0.279828 -0.96005 0
    outer loop
      vertex -0.0133541 0.0156876 -0.003
      vertex -0.0133541 0.0156876 0
      vertex -0.0134923 0.0156473 -0.003
    endloop
  endfacet
  facet normal 0.279828 -0.96005 0
    outer loop
      vertex -0.0133541 0.0156876 0
      vertex -0.0134923 0.0156473 0
      vertex -0.0134923 0.0156473 -0.003
    endloop
  endfacet
  facet normal 0.321439 -0.94693 0
    outer loop
      vertex -0.0134923 0.0156473 -0.003
      vertex -0.0134923 0.0156473 0
      vertex -0.0136287 0.015601 -0.003
    endloop
  endfacet
  facet normal 0.321439 -0.94693 0
    outer loop
      vertex -0.0134923 0.0156473 0
      vertex -0.0136287 0.015601 0
      vertex -0.0136287 0.015601 -0.003
    endloop
  endfacet
  facet normal 0.362437 -0.932008 0
    outer loop
      vertex -0.0136287 0.015601 -0.003
      vertex -0.0136287 0.015601 0
      vertex -0.0137629 0.0155488 -0.003
    endloop
  endfacet
  facet normal 0.362437 -0.932008 0
    outer loop
      vertex -0.0136287 0.015601 0
      vertex -0.0137629 0.0155488 0
      vertex -0.0137629 0.0155488 -0.003
    endloop
  endfacet
  facet normal 0.402748 -0.915311 0
    outer loop
      vertex -0.0137629 0.0155488 -0.003
      vertex -0.0137629 0.0155488 0
      vertex -0.0138946 0.0154908 -0.003
    endloop
  endfacet
  facet normal 0.402748 -0.915311 0
    outer loop
      vertex -0.0137629 0.0155488 0
      vertex -0.0138946 0.0154908 0
      vertex -0.0138946 0.0154908 -0.003
    endloop
  endfacet
  facet normal 0.442288 -0.896873 0
    outer loop
      vertex -0.0138946 0.0154908 -0.003
      vertex -0.0138946 0.0154908 0
      vertex -0.0140238 0.0154271 -0.003
    endloop
  endfacet
  facet normal 0.442288 -0.896873 0
    outer loop
      vertex -0.0138946 0.0154908 0
      vertex -0.0140238 0.0154271 0
      vertex -0.0140238 0.0154271 -0.003
    endloop
  endfacet
  facet normal 0.48099 -0.876726 0
    outer loop
      vertex -0.0140238 0.0154271 -0.003
      vertex -0.0140238 0.0154271 0
      vertex -0.01415 0.0153579 -0.003
    endloop
  endfacet
  facet normal 0.48099 -0.876726 0
    outer loop
      vertex -0.0140238 0.0154271 0
      vertex -0.01415 0.0153579 0
      vertex -0.01415 0.0153579 -0.003
    endloop
  endfacet
  facet normal 0.518775 -0.854911 0
    outer loop
      vertex -0.01415 0.0153579 -0.003
      vertex -0.01415 0.0153579 0
      vertex -0.0142731 0.0152832 -0.003
    endloop
  endfacet
  facet normal 0.518775 -0.854911 0
    outer loop
      vertex -0.01415 0.0153579 0
      vertex -0.0142731 0.0152832 0
      vertex -0.0142731 0.0152832 -0.003
    endloop
  endfacet
  facet normal 0.555566 -0.831473 0
    outer loop
      vertex -0.0142731 0.0152832 -0.003
      vertex -0.0142731 0.0152832 0
      vertex -0.0143928 0.0152032 -0.003
    endloop
  endfacet
  facet normal 0.555566 -0.831473 0
    outer loop
      vertex -0.0142731 0.0152832 0
      vertex -0.0143928 0.0152032 0
      vertex -0.0143928 0.0152032 -0.003
    endloop
  endfacet
  facet normal 0.591313 -0.806442 0
    outer loop
      vertex -0.0143928 0.0152032 -0.003
      vertex -0.0143928 0.0152032 0
      vertex -0.0145089 0.0151181 -0.003
    endloop
  endfacet
  facet normal 0.591313 -0.806442 0
    outer loop
      vertex -0.0143928 0.0152032 0
      vertex -0.0145089 0.0151181 0
      vertex -0.0145089 0.0151181 -0.003
    endloop
  endfacet
  facet normal 0.625922 -0.779885 0
    outer loop
      vertex -0.0145089 0.0151181 -0.003
      vertex -0.0145089 0.0151181 0
      vertex -0.0146212 0.0150279 -0.003
    endloop
  endfacet
  facet normal 0.625922 -0.779885 0
    outer loop
      vertex -0.0145089 0.0151181 0
      vertex -0.0146212 0.0150279 0
      vertex -0.0146212 0.0150279 -0.003
    endloop
  endfacet
  facet normal 0.659346 -0.751839 0
    outer loop
      vertex -0.0146212 0.0150279 -0.003
      vertex -0.0146212 0.0150279 0
      vertex -0.0147294 0.014933 -0.003
    endloop
  endfacet
  facet normal 0.659346 -0.751839 0
    outer loop
      vertex -0.0146212 0.0150279 0
      vertex -0.0147294 0.014933 0
      vertex -0.0147294 0.014933 -0.003
    endloop
  endfacet
  facet normal 0.691514 -0.722363 0
    outer loop
      vertex -0.0147294 0.014933 -0.003
      vertex -0.0147294 0.014933 0
      vertex -0.0148335 0.0148335 -0.003
    endloop
  endfacet
  facet normal 0.691514 -0.722363 0
    outer loop
      vertex -0.0147294 0.014933 0
      vertex -0.0148335 0.0148335 0
      vertex -0.0148335 0.0148335 -0.003
    endloop
  endfacet
  facet normal 0.722363 -0.691514 0
    outer loop
      vertex -0.0148335 0.0148335 -0.003
      vertex -0.0148335 0.0148335 0
      vertex -0.014933 0.0147294 -0.003
    endloop
  endfacet
  facet normal 0.722363 -0.691514 0
    outer loop
      vertex -0.0148335 0.0148335 0
      vertex -0.014933 0.0147294 0
      vertex -0.014933 0.0147294 -0.003
    endloop
  endfacet
  facet normal 0.751839 -0.659346 0
    outer loop
      vertex -0.014933 0.0147294 -0.003
      vertex -0.014933 0.0147294 0
      vertex -0.0150279 0.0146212 -0.003
    endloop
  endfacet
  facet normal 0.751839 -0.659346 0
    outer loop
      vertex -0.014933 0.0147294 0
      vertex -0.0150279 0.0146212 0
      vertex -0.0150279 0.0146212 -0.003
    endloop
  endfacet
  facet normal 0.779885 -0.625922 0
    outer loop
      vertex -0.0150279 0.0146212 -0.003
      vertex -0.0150279 0.0146212 0
      vertex -0.0151181 0.0145089 -0.003
    endloop
  endfacet
  facet normal 0.779885 -0.625922 0
    outer loop
      vertex -0.0150279 0.0146212 0
      vertex -0.0151181 0.0145089 0
      vertex -0.0151181 0.0145089 -0.003
    endloop
  endfacet
  facet normal 0.806442 -0.591313 0
    outer loop
      vertex -0.0151181 0.0145089 -0.003
      vertex -0.0151181 0.0145089 0
      vertex -0.0152032 0.0143928 -0.003
    endloop
  endfacet
  facet normal 0.806442 -0.591313 0
    outer loop
      vertex -0.0151181 0.0145089 0
      vertex -0.0152032 0.0143928 0
      vertex -0.0152032 0.0143928 -0.003
    endloop
  endfacet
  facet normal 0.831473 -0.555566 0
    outer loop
      vertex -0.0152032 0.0143928 -0.003
      vertex -0.0152032 0.0143928 0
      vertex -0.0152832 0.0142731 -0.003
    endloop
  endfacet
  facet normal 0.831473 -0.555566 0
    outer loop
      vertex -0.0152032 0.0143928 0
      vertex -0.0152832 0.0142731 0
      vertex -0.0152832 0.0142731 -0.003
    endloop
  endfacet
  facet normal 0.854911 -0.518775 0
    outer loop
      vertex -0.0152832 0.0142731 -0.003
      vertex -0.0152832 0.0142731 0
      vertex -0.0153579 0.01415 -0.003
    endloop
  endfacet
  facet normal 0.854911 -0.518775 0
    outer loop
      vertex -0.0152832 0.0142731 0
      vertex -0.0153579 0.01415 0
      vertex -0.0153579 0.01415 -0.003
    endloop
  endfacet
  facet normal 0.876726 -0.48099 0
    outer loop
      vertex -0.0153579 0.01415 -0.003
      vertex -0.0153579 0.01415 0
      vertex -0.0154271 0.0140238 -0.003
    endloop
  endfacet
  facet normal 0.876726 -0.48099 0
    outer loop
      vertex -0.0153579 0.01415 0
      vertex -0.0154271 0.0140238 0
      vertex -0.0154271 0.0140238 -0.003
    endloop
  endfacet
  facet normal 0.896873 -0.442288 0
    outer loop
      vertex -0.0154271 0.0140238 -0.003
      vertex -0.0154271 0.0140238 0
      vertex -0.0154908 0.0138946 -0.003
    endloop
  endfacet
  facet normal 0.896873 -0.442288 0
    outer loop
      vertex -0.0154271 0.0140238 0
      vertex -0.0154908 0.0138946 0
      vertex -0.0154908 0.0138946 -0.003
    endloop
  endfacet
  facet normal 0.915311 -0.402748 0
    outer loop
      vertex -0.0154908 0.0138946 -0.003
      vertex -0.0154908 0.0138946 0
      vertex -0.0155488 0.0137629 -0.003
    endloop
  endfacet
  facet normal 0.915311 -0.402748 0
    outer loop
      vertex -0.0154908 0.0138946 0
      vertex -0.0155488 0.0137629 0
      vertex -0.0155488 0.0137629 -0.003
    endloop
  endfacet
  facet normal 0.932008 -0.362437 0
    outer loop
      vertex -0.0155488 0.0137629 -0.003
      vertex -0.0155488 0.0137629 0
      vertex -0.015601 0.0136287 -0.003
    endloop
  endfacet
  facet normal 0.932008 -0.362437 0
    outer loop
      vertex -0.0155488 0.0137629 0
      vertex -0.015601 0.0136287 0
      vertex -0.015601 0.0136287 -0.003
    endloop
  endfacet
  facet normal 0.94693 -0.321439 0
    outer loop
      vertex -0.015601 0.0136287 -0.003
      vertex -0.015601 0.0136287 0
      vertex -0.0156473 0.0134923 -0.003
    endloop
  endfacet
  facet normal 0.94693 -0.321439 0
    outer loop
      vertex -0.015601 0.0136287 0
      vertex -0.0156473 0.0134923 0
      vertex -0.0156473 0.0134923 -0.003
    endloop
  endfacet
  facet normal 0.96005 -0.279828 0
    outer loop
      vertex -0.0156473 0.0134923 -0.003
      vertex -0.0156473 0.0134923 0
      vertex -0.0156876 0.0133541 -0.003
    endloop
  endfacet
  facet normal 0.96005 -0.279828 0
    outer loop
      vertex -0.0156473 0.0134923 0
      vertex -0.0156876 0.0133541 0
      vertex -0.0156876 0.0133541 -0.003
    endloop
  endfacet
  facet normal 0.971341 -0.237691 0
    outer loop
      vertex -0.0156876 0.0133541 -0.003
      vertex -0.0156876 0.0133541 0
      vertex -0.0157218 0.0132143 -0.003
    endloop
  endfacet
  facet normal 0.971341 -0.237691 0
    outer loop
      vertex -0.0156876 0.0133541 0
      vertex -0.0157218 0.0132143 0
      vertex -0.0157218 0.0132143 -0.003
    endloop
  endfacet
  facet normal 0.980785 -0.19509 0
    outer loop
      vertex -0.0157218 0.0132143 -0.003
      vertex -0.0157218 0.0132143 0
      vertex -0.0157499 0.013073 -0.003
    endloop
  endfacet
  facet normal 0.980785 -0.19509 0
    outer loop
      vertex -0.0157218 0.0132143 0
      vertex -0.0157499 0.013073 0
      vertex -0.0157499 0.013073 -0.003
    endloop
  endfacet
  facet normal 0.988363 -0.152114 0
    outer loop
      vertex -0.0157499 0.013073 -0.003
      vertex -0.0157499 0.013073 0
      vertex -0.0157718 0.0129307 -0.003
    endloop
  endfacet
  facet normal 0.988363 -0.152114 0
    outer loop
      vertex -0.0157499 0.013073 0
      vertex -0.0157718 0.0129307 0
      vertex -0.0157718 0.0129307 -0.003
    endloop
  endfacet
  facet normal 0.994055 -0.108877 0
    outer loop
      vertex -0.0157718 0.0129307 -0.003
      vertex -0.0157718 0.0129307 0
      vertex -0.0157874 0.0127876 -0.003
    endloop
  endfacet
  facet normal 0.994055 -0.108877 0
    outer loop
      vertex -0.0157718 0.0129307 0
      vertex -0.0157874 0.0127876 0
      vertex -0.0157874 0.0127876 -0.003
    endloop
  endfacet
  facet normal 0.997859 -0.0653963 0
    outer loop
      vertex -0.0157874 0.0127876 -0.003
      vertex -0.0157874 0.0127876 0
      vertex -0.0157969 0.0126439 -0.003
    endloop
  endfacet
  facet normal 0.997859 -0.0653963 0
    outer loop
      vertex -0.0157874 0.0127876 0
      vertex -0.0157969 0.0126439 0
      vertex -0.0157969 0.0126439 -0.003
    endloop
  endfacet
  facet normal 0.999762 -0.0218119 0
    outer loop
      vertex -0.0157969 0.0126439 -0.003
      vertex -0.0157969 0.0126439 0
      vertex -0.0158 0.0125 -0.003
    endloop
  endfacet
  facet normal 0.999762 -0.0218119 0
    outer loop
      vertex -0.0157969 0.0126439 0
      vertex -0.0158 0.0125 0
      vertex -0.0158 0.0125 -0.003
    endloop
  endfacet
  facet normal 0.999762 0.0218117 0
    outer loop
      vertex -0.0158 0.0125 -0.003
      vertex -0.0158 0.0125 0
      vertex -0.0157969 0.0123561 -0.003
    endloop
  endfacet
  facet normal 0.999762 0.0218117 0
    outer loop
      vertex -0.0158 0.0125 0
      vertex -0.0157969 0.0123561 0
      vertex -0.0157969 0.0123561 -0.003
    endloop
  endfacet
  facet normal 0.997859 0.0653967 0
    outer loop
      vertex -0.0157969 0.0123561 -0.003
      vertex -0.0157969 0.0123561 0
      vertex -0.0157874 0.0122124 -0.003
    endloop
  endfacet
  facet normal 0.997859 0.0653967 0
    outer loop
      vertex -0.0157969 0.0123561 0
      vertex -0.0157874 0.0122124 0
      vertex -0.0157874 0.0122124 -0.003
    endloop
  endfacet
  facet normal 0.994055 0.108877 0
    outer loop
      vertex -0.0157874 0.0122124 -0.003
      vertex -0.0157874 0.0122124 0
      vertex -0.0157718 0.0120693 -0.003
    endloop
  endfacet
  facet normal 0.994055 0.108877 0
    outer loop
      vertex -0.0157874 0.0122124 0
      vertex -0.0157718 0.0120693 0
      vertex -0.0157718 0.0120693 -0.003
    endloop
  endfacet
  facet normal 0.988363 0.152114 0
    outer loop
      vertex -0.0157718 0.0120693 -0.003
      vertex -0.0157718 0.0120693 0
      vertex -0.0157499 0.011927 -0.003
    endloop
  endfacet
  facet normal 0.988363 0.152114 0
    outer loop
      vertex -0.0157718 0.0120693 0
      vertex -0.0157499 0.011927 0
      vertex -0.0157499 0.011927 -0.003
    endloop
  endfacet
  facet normal 0.980785 0.19509 0
    outer loop
      vertex -0.0157499 0.011927 -0.003
      vertex -0.0157499 0.011927 0
      vertex -0.0157218 0.0117857 -0.003
    endloop
  endfacet
  facet normal 0.980785 0.19509 0
    outer loop
      vertex -0.0157499 0.011927 0
      vertex -0.0157218 0.0117857 0
      vertex -0.0157218 0.0117857 -0.003
    endloop
  endfacet
  facet normal 0.971341 0.237691 0
    outer loop
      vertex -0.0157218 0.0117857 -0.003
      vertex -0.0157218 0.0117857 0
      vertex -0.0156876 0.0116459 -0.003
    endloop
  endfacet
  facet normal 0.971341 0.237691 0
    outer loop
      vertex -0.0157218 0.0117857 0
      vertex -0.0156876 0.0116459 0
      vertex -0.0156876 0.0116459 -0.003
    endloop
  endfacet
  facet normal 0.96005 0.279828 0
    outer loop
      vertex -0.0156876 0.0116459 -0.003
      vertex -0.0156876 0.0116459 0
      vertex -0.0156473 0.0115077 -0.003
    endloop
  endfacet
  facet normal 0.96005 0.279828 0
    outer loop
      vertex -0.0156876 0.0116459 0
      vertex -0.0156473 0.0115077 0
      vertex -0.0156473 0.0115077 -0.003
    endloop
  endfacet
  facet normal 0.946931 0.321437 0
    outer loop
      vertex -0.0156473 0.0115077 -0.003
      vertex -0.0156473 0.0115077 0
      vertex -0.015601 0.0113713 -0.003
    endloop
  endfacet
  facet normal 0.946931 0.321437 0
    outer loop
      vertex -0.0156473 0.0115077 0
      vertex -0.015601 0.0113713 0
      vertex -0.015601 0.0113713 -0.003
    endloop
  endfacet
  facet normal 0.932008 0.362437 0
    outer loop
      vertex -0.015601 0.0113713 -0.003
      vertex -0.015601 0.0113713 0
      vertex -0.0155488 0.0112371 -0.003
    endloop
  endfacet
  facet normal 0.932008 0.362437 0
    outer loop
      vertex -0.015601 0.0113713 0
      vertex -0.0155488 0.0112371 0
      vertex -0.0155488 0.0112371 -0.003
    endloop
  endfacet
  facet normal 0.915311 0.402748 0
    outer loop
      vertex -0.0155488 0.0112371 -0.003
      vertex -0.0155488 0.0112371 0
      vertex -0.0154908 0.0111054 -0.003
    endloop
  endfacet
  facet normal 0.915311 0.402748 0
    outer loop
      vertex -0.0155488 0.0112371 0
      vertex -0.0154908 0.0111054 0
      vertex -0.0154908 0.0111054 -0.003
    endloop
  endfacet
  facet normal 0.896872 0.442291 0
    outer loop
      vertex -0.0154908 0.0111054 -0.003
      vertex -0.0154908 0.0111054 0
      vertex -0.0154271 0.0109762 -0.003
    endloop
  endfacet
  facet normal 0.896872 0.442291 0
    outer loop
      vertex -0.0154908 0.0111054 0
      vertex -0.0154271 0.0109762 0
      vertex -0.0154271 0.0109762 -0.003
    endloop
  endfacet
  facet normal 0.876726 0.48099 0
    outer loop
      vertex -0.0154271 0.0109762 -0.003
      vertex -0.0154271 0.0109762 0
      vertex -0.0153579 0.01085 -0.003
    endloop
  endfacet
  facet normal 0.876726 0.48099 0
    outer loop
      vertex -0.0154271 0.0109762 0
      vertex -0.0153579 0.01085 0
      vertex -0.0153579 0.01085 -0.003
    endloop
  endfacet
  facet normal 0.854913 0.518772 0
    outer loop
      vertex -0.0153579 0.01085 -0.003
      vertex -0.0153579 0.01085 0
      vertex -0.0152832 0.0107269 -0.003
    endloop
  endfacet
  facet normal 0.854913 0.518772 0
    outer loop
      vertex -0.0153579 0.01085 0
      vertex -0.0152832 0.0107269 0
      vertex -0.0152832 0.0107269 -0.003
    endloop
  endfacet
  facet normal 0.831471 0.555569 0
    outer loop
      vertex -0.0152832 0.0107269 -0.003
      vertex -0.0152832 0.0107269 0
      vertex -0.0152032 0.0106072 -0.003
    endloop
  endfacet
  facet normal 0.831471 0.555569 0
    outer loop
      vertex -0.0152832 0.0107269 0
      vertex -0.0152032 0.0106072 0
      vertex -0.0152032 0.0106072 -0.003
    endloop
  endfacet
  facet normal 0.806445 0.59131 0
    outer loop
      vertex -0.0152032 0.0106072 -0.003
      vertex -0.0152032 0.0106072 0
      vertex -0.0151181 0.0104911 -0.003
    endloop
  endfacet
  facet normal 0.806445 0.59131 0
    outer loop
      vertex -0.0152032 0.0106072 0
      vertex -0.0151181 0.0104911 0
      vertex -0.0151181 0.0104911 -0.003
    endloop
  endfacet
  facet normal 0.779883 0.625926 0
    outer loop
      vertex -0.0151181 0.0104911 -0.003
      vertex -0.0151181 0.0104911 0
      vertex -0.0150279 0.0103788 -0.003
    endloop
  endfacet
  facet normal 0.779883 0.625926 0
    outer loop
      vertex -0.0151181 0.0104911 0
      vertex -0.0150279 0.0103788 0
      vertex -0.0150279 0.0103788 -0.003
    endloop
  endfacet
  facet normal 0.751839 0.659346 0
    outer loop
      vertex -0.0150279 0.0103788 -0.003
      vertex -0.0150279 0.0103788 0
      vertex -0.014933 0.0102706 -0.003
    endloop
  endfacet
  facet normal 0.751839 0.659346 0
    outer loop
      vertex -0.0150279 0.0103788 0
      vertex -0.014933 0.0102706 0
      vertex -0.014933 0.0102706 -0.003
    endloop
  endfacet
  facet normal 0.722366 0.691511 0
    outer loop
      vertex -0.014933 0.0102706 -0.003
      vertex -0.014933 0.0102706 0
      vertex -0.0148335 0.0101665 -0.003
    endloop
  endfacet
  facet normal 0.722366 0.691511 0
    outer loop
      vertex -0.014933 0.0102706 0
      vertex -0.0148335 0.0101665 0
      vertex -0.0148335 0.0101665 -0.003
    endloop
  endfacet
  facet normal 0.691511 0.722366 0
    outer loop
      vertex -0.0148335 0.0101665 -0.003
      vertex -0.0148335 0.0101665 0
      vertex -0.0147294 0.010067 -0.003
    endloop
  endfacet
  facet normal 0.691511 0.722366 0
    outer loop
      vertex -0.0148335 0.0101665 0
      vertex -0.0147294 0.010067 0
      vertex -0.0147294 0.010067 -0.003
    endloop
  endfacet
  facet normal 0.659346 0.751839 0
    outer loop
      vertex -0.0147294 0.010067 -0.003
      vertex -0.0147294 0.010067 0
      vertex -0.0146212 0.00997205 -0.003
    endloop
  endfacet
  facet normal 0.659346 0.751839 0
    outer loop
      vertex -0.0147294 0.010067 0
      vertex -0.0146212 0.00997205 0
      vertex -0.0146212 0.00997205 -0.003
    endloop
  endfacet
  facet normal 0.625922 0.779885 0
    outer loop
      vertex -0.0146212 0.00997205 -0.003
      vertex -0.0146212 0.00997205 0
      vertex -0.0145089 0.00988193 -0.003
    endloop
  endfacet
  facet normal 0.625922 0.779885 0
    outer loop
      vertex -0.0146212 0.00997205 0
      vertex -0.0145089 0.00988193 0
      vertex -0.0145089 0.00988193 -0.003
    endloop
  endfacet
  facet normal 0.591313 0.806442 0
    outer loop
      vertex -0.0145089 0.00988193 -0.003
      vertex -0.0145089 0.00988193 0
      vertex -0.0143928 0.0097968 -0.003
    endloop
  endfacet
  facet normal 0.591313 0.806442 0
    outer loop
      vertex -0.0145089 0.00988193 0
      vertex -0.0143928 0.0097968 0
      vertex -0.0143928 0.0097968 -0.003
    endloop
  endfacet
  facet normal 0.55557 0.83147 0
    outer loop
      vertex -0.0143928 0.0097968 -0.003
      vertex -0.0143928 0.0097968 0
      vertex -0.0142731 0.00971681 -0.003
    endloop
  endfacet
  facet normal 0.55557 0.83147 0
    outer loop
      vertex -0.0143928 0.0097968 0
      vertex -0.0142731 0.00971681 0
      vertex -0.0142731 0.00971681 -0.003
    endloop
  endfacet
  facet normal 0.518775 0.854911 0
    outer loop
      vertex -0.0142731 0.00971681 -0.003
      vertex -0.0142731 0.00971681 0
      vertex -0.01415 0.00964212 -0.003
    endloop
  endfacet
  facet normal 0.518775 0.854911 0
    outer loop
      vertex -0.0142731 0.00971681 0
      vertex -0.01415 0.00964212 0
      vertex -0.01415 0.00964212 -0.003
    endloop
  endfacet
  facet normal 0.480985 0.876729 0
    outer loop
      vertex -0.01415 0.00964212 -0.003
      vertex -0.01415 0.00964212 0
      vertex -0.0140238 0.00957286 -0.003
    endloop
  endfacet
  facet normal 0.480985 0.876729 0
    outer loop
      vertex -0.01415 0.00964212 0
      vertex -0.0140238 0.00957286 0
      vertex -0.0140238 0.00957286 -0.003
    endloop
  endfacet
  facet normal 0.442288 0.896873 0
    outer loop
      vertex -0.0140238 0.00957286 -0.003
      vertex -0.0140238 0.00957286 0
      vertex -0.0138946 0.00950918 -0.003
    endloop
  endfacet
  facet normal 0.442288 0.896873 0
    outer loop
      vertex -0.0140238 0.00957286 0
      vertex -0.0138946 0.00950918 0
      vertex -0.0138946 0.00950918 -0.003
    endloop
  endfacet
  facet normal 0.402748 0.915311 0
    outer loop
      vertex -0.0138946 0.00950918 -0.003
      vertex -0.0138946 0.00950918 0
      vertex -0.0137629 0.0094512 -0.003
    endloop
  endfacet
  facet normal 0.402748 0.915311 0
    outer loop
      vertex -0.0138946 0.00950918 0
      vertex -0.0137629 0.0094512 0
      vertex -0.0137629 0.0094512 -0.003
    endloop
  endfacet
  facet normal 0.362437 0.932008 0
    outer loop
      vertex -0.0137629 0.0094512 -0.003
      vertex -0.0137629 0.0094512 0
      vertex -0.0136287 0.00939901 -0.003
    endloop
  endfacet
  facet normal 0.362437 0.932008 0
    outer loop
      vertex -0.0137629 0.0094512 0
      vertex -0.0136287 0.00939901 0
      vertex -0.0136287 0.00939901 -0.003
    endloop
  endfacet
  facet normal 0.321439 0.94693 0
    outer loop
      vertex -0.0136287 0.00939901 -0.003
      vertex -0.0136287 0.00939901 0
      vertex -0.0134923 0.00935273 -0.003
    endloop
  endfacet
  facet normal 0.321439 0.94693 0
    outer loop
      vertex -0.0136287 0.00939901 0
      vertex -0.0134923 0.00935273 0
      vertex -0.0134923 0.00935273 -0.003
    endloop
  endfacet
  facet normal 0.279834 0.960048 0
    outer loop
      vertex -0.0134923 0.00935273 -0.003
      vertex -0.0134923 0.00935273 0
      vertex -0.0133541 0.00931244 -0.003
    endloop
  endfacet
  facet normal 0.279834 0.960048 0
    outer loop
      vertex -0.0134923 0.00935273 0
      vertex -0.0133541 0.00931244 0
      vertex -0.0133541 0.00931244 -0.003
    endloop
  endfacet
  facet normal 0.237685 0.971342 0
    outer loop
      vertex -0.0133541 0.00931244 -0.003
      vertex -0.0133541 0.00931244 0
      vertex -0.0132143 0.00927822 -0.003
    endloop
  endfacet
  facet normal 0.237685 0.971342 0
    outer loop
      vertex -0.0133541 0.00931244 0
      vertex -0.0132143 0.00927822 0
      vertex -0.0132143 0.00927822 -0.003
    endloop
  endfacet
  facet normal 0.19509 0.980785 0
    outer loop
      vertex -0.0132143 0.00927822 -0.003
      vertex -0.0132143 0.00927822 0
      vertex -0.013073 0.00925013 -0.003
    endloop
  endfacet
  facet normal 0.19509 0.980785 0
    outer loop
      vertex -0.0132143 0.00927822 0
      vertex -0.013073 0.00925013 0
      vertex -0.013073 0.00925013 -0.003
    endloop
  endfacet
  facet normal 0.15212 0.988362 0
    outer loop
      vertex -0.013073 0.00925013 -0.003
      vertex -0.013073 0.00925013 0
      vertex -0.0129307 0.00922823 -0.003
    endloop
  endfacet
  facet normal 0.15212 0.988362 0
    outer loop
      vertex -0.013073 0.00925013 0
      vertex -0.0129307 0.00922823 0
      vertex -0.0129307 0.00922823 -0.003
    endloop
  endfacet
  facet normal 0.108871 0.994056 0
    outer loop
      vertex -0.0129307 0.00922823 -0.003
      vertex -0.0129307 0.00922823 0
      vertex -0.0127876 0.00921256 -0.003
    endloop
  endfacet
  facet normal 0.108871 0.994056 0
    outer loop
      vertex -0.0129307 0.00922823 0
      vertex -0.0127876 0.00921256 0
      vertex -0.0127876 0.00921256 -0.003
    endloop
  endfacet
  facet normal 0.0654027 0.997859 0
    outer loop
      vertex -0.0127876 0.00921256 -0.003
      vertex -0.0127876 0.00921256 0
      vertex -0.0126439 0.00920314 -0.003
    endloop
  endfacet
  facet normal 0.0654027 0.997859 0
    outer loop
      vertex -0.0127876 0.00921256 0
      vertex -0.0126439 0.00920314 0
      vertex -0.0126439 0.00920314 -0.003
    endloop
  endfacet
  facet normal 0.0218119 0.999762 0
    outer loop
      vertex -0.0126439 0.00920314 -0.003
      vertex -0.0126439 0.00920314 0
      vertex -0.0125 0.0092 -0.003
    endloop
  endfacet
  facet normal 0.0218119 0.999762 0
    outer loop
      vertex -0.0126439 0.00920314 0
      vertex -0.0125 0.0092 0
      vertex -0.0125 0.0092 -0.003
    endloop
  endfacet
  facet normal -0.0218117 0.999762 0
    outer loop
      vertex -0.0125 0.0092 -0.003
      vertex -0.0125 0.0092 0
      vertex -0.0123561 0.00920314 -0.003
    endloop
  endfacet
  facet normal -0.0218117 0.999762 0
    outer loop
      vertex -0.0125 0.0092 0
      vertex -0.0123561 0.00920314 0
      vertex -0.0123561 0.00920314 -0.003
    endloop
  endfacet
  facet normal -0.0654032 0.997859 0
    outer loop
      vertex -0.0123561 0.00920314 -0.003
      vertex -0.0123561 0.00920314 0
      vertex -0.0122124 0.00921256 -0.003
    endloop
  endfacet
  facet normal -0.0654032 0.997859 0
    outer loop
      vertex -0.0123561 0.00920314 0
      vertex -0.0122124 0.00921256 0
      vertex -0.0122124 0.00921256 -0.003
    endloop
  endfacet
  facet normal -0.108871 0.994056 0
    outer loop
      vertex -0.0122124 0.00921256 -0.003
      vertex -0.0122124 0.00921256 0
      vertex -0.0120693 0.00922823 -0.003
    endloop
  endfacet
  facet normal -0.108871 0.994056 0
    outer loop
      vertex -0.0122124 0.00921256 0
      vertex -0.0120693 0.00922823 0
      vertex -0.0120693 0.00922823 -0.003
    endloop
  endfacet
  facet normal -0.15212 0.988362 0
    outer loop
      vertex -0.0120693 0.00922823 -0.003
      vertex -0.0120693 0.00922823 0
      vertex -0.011927 0.00925013 -0.003
    endloop
  endfacet
  facet normal -0.15212 0.988362 0
    outer loop
      vertex -0.0120693 0.00922823 0
      vertex -0.011927 0.00925013 0
      vertex -0.011927 0.00925013 -0.003
    endloop
  endfacet
  facet normal -0.19509 0.980785 0
    outer loop
      vertex -0.011927 0.00925013 -0.003
      vertex -0.011927 0.00925013 0
      vertex -0.0117857 0.00927822 -0.003
    endloop
  endfacet
  facet normal -0.19509 0.980785 0
    outer loop
      vertex -0.011927 0.00925013 0
      vertex -0.0117857 0.00927822 0
      vertex -0.0117857 0.00927822 -0.003
    endloop
  endfacet
  facet normal -0.237685 0.971342 0
    outer loop
      vertex -0.0117857 0.00927822 -0.003
      vertex -0.0117857 0.00927822 0
      vertex -0.0116459 0.00931244 -0.003
    endloop
  endfacet
  facet normal -0.237685 0.971342 0
    outer loop
      vertex -0.0117857 0.00927822 0
      vertex -0.0116459 0.00931244 0
      vertex -0.0116459 0.00931244 -0.003
    endloop
  endfacet
  facet normal -0.279834 0.960048 0
    outer loop
      vertex -0.0116459 0.00931244 -0.003
      vertex -0.0116459 0.00931244 0
      vertex -0.0115077 0.00935273 -0.003
    endloop
  endfacet
  facet normal -0.279834 0.960048 0
    outer loop
      vertex -0.0116459 0.00931244 0
      vertex -0.0115077 0.00935273 0
      vertex -0.0115077 0.00935273 -0.003
    endloop
  endfacet
  facet normal -0.321437 0.946931 0
    outer loop
      vertex -0.0115077 0.00935273 -0.003
      vertex -0.0115077 0.00935273 0
      vertex -0.0113713 0.00939901 -0.003
    endloop
  endfacet
  facet normal -0.321437 0.946931 0
    outer loop
      vertex -0.0115077 0.00935273 0
      vertex -0.0113713 0.00939901 0
      vertex -0.0113713 0.00939901 -0.003
    endloop
  endfacet
  facet normal -0.362437 0.932008 0
    outer loop
      vertex -0.0113713 0.00939901 -0.003
      vertex -0.0113713 0.00939901 0
      vertex -0.0112371 0.0094512 -0.003
    endloop
  endfacet
  facet normal -0.362437 0.932008 0
    outer loop
      vertex -0.0113713 0.00939901 0
      vertex -0.0112371 0.0094512 0
      vertex -0.0112371 0.0094512 -0.003
    endloop
  endfacet
  facet normal -0.402748 0.915311 0
    outer loop
      vertex -0.0112371 0.0094512 -0.003
      vertex -0.0112371 0.0094512 0
      vertex -0.0111054 0.00950918 -0.003
    endloop
  endfacet
  facet normal -0.402748 0.915311 0
    outer loop
      vertex -0.0112371 0.0094512 0
      vertex -0.0111054 0.00950918 0
      vertex -0.0111054 0.00950918 -0.003
    endloop
  endfacet
  facet normal -0.442291 0.896872 0
    outer loop
      vertex -0.0111054 0.00950918 -0.003
      vertex -0.0111054 0.00950918 0
      vertex -0.0109762 0.00957286 -0.003
    endloop
  endfacet
  facet normal -0.442291 0.896872 0
    outer loop
      vertex -0.0111054 0.00950918 0
      vertex -0.0109762 0.00957286 0
      vertex -0.0109762 0.00957286 -0.003
    endloop
  endfacet
  facet normal -0.480985 0.876729 0
    outer loop
      vertex -0.0109762 0.00957286 -0.003
      vertex -0.0109762 0.00957286 0
      vertex -0.01085 0.00964212 -0.003
    endloop
  endfacet
  facet normal -0.480985 0.876729 0
    outer loop
      vertex -0.0109762 0.00957286 0
      vertex -0.01085 0.00964212 0
      vertex -0.01085 0.00964212 -0.003
    endloop
  endfacet
  facet normal -0.518772 0.854913 0
    outer loop
      vertex -0.01085 0.00964212 -0.003
      vertex -0.01085 0.00964212 0
      vertex -0.0107269 0.00971681 -0.003
    endloop
  endfacet
  facet normal -0.518772 0.854913 0
    outer loop
      vertex -0.01085 0.00964212 0
      vertex -0.0107269 0.00971681 0
      vertex -0.0107269 0.00971681 -0.003
    endloop
  endfacet
  facet normal -0.555573 0.831468 0
    outer loop
      vertex -0.0107269 0.00971681 -0.003
      vertex -0.0107269 0.00971681 0
      vertex -0.0106072 0.0097968 -0.003
    endloop
  endfacet
  facet normal -0.555573 0.831468 0
    outer loop
      vertex -0.0107269 0.00971681 0
      vertex -0.0106072 0.0097968 0
      vertex -0.0106072 0.0097968 -0.003
    endloop
  endfacet
  facet normal -0.59131 0.806445 0
    outer loop
      vertex -0.0106072 0.0097968 -0.003
      vertex -0.0106072 0.0097968 0
      vertex -0.0104911 0.00988193 -0.003
    endloop
  endfacet
  facet normal -0.59131 0.806445 0
    outer loop
      vertex -0.0106072 0.0097968 0
      vertex -0.0104911 0.00988193 0
      vertex -0.0104911 0.00988193 -0.003
    endloop
  endfacet
  facet normal -0.625926 0.779883 0
    outer loop
      vertex -0.0104911 0.00988193 -0.003
      vertex -0.0104911 0.00988193 0
      vertex -0.0103788 0.00997205 -0.003
    endloop
  endfacet
  facet normal -0.625926 0.779883 0
    outer loop
      vertex -0.0104911 0.00988193 0
      vertex -0.0103788 0.00997205 0
      vertex -0.0103788 0.00997205 -0.003
    endloop
  endfacet
  facet normal -0.659346 0.751839 0
    outer loop
      vertex -0.0103788 0.00997205 -0.003
      vertex -0.0103788 0.00997205 0
      vertex -0.0102706 0.010067 -0.003
    endloop
  endfacet
  facet normal -0.659346 0.751839 0
    outer loop
      vertex -0.0103788 0.00997205 0
      vertex -0.0102706 0.010067 0
      vertex -0.0102706 0.010067 -0.003
    endloop
  endfacet
  facet normal -0.691508 0.722369 0
    outer loop
      vertex -0.0102706 0.010067 -0.003
      vertex -0.0102706 0.010067 0
      vertex -0.0101665 0.0101665 -0.003
    endloop
  endfacet
  facet normal -0.691508 0.722369 0
    outer loop
      vertex -0.0102706 0.010067 0
      vertex -0.0101665 0.0101665 0
      vertex -0.0101665 0.0101665 -0.003
    endloop
  endfacet
  facet normal -0.722369 0.691508 0
    outer loop
      vertex -0.0101665 0.0101665 -0.003
      vertex -0.0101665 0.0101665 0
      vertex -0.010067 0.0102706 -0.003
    endloop
  endfacet
  facet normal -0.722369 0.691508 0
    outer loop
      vertex -0.0101665 0.0101665 0
      vertex -0.010067 0.0102706 0
      vertex -0.010067 0.0102706 -0.003
    endloop
  endfacet
  facet normal -0.751839 0.659346 0
    outer loop
      vertex -0.010067 0.0102706 -0.003
      vertex -0.010067 0.0102706 0
      vertex -0.00997205 0.0103788 -0.003
    endloop
  endfacet
  facet normal -0.751839 0.659346 0
    outer loop
      vertex -0.010067 0.0102706 0
      vertex -0.00997205 0.0103788 0
      vertex -0.00997205 0.0103788 -0.003
    endloop
  endfacet
  facet normal -0.779883 0.625926 0
    outer loop
      vertex -0.00997205 0.0103788 -0.003
      vertex -0.00997205 0.0103788 0
      vertex -0.00988193 0.0104911 -0.003
    endloop
  endfacet
  facet normal -0.779883 0.625926 0
    outer loop
      vertex -0.00997205 0.0103788 0
      vertex -0.00988193 0.0104911 0
      vertex -0.00988193 0.0104911 -0.003
    endloop
  endfacet
  facet normal -0.806445 0.59131 0
    outer loop
      vertex -0.00988193 0.0104911 -0.003
      vertex -0.00988193 0.0104911 0
      vertex -0.0097968 0.0106072 -0.003
    endloop
  endfacet
  facet normal -0.806445 0.59131 0
    outer loop
      vertex -0.00988193 0.0104911 0
      vertex -0.0097968 0.0106072 0
      vertex -0.0097968 0.0106072 -0.003
    endloop
  endfacet
  facet normal -0.831468 0.555573 0
    outer loop
      vertex -0.0097968 0.0106072 -0.003
      vertex -0.0097968 0.0106072 0
      vertex -0.00971681 0.0107269 -0.003
    endloop
  endfacet
  facet normal -0.831468 0.555573 0
    outer loop
      vertex -0.0097968 0.0106072 0
      vertex -0.00971681 0.0107269 0
      vertex -0.00971681 0.0107269 -0.003
    endloop
  endfacet
  facet normal -0.854913 0.518772 0
    outer loop
      vertex -0.00971681 0.0107269 -0.003
      vertex -0.00971681 0.0107269 0
      vertex -0.00964212 0.01085 -0.003
    endloop
  endfacet
  facet normal -0.854913 0.518772 0
    outer loop
      vertex -0.00971681 0.0107269 0
      vertex -0.00964212 0.01085 0
      vertex -0.00964212 0.01085 -0.003
    endloop
  endfacet
  facet normal -0.876729 0.480985 0
    outer loop
      vertex -0.00964212 0.01085 -0.003
      vertex -0.00964212 0.01085 0
      vertex -0.00957286 0.0109762 -0.003
    endloop
  endfacet
  facet normal -0.876729 0.480985 0
    outer loop
      vertex -0.00964212 0.01085 0
      vertex -0.00957286 0.0109762 0
      vertex -0.00957286 0.0109762 -0.003
    endloop
  endfacet
  facet normal -0.896872 0.442291 0
    outer loop
      vertex -0.00957286 0.0109762 -0.003
      vertex -0.00957286 0.0109762 0
      vertex -0.00950918 0.0111054 -0.003
    endloop
  endfacet
  facet normal -0.896872 0.442291 0
    outer loop
      vertex -0.00957286 0.0109762 0
      vertex -0.00950918 0.0111054 0
      vertex -0.00950918 0.0111054 -0.003
    endloop
  endfacet
  facet normal -0.915311 0.402748 0
    outer loop
      vertex -0.00950918 0.0111054 -0.003
      vertex -0.00950918 0.0111054 0
      vertex -0.0094512 0.0112371 -0.003
    endloop
  endfacet
  facet normal -0.915311 0.402748 0
    outer loop
      vertex -0.00950918 0.0111054 0
      vertex -0.0094512 0.0112371 0
      vertex -0.0094512 0.0112371 -0.003
    endloop
  endfacet
  facet normal -0.932008 0.362437 0
    outer loop
      vertex -0.0094512 0.0112371 -0.003
      vertex -0.0094512 0.0112371 0
      vertex -0.00939901 0.0113713 -0.003
    endloop
  endfacet
  facet normal -0.932008 0.362437 0
    outer loop
      vertex -0.0094512 0.0112371 0
      vertex -0.00939901 0.0113713 0
      vertex -0.00939901 0.0113713 -0.003
    endloop
  endfacet
  facet normal -0.946931 0.321437 0
    outer loop
      vertex -0.00939901 0.0113713 -0.003
      vertex -0.00939901 0.0113713 0
      vertex -0.00935273 0.0115077 -0.003
    endloop
  endfacet
  facet normal -0.946931 0.321437 0
    outer loop
      vertex -0.00939901 0.0113713 0
      vertex -0.00935273 0.0115077 0
      vertex -0.00935273 0.0115077 -0.003
    endloop
  endfacet
  facet normal -0.960048 0.279834 0
    outer loop
      vertex -0.00935273 0.0115077 -0.003
      vertex -0.00935273 0.0115077 0
      vertex -0.00931244 0.0116459 -0.003
    endloop
  endfacet
  facet normal -0.960048 0.279834 0
    outer loop
      vertex -0.00935273 0.0115077 0
      vertex -0.00931244 0.0116459 0
      vertex -0.00931244 0.0116459 -0.003
    endloop
  endfacet
  facet normal -0.971342 0.237685 0
    outer loop
      vertex -0.00931244 0.0116459 -0.003
      vertex -0.00931244 0.0116459 0
      vertex -0.00927822 0.0117857 -0.003
    endloop
  endfacet
  facet normal -0.971342 0.237685 0
    outer loop
      vertex -0.00931244 0.0116459 0
      vertex -0.00927822 0.0117857 0
      vertex -0.00927822 0.0117857 -0.003
    endloop
  endfacet
  facet normal -0.980785 0.19509 0
    outer loop
      vertex -0.00927822 0.0117857 -0.003
      vertex -0.00927822 0.0117857 0
      vertex -0.00925013 0.011927 -0.003
    endloop
  endfacet
  facet normal -0.980785 0.19509 0
    outer loop
      vertex -0.00927822 0.0117857 0
      vertex -0.00925013 0.011927 0
      vertex -0.00925013 0.011927 -0.003
    endloop
  endfacet
  facet normal -0.988362 0.15212 0
    outer loop
      vertex -0.00925013 0.011927 -0.003
      vertex -0.00925013 0.011927 0
      vertex -0.00922823 0.0120693 -0.003
    endloop
  endfacet
  facet normal -0.988362 0.15212 0
    outer loop
      vertex -0.00925013 0.011927 0
      vertex -0.00922823 0.0120693 0
      vertex -0.00922823 0.0120693 -0.003
    endloop
  endfacet
  facet normal -0.994056 0.108871 0
    outer loop
      vertex -0.00922823 0.0120693 -0.003
      vertex -0.00922823 0.0120693 0
      vertex -0.00921256 0.0122124 -0.003
    endloop
  endfacet
  facet normal -0.994056 0.108871 0
    outer loop
      vertex -0.00922823 0.0120693 0
      vertex -0.00921256 0.0122124 0
      vertex -0.00921256 0.0122124 -0.003
    endloop
  endfacet
  facet normal -0.997859 0.0654032 0
    outer loop
      vertex -0.00921256 0.0122124 -0.003
      vertex -0.00921256 0.0122124 0
      vertex -0.00920314 0.0123561 -0.003
    endloop
  endfacet
  facet normal -0.997859 0.0654032 0
    outer loop
      vertex -0.00921256 0.0122124 0
      vertex -0.00920314 0.0123561 0
      vertex -0.00920314 0.0123561 -0.003
    endloop
  endfacet
  facet normal -0.999762 0.0218117 0
    outer loop
      vertex -0.00920314 0.0123561 -0.003
      vertex -0.00920314 0.0123561 0
      vertex -0.0092 0.0125 -0.003
    endloop
  endfacet
  facet normal -0.999762 0.0218117 0
    outer loop
      vertex -0.00920314 0.0123561 0
      vertex -0.0092 0.0125 0
      vertex -0.0092 0.0125 -0.003
    endloop
  endfacet
endsolid Mesh
